id,type,section,module,reviewed,reviewer_batch,findings_count
aud-exam-day,review-doc,AUD,,n,G-AUD,0
aud-high-yield,review-doc,AUD,,n,G-AUD,0
aud-mnemonics,review-doc,AUD,,n,G-AUD,0
aud-report-guide,review-doc,AUD,,n,G-AUD,0
gloss:AUD:Assertion,glossary,AUD,aud-evidence-assertions,n,G-AUD,0
gloss:AUD:Audit risk,glossary,AUD,aud-risk-materiality,n,G-AUD,0
gloss:AUD:Clearly trivial,glossary,AUD,aud-risk-materiality,n,G-AUD,0
gloss:AUD:Complementary user entity controls,glossary,AUD,aud-using-others,n,G-AUD,0
gloss:AUD:Control risk,glossary,AUD,aud-risk-materiality,n,G-AUD,0
gloss:AUD:Covered member,glossary,AUD,aud-code-of-conduct,n,G-AUD,0
gloss:AUD:Critical audit matter (CAM),glossary,AUD,aud-report-paragraphs,n,G-AUD,0
gloss:AUD:Detection risk,glossary,AUD,aud-risk-materiality,n,G-AUD,0
gloss:AUD:Disclaimer of opinion,glossary,AUD,aud-modified-opinions,n,G-AUD,0
gloss:AUD:Dual dating,glossary,AUD,aud-subsequent-events,n,G-AUD,0
gloss:AUD:Emphasis-of-matter paragraph,glossary,AUD,aud-report-paragraphs,n,G-AUD,0
gloss:AUD:Engagement quality review,glossary,AUD,aud-quality-management,n,G-AUD,0
gloss:AUD:Inherent risk,glossary,AUD,aud-risk-materiality,n,G-AUD,0
gloss:AUD:Key audit matter (KAM),glossary,AUD,aud-report-paragraphs,n,G-AUD,0
gloss:AUD:Kiting,glossary,AUD,aud-cash-investments,n,G-AUD,0
gloss:AUD:Lapping,glossary,AUD,aud-revenue-receivables,n,G-AUD,0
gloss:AUD:Material weakness,glossary,AUD,aud-internal-control,n,G-AUD,0
gloss:AUD:Monetary unit sampling (MUS),glossary,AUD,aud-sampling,n,G-AUD,0
gloss:AUD:Other-matter paragraph,glossary,AUD,aud-report-paragraphs,n,G-AUD,0
gloss:AUD:Performance materiality,glossary,AUD,aud-risk-materiality,n,G-AUD,0
gloss:AUD:Pervasive,glossary,AUD,aud-modified-opinions,n,G-AUD,0
gloss:AUD:Professional skepticism,glossary,AUD,aud-professional-standards,n,G-AUD,0
gloss:AUD:Reasonable assurance,glossary,AUD,aud-professional-standards,n,G-AUD,0
gloss:AUD:Risk of material misstatement (RMM),glossary,AUD,aud-risk-materiality,n,G-AUD,0
gloss:AUD:Significant deficiency,glossary,AUD,aud-internal-control,n,G-AUD,0
gloss:AUD:Significant risk,glossary,AUD,aud-understanding-entity,n,G-AUD,0
gloss:AUD:SOC 1 report,glossary,AUD,aud-attestation,n,G-AUD,0
gloss:AUD:Special purpose framework,glossary,AUD,aud-special-reports,n,G-AUD,0
gloss:AUD:Subsequently discovered facts,glossary,AUD,aud-subsequent-events,n,G-AUD,0
gloss:AUD:Tainting,glossary,AUD,aud-sampling,n,G-AUD,0
gloss:AUD:Those charged with governance (TCWG),glossary,AUD,aud-communications,n,G-AUD,0
gloss:AUD:Walkthrough,glossary,AUD,aud-internal-control,n,G-AUD,0
far-exam-day,review-doc,FAR,,n,G-FAR,0
far-formulas,review-doc,FAR,,n,G-FAR,0
far-high-yield,review-doc,FAR,,n,G-FAR,0
far-mnemonics,review-doc,FAR,,n,G-FAR,0
gloss:FAR:Available-for-sale (AFS) security,glossary,FAR,far-debt-securities,n,G-FAR,0
gloss:FAR:Assurance-type warranty,glossary,FAR,far-revenue-contracts,n,G-FAR,0
gloss:FAR:Available (modified accrual),glossary,FAR,far-government,n,G-FAR,0
gloss:FAR:Basic EPS,glossary,FAR,far-eps,n,G-FAR,0
gloss:FAR:Commercial substance,glossary,FAR,far-depreciation,n,G-FAR,0
gloss:FAR:Component of an entity,glossary,FAR,far-income-statement-oci,n,G-FAR,0
gloss:FAR:Contingency,glossary,FAR,far-contingencies,n,G-FAR,0
gloss:FAR:Contract liability,glossary,FAR,far-revenue-measurement,n,G-FAR,0
gloss:FAR:Credit loss (CECL),glossary,FAR,far-receivables,n,G-FAR,0
gloss:FAR:Deferred tax asset (DTA),glossary,FAR,far-income-taxes,n,G-FAR,0
gloss:FAR:Deferred tax liability (DTL),glossary,FAR,far-income-taxes,n,G-FAR,0
gloss:FAR:Diluted EPS,glossary,FAR,far-eps,n,G-FAR,0
gloss:FAR:Discontinued operation,glossary,FAR,far-income-statement-oci,n,G-FAR,0
gloss:FAR:Effective interest method,glossary,FAR,far-bonds,n,G-FAR,0
gloss:FAR:Equity method,glossary,FAR,far-equity-investments,n,G-FAR,0
gloss:FAR:Fair value,glossary,FAR,far-fair-value,n,G-FAR,0
gloss:FAR:Finance lease,glossary,FAR,far-leases-finance,n,G-FAR,0
gloss:FAR:Goodwill,glossary,FAR,far-intangibles,n,G-FAR,0
gloss:FAR:Held-to-maturity (HTM),glossary,FAR,far-debt-securities,n,G-FAR,0
gloss:FAR:Level 1 input,glossary,FAR,far-fair-value,n,G-FAR,0
gloss:FAR:Level 3 input,glossary,FAR,far-fair-value,n,G-FAR,0
gloss:FAR:Modified accrual,glossary,FAR,far-government,n,G-FAR,0
gloss:FAR:Net assets with donor restrictions,glossary,FAR,far-nfp-statements,n,G-FAR,0
gloss:FAR:Net realizable value (NRV),glossary,FAR,far-inventory-valuation,n,G-FAR,0
gloss:FAR:Noncontrolling interest (NCI),glossary,FAR,far-consolidations,n,G-FAR,0
gloss:FAR:Operating lease,glossary,FAR,far-leases-operating,n,G-FAR,0
gloss:FAR:Other comprehensive income (OCI),glossary,FAR,far-income-statement-oci,n,G-FAR,0
gloss:FAR:Performance obligation,glossary,FAR,far-revenue-contracts,n,G-FAR,0
gloss:FAR:Prior-period adjustment,glossary,FAR,far-accounting-changes,n,G-FAR,0
gloss:FAR:Recognized subsequent event,glossary,FAR,far-subsequent-events,n,G-FAR,0
gloss:FAR:Related party,glossary,FAR,far-notes-disclosures,n,G-FAR,0
gloss:FAR:Reportable segment,glossary,FAR,far-sec-segments,n,G-FAR,0
gloss:FAR:Right-of-use (ROU) asset,glossary,FAR,far-leases-finance,n,G-FAR,0
gloss:FAR:Standalone selling price (SSP),glossary,FAR,far-revenue-measurement,n,G-FAR,0
gloss:FAR:Temporary difference,glossary,FAR,far-income-taxes,n,G-FAR,0
gloss:FAR:Treasury stock,glossary,FAR,far-equity,n,G-FAR,0
gloss:FAR:Valuation allowance,glossary,FAR,far-income-taxes,n,G-FAR,0
gloss:FAR:Variable consideration,glossary,FAR,far-revenue-measurement,n,G-FAR,0
reg-exam-day,review-doc,REG,,n,G-REG,0
reg-formulas,review-doc,REG,,n,G-REG,0
reg-mnemonics,review-doc,REG,,n,G-REG,0
reg-numbers,review-doc,REG,,n,G-REG,0
gloss:REG:Adjusted gross income (AGI),glossary,REG,reg-adjustments,n,G-REG,0
gloss:REG:Accumulated adjustments account (AAA),glossary,REG,reg-s-corporations,n,G-REG,0
gloss:REG:Alternative minimum tax (AMT),glossary,REG,reg-amt-other-taxes,n,G-REG,0
gloss:REG:Apparent authority,glossary,REG,reg-agency,n,G-REG,0
gloss:REG:Boot,glossary,REG,reg-nontaxable-exchanges,n,G-REG,0
gloss:REG:Circular 230,glossary,REG,reg-circular-230,n,G-REG,0
gloss:REG:Constructive dividend,glossary,REG,reg-corp-distributions,n,G-REG,0
gloss:REG:Constructive receipt,glossary,REG,reg-gross-income,n,G-REG,0
gloss:REG:Distributable net income (DNI),glossary,REG,reg-trusts-exempt,n,G-REG,0
gloss:REG:Dividends-received deduction (DRD),glossary,REG,reg-c-corp-income,n,G-REG,0
gloss:REG:Earnings and profits (E&P),glossary,REG,reg-corp-distributions,n,G-REG,0
gloss:REG:Guaranteed payment,glossary,REG,reg-partnerships,n,G-REG,0
gloss:REG:Head of household,glossary,REG,reg-filing-status,n,G-REG,0
gloss:REG:Like-kind exchange (§1031),glossary,REG,reg-nontaxable-exchanges,n,G-REG,0
gloss:REG:Mailbox rule,glossary,REG,reg-contracts,n,G-REG,0
gloss:REG:Outside basis,glossary,REG,reg-partnerships,n,G-REG,0
gloss:REG:Passive activity,glossary,REG,reg-business-rental-income,n,G-REG,0
gloss:REG:Perfection,glossary,REG,reg-debtor-creditor,n,G-REG,0
gloss:REG:Preferential transfer,glossary,REG,reg-debtor-creditor,n,G-REG,0
gloss:REG:Qualified business income (QBI) deduction,glossary,REG,reg-itemized-deductions,n,G-REG,0
gloss:REG:Qualifying child,glossary,REG,reg-filing-status,n,G-REG,0
gloss:REG:Qualifying relative,glossary,REG,reg-filing-status,n,G-REG,0
gloss:REG:Recapture (§1245),glossary,REG,reg-capital-gains,n,G-REG,0
gloss:REG:Section 1231 property,glossary,REG,reg-capital-gains,n,G-REG,0
gloss:REG:Section 351,glossary,REG,reg-corp-formation-liquidation,n,G-REG,0
gloss:REG:Statute of frauds,glossary,REG,reg-contracts,n,G-REG,0
gloss:REG:Statutory notice of deficiency,glossary,REG,reg-irs-procedures,n,G-REG,0
gloss:REG:Substantial authority,glossary,REG,reg-preparer-penalties,n,G-REG,0
gloss:REG:Substantially disproportionate redemption,glossary,REG,reg-corp-formation-liquidation,n,G-REG,0
gloss:REG:Unrecaptured §1250 gain,glossary,REG,reg-capital-gains,n,G-REG,0
gloss:REG:Unrelated business taxable income (UBTI),glossary,REG,reg-trusts-exempt,n,G-REG,0
gloss:REG:Wash sale,glossary,REG,reg-property-basis,n,G-REG,0
gloss:REG:Mid-quarter convention,glossary,REG,reg-cost-recovery,n,G-REG,0
tcp-exam-day,review-doc,TCP,,n,G-TCP,0
tcp-formulas,review-doc,TCP,,n,G-TCP,0
tcp-mnemonics,review-doc,TCP,,n,G-TCP,0
tcp-numbers,review-doc,TCP,,n,G-TCP,0
gloss:TCP:Accumulated adjustments account (AAA),glossary,TCP,tcp-s-corp-compliance,n,G-TCP,0
gloss:TCP:Active participation,glossary,TCP,tcp-passive-rental,n,G-TCP,0
gloss:TCP:Additional Medicare tax,glossary,TCP,tcp-individual-planning,n,G-TCP,0
gloss:TCP:Affiliated group,glossary,TCP,tcp-consolidated-returns,n,G-TCP,0
gloss:TCP:Allocation (state tax),glossary,TCP,tcp-multistate,n,G-TCP,0
gloss:TCP:Apportionment,glossary,TCP,tcp-multistate,n,G-TCP,0
gloss:TCP:At-risk amount,glossary,TCP,tcp-passive-rental,n,G-TCP,0
gloss:TCP:Basic exclusion amount,glossary,TCP,tcp-gift-tax,n,G-TCP,0
gloss:TCP:Built-in gains tax,glossary,TCP,tcp-s-corp-compliance,n,G-TCP,0
gloss:TCP:Check-the-box,glossary,TCP,tcp-entity-choice,n,G-TCP,0
gloss:TCP:Crummey power,glossary,TCP,tcp-gift-tax,n,G-TCP,0
gloss:TCP:Distributable net income (DNI),glossary,TCP,tcp-trusts-estates,n,G-TCP,0
gloss:TCP:Economic nexus,glossary,TCP,tcp-multistate,n,G-TCP,0
gloss:TCP:Excess benefit transaction,glossary,TCP,tcp-exempt-organizations,n,G-TCP,0
gloss:TCP:Grantor trust,glossary,TCP,tcp-trusts-estates,n,G-TCP,0
gloss:TCP:Gross profit percentage,glossary,TCP,tcp-deferral-transactions,n,G-TCP,0
gloss:TCP:Guaranteed payment,glossary,TCP,tcp-partnership-operations,n,G-TCP,0
gloss:TCP:Hot assets (§751),glossary,TCP,tcp-partnership-distributions,n,G-TCP,0
gloss:TCP:Incentive stock option (ISO),glossary,TCP,tcp-stock-compensation,n,G-TCP,0
gloss:TCP:Intercompany transaction,glossary,TCP,tcp-consolidated-returns,n,G-TCP,0
gloss:TCP:Net investment income tax (NIIT),glossary,TCP,tcp-individual-planning,n,G-TCP,0
gloss:TCP:Nonqualified stock option (NQSO),glossary,TCP,tcp-stock-compensation,n,G-TCP,0
gloss:TCP:P.L. 86-272,glossary,TCP,tcp-multistate,n,G-TCP,0
gloss:TCP:Personal holding company,glossary,TCP,tcp-c-corp-compliance,n,G-TCP,0
gloss:TCP:Qualified charitable distribution (QCD),glossary,TCP,tcp-individual-planning,n,G-TCP,0
gloss:TCP:Schedule M-1,glossary,TCP,tcp-c-corp-compliance,n,G-TCP,0
gloss:TCP:Section 1231 property,glossary,TCP,tcp-asset-dispositions,n,G-TCP,0
gloss:TCP:Section 1244 stock,glossary,TCP,tcp-formation-liquidation,n,G-TCP,0
gloss:TCP:Section 351,glossary,TCP,tcp-formation-liquidation,n,G-TCP,0
gloss:TCP:Section 754 election,glossary,TCP,tcp-partnership-distributions,n,G-TCP,0
gloss:TCP:Section 83(b) election,glossary,TCP,tcp-stock-compensation,n,G-TCP,0
gloss:TCP:Substantial economic effect,glossary,TCP,tcp-partnership-operations,n,G-TCP,0
gloss:TCP:Throwback rule,glossary,TCP,tcp-multistate,n,G-TCP,0
gloss:TCP:Unrecaptured §1250 gain,glossary,TCP,tcp-asset-dispositions,n,G-TCP,0
gloss:TCP:Unrelated business taxable income (UBTI),glossary,TCP,tcp-exempt-organizations,n,G-TCP,0
aud-attestation,lesson,AUD,aud-attestation,n,M-aud-attestation,0
aud-at-pre1,mcq-lesson,AUD,aud-attestation,n,M-aud-attestation,0
aud-at-chk1,mcq-lesson,AUD,aud-attestation,n,M-aud-attestation,0
aud-at-chk2,mcq-lesson,AUD,aud-attestation,n,M-aud-attestation,0
aud-at-01,mcq-practice,AUD,aud-attestation,n,M-aud-attestation,0
aud-at-02,mcq-practice,AUD,aud-attestation,n,M-aud-attestation,0
aud-at-03,mcq-practice,AUD,aud-attestation,n,M-aud-attestation,0
aud-at-04,mcq-practice,AUD,aud-attestation,n,M-aud-attestation,0
aud-at-05,mcq-practice,AUD,aud-attestation,n,M-aud-attestation,0
aud-at-06,mcq-practice,AUD,aud-attestation,n,M-aud-attestation,0
aud-at-07,mcq-practice,AUD,aud-attestation,n,M-aud-attestation,0
aud-at-08,mcq-practice,AUD,aud-attestation,n,M-aud-attestation,0
aud-at-09,mcq-practice,AUD,aud-attestation,n,M-aud-attestation,0
aud-at-10,mcq-practice,AUD,aud-attestation,n,M-aud-attestation,0
aud-at-11,mcq-practice,AUD,aud-attestation,n,M-aud-attestation,0
aud-at-12,mcq-practice,AUD,aud-attestation,n,M-aud-attestation,0
aud-at-13,mcq-practice,AUD,aud-attestation,n,M-aud-attestation,0
aud-at-14,mcq-practice,AUD,aud-attestation,n,M-aud-attestation,0
aud-at-15,mcq-practice,AUD,aud-attestation,n,M-aud-attestation,0
aud-at-16,mcq-practice,AUD,aud-attestation,n,M-aud-attestation,0
aud-at-17,mcq-practice,AUD,aud-attestation,n,M-aud-attestation,0
aud-at-18,mcq-practice,AUD,aud-attestation,n,M-aud-attestation,0
aud-at-19,mcq-practice,AUD,aud-attestation,n,M-aud-attestation,0
aud-at-20,mcq-practice,AUD,aud-attestation,n,M-aud-attestation,0
aud-at-21,mcq-practice,AUD,aud-attestation,n,M-aud-attestation,0
aud-at-22,mcq-practice,AUD,aud-attestation,n,M-aud-attestation,0
aud-at-23,mcq-practice,AUD,aud-attestation,n,M-aud-attestation,0
aud-at-24,mcq-practice,AUD,aud-attestation,n,M-aud-attestation,0
aud-at-25,mcq-practice,AUD,aud-attestation,n,M-aud-attestation,0
aud-at-26,mcq-practice,AUD,aud-attestation,n,M-aud-attestation,0
aud-at-27,mcq-practice,AUD,aud-attestation,n,M-aud-attestation,0
aud-x4-10,mcq-exam,AUD,aud-attestation,n,M-aud-attestation,0
aud-x4-22,mcq-exam,AUD,aud-attestation,n,M-aud-attestation,0
aud-at-f1,flashcard,AUD,aud-attestation,n,M-aud-attestation,0
aud-at-f2,flashcard,AUD,aud-attestation,n,M-aud-attestation,0
aud-at-f3,flashcard,AUD,aud-attestation,n,M-aud-attestation,0
aud-at-f4,flashcard,AUD,aud-attestation,n,M-aud-attestation,0
aud-at-f5,flashcard,AUD,aud-attestation,n,M-aud-attestation,0
aud-at-f6,flashcard,AUD,aud-attestation,n,M-aud-attestation,0
aud-tbs-u10-attestation,tbs-practice,AUD,aud-attestation,n,M-aud-attestation,0
aud-cash-investments,lesson,AUD,aud-cash-investments,n,M-aud-cash-investments,0
aud-cash-pre1,mcq-lesson,AUD,aud-cash-investments,n,M-aud-cash-investments,0
aud-cash-chk1,mcq-lesson,AUD,aud-cash-investments,n,M-aud-cash-investments,0
aud-cash-chk2,mcq-lesson,AUD,aud-cash-investments,n,M-aud-cash-investments,0
aud-cash-01,mcq-practice,AUD,aud-cash-investments,n,M-aud-cash-investments,0
aud-cash-02,mcq-practice,AUD,aud-cash-investments,n,M-aud-cash-investments,0
aud-cash-03,mcq-practice,AUD,aud-cash-investments,n,M-aud-cash-investments,0
aud-cash-04,mcq-practice,AUD,aud-cash-investments,n,M-aud-cash-investments,0
aud-cash-05,mcq-practice,AUD,aud-cash-investments,n,M-aud-cash-investments,0
aud-cash-06,mcq-practice,AUD,aud-cash-investments,n,M-aud-cash-investments,0
aud-cash-07,mcq-practice,AUD,aud-cash-investments,n,M-aud-cash-investments,0
aud-cash-08,mcq-practice,AUD,aud-cash-investments,n,M-aud-cash-investments,0
aud-cash-09,mcq-practice,AUD,aud-cash-investments,n,M-aud-cash-investments,0
aud-cash-10,mcq-practice,AUD,aud-cash-investments,n,M-aud-cash-investments,0
aud-cash-11,mcq-practice,AUD,aud-cash-investments,n,M-aud-cash-investments,0
aud-cash-12,mcq-practice,AUD,aud-cash-investments,n,M-aud-cash-investments,0
aud-cash-13,mcq-practice,AUD,aud-cash-investments,n,M-aud-cash-investments,0
aud-cash-14,mcq-practice,AUD,aud-cash-investments,n,M-aud-cash-investments,0
aud-cash-15,mcq-practice,AUD,aud-cash-investments,n,M-aud-cash-investments,0
aud-cash-16,mcq-practice,AUD,aud-cash-investments,n,M-aud-cash-investments,0
aud-cash-17,mcq-practice,AUD,aud-cash-investments,n,M-aud-cash-investments,0
aud-cash-18,mcq-practice,AUD,aud-cash-investments,n,M-aud-cash-investments,0
aud-cash-19,mcq-practice,AUD,aud-cash-investments,n,M-aud-cash-investments,0
aud-cash-20,mcq-practice,AUD,aud-cash-investments,n,M-aud-cash-investments,0
aud-cash-21,mcq-practice,AUD,aud-cash-investments,n,M-aud-cash-investments,0
aud-cash-22,mcq-practice,AUD,aud-cash-investments,n,M-aud-cash-investments,0
aud-cash-23,mcq-practice,AUD,aud-cash-investments,n,M-aud-cash-investments,0
aud-cash-24,mcq-practice,AUD,aud-cash-investments,n,M-aud-cash-investments,0
aud-cash-25,mcq-practice,AUD,aud-cash-investments,n,M-aud-cash-investments,0
aud-cash-26,mcq-practice,AUD,aud-cash-investments,n,M-aud-cash-investments,0
aud-cash-27,mcq-practice,AUD,aud-cash-investments,n,M-aud-cash-investments,0
aud-x3-17,mcq-exam,AUD,aud-cash-investments,n,M-aud-cash-investments,0
aud-x3-18,mcq-exam,AUD,aud-cash-investments,n,M-aud-cash-investments,0
aud-x3-37,mcq-exam,AUD,aud-cash-investments,n,M-aud-cash-investments,0
aud-x3-48,mcq-exam,AUD,aud-cash-investments,n,M-aud-cash-investments,0
aud-cash-f1,flashcard,AUD,aud-cash-investments,n,M-aud-cash-investments,0
aud-cash-f2,flashcard,AUD,aud-cash-investments,n,M-aud-cash-investments,0
aud-cash-f3,flashcard,AUD,aud-cash-investments,n,M-aud-cash-investments,0
aud-cash-f4,flashcard,AUD,aud-cash-investments,n,M-aud-cash-investments,0
aud-cash-f5,flashcard,AUD,aud-cash-investments,n,M-aud-cash-investments,0
aud-cash-f6,flashcard,AUD,aud-cash-investments,n,M-aud-cash-investments,0
aud-tbs-r3-bank-rec,tbs-practice,AUD,aud-cash-investments,n,M-aud-cash-investments,0
aud-tbs-u7-cash-liabilities,tbs-practice,AUD,aud-cash-investments,n,M-aud-cash-investments,0
aud-code-of-conduct,lesson,AUD,aud-code-of-conduct,n,M-aud-code-of-conduct,0
aud-coc-pre1,mcq-lesson,AUD,aud-code-of-conduct,n,M-aud-code-of-conduct,0
aud-coc-chk1,mcq-lesson,AUD,aud-code-of-conduct,n,M-aud-code-of-conduct,0
aud-coc-chk2,mcq-lesson,AUD,aud-code-of-conduct,n,M-aud-code-of-conduct,0
aud-coc-01,mcq-practice,AUD,aud-code-of-conduct,n,M-aud-code-of-conduct,0
aud-coc-02,mcq-practice,AUD,aud-code-of-conduct,n,M-aud-code-of-conduct,0
aud-coc-03,mcq-practice,AUD,aud-code-of-conduct,n,M-aud-code-of-conduct,0
aud-coc-04,mcq-practice,AUD,aud-code-of-conduct,n,M-aud-code-of-conduct,0
aud-coc-05,mcq-practice,AUD,aud-code-of-conduct,n,M-aud-code-of-conduct,0
aud-coc-06,mcq-practice,AUD,aud-code-of-conduct,n,M-aud-code-of-conduct,0
aud-coc-07,mcq-practice,AUD,aud-code-of-conduct,n,M-aud-code-of-conduct,0
aud-coc-08,mcq-practice,AUD,aud-code-of-conduct,n,M-aud-code-of-conduct,0
aud-coc-09,mcq-practice,AUD,aud-code-of-conduct,n,M-aud-code-of-conduct,0
aud-coc-10,mcq-practice,AUD,aud-code-of-conduct,n,M-aud-code-of-conduct,0
aud-coc-11,mcq-practice,AUD,aud-code-of-conduct,n,M-aud-code-of-conduct,0
aud-coc-12,mcq-practice,AUD,aud-code-of-conduct,n,M-aud-code-of-conduct,0
aud-coc-13,mcq-practice,AUD,aud-code-of-conduct,n,M-aud-code-of-conduct,0
aud-coc-14,mcq-practice,AUD,aud-code-of-conduct,n,M-aud-code-of-conduct,0
aud-coc-15,mcq-practice,AUD,aud-code-of-conduct,n,M-aud-code-of-conduct,0
aud-coc-16,mcq-practice,AUD,aud-code-of-conduct,n,M-aud-code-of-conduct,0
aud-coc-17,mcq-practice,AUD,aud-code-of-conduct,n,M-aud-code-of-conduct,0
aud-coc-18,mcq-practice,AUD,aud-code-of-conduct,n,M-aud-code-of-conduct,0
aud-coc-19,mcq-practice,AUD,aud-code-of-conduct,n,M-aud-code-of-conduct,0
aud-coc-20,mcq-practice,AUD,aud-code-of-conduct,n,M-aud-code-of-conduct,0
aud-coc-21,mcq-practice,AUD,aud-code-of-conduct,n,M-aud-code-of-conduct,0
aud-coc-22,mcq-practice,AUD,aud-code-of-conduct,n,M-aud-code-of-conduct,0
aud-coc-23,mcq-practice,AUD,aud-code-of-conduct,n,M-aud-code-of-conduct,0
aud-coc-24,mcq-practice,AUD,aud-code-of-conduct,n,M-aud-code-of-conduct,0
aud-coc-25,mcq-practice,AUD,aud-code-of-conduct,n,M-aud-code-of-conduct,0
aud-coc-26,mcq-practice,AUD,aud-code-of-conduct,n,M-aud-code-of-conduct,0
aud-coc-27,mcq-practice,AUD,aud-code-of-conduct,n,M-aud-code-of-conduct,0
aud-x1-01,mcq-exam,AUD,aud-code-of-conduct,n,M-aud-code-of-conduct,0
aud-x1-02,mcq-exam,AUD,aud-code-of-conduct,n,M-aud-code-of-conduct,0
aud-x1-03,mcq-exam,AUD,aud-code-of-conduct,n,M-aud-code-of-conduct,0
aud-x1-04,mcq-exam,AUD,aud-code-of-conduct,n,M-aud-code-of-conduct,0
aud-x1-05,mcq-exam,AUD,aud-code-of-conduct,n,M-aud-code-of-conduct,0
aud-x1-17,mcq-exam,AUD,aud-code-of-conduct,n,M-aud-code-of-conduct,0
aud-x1-18,mcq-exam,AUD,aud-code-of-conduct,n,M-aud-code-of-conduct,0
aud-x1-25,mcq-exam,AUD,aud-code-of-conduct,n,M-aud-code-of-conduct,0
aud-x1-26,mcq-exam,AUD,aud-code-of-conduct,n,M-aud-code-of-conduct,0
aud-coc-f1,flashcard,AUD,aud-code-of-conduct,n,M-aud-code-of-conduct,0
aud-coc-f2,flashcard,AUD,aud-code-of-conduct,n,M-aud-code-of-conduct,0
aud-coc-f3,flashcard,AUD,aud-code-of-conduct,n,M-aud-code-of-conduct,0
aud-coc-f4,flashcard,AUD,aud-code-of-conduct,n,M-aud-code-of-conduct,0
aud-coc-f5,flashcard,AUD,aud-code-of-conduct,n,M-aud-code-of-conduct,0
aud-coc-f6,flashcard,AUD,aud-code-of-conduct,n,M-aud-code-of-conduct,0
aud-coc-f7,flashcard,AUD,aud-code-of-conduct,n,M-aud-code-of-conduct,0
aud-tbs-r3-conduct-rules,tbs-practice,AUD,aud-code-of-conduct,n,M-aud-code-of-conduct,0
aud-tbs-r3-nonattest,tbs-practice,AUD,aud-code-of-conduct,n,M-aud-code-of-conduct,0
aud-tbs-u1-independence,tbs-practice,AUD,aud-code-of-conduct,n,M-aud-code-of-conduct,0
aud-tbs-x1-independence,tbs-exam,AUD,aud-code-of-conduct,n,M-aud-code-of-conduct,0
aud-communications,lesson,AUD,aud-communications,n,M-aud-communications,0
aud-cm-pre1,mcq-lesson,AUD,aud-communications,n,M-aud-communications,0
aud-cm-chk1,mcq-lesson,AUD,aud-communications,n,M-aud-communications,0
aud-cm-chk2,mcq-lesson,AUD,aud-communications,n,M-aud-communications,0
aud-cm-01,mcq-practice,AUD,aud-communications,n,M-aud-communications,0
aud-cm-02,mcq-practice,AUD,aud-communications,n,M-aud-communications,0
aud-cm-03,mcq-practice,AUD,aud-communications,n,M-aud-communications,0
aud-cm-04,mcq-practice,AUD,aud-communications,n,M-aud-communications,0
aud-cm-05,mcq-practice,AUD,aud-communications,n,M-aud-communications,0
aud-cm-06,mcq-practice,AUD,aud-communications,n,M-aud-communications,0
aud-cm-07,mcq-practice,AUD,aud-communications,n,M-aud-communications,0
aud-cm-08,mcq-practice,AUD,aud-communications,n,M-aud-communications,0
aud-cm-09,mcq-practice,AUD,aud-communications,n,M-aud-communications,0
aud-cm-10,mcq-practice,AUD,aud-communications,n,M-aud-communications,0
aud-cm-11,mcq-practice,AUD,aud-communications,n,M-aud-communications,0
aud-cm-12,mcq-practice,AUD,aud-communications,n,M-aud-communications,0
aud-cm-13,mcq-practice,AUD,aud-communications,n,M-aud-communications,0
aud-cm-14,mcq-practice,AUD,aud-communications,n,M-aud-communications,0
aud-cm-15,mcq-practice,AUD,aud-communications,n,M-aud-communications,0
aud-cm-16,mcq-practice,AUD,aud-communications,n,M-aud-communications,0
aud-cm-17,mcq-practice,AUD,aud-communications,n,M-aud-communications,0
aud-cm-18,mcq-practice,AUD,aud-communications,n,M-aud-communications,0
aud-cm-19,mcq-practice,AUD,aud-communications,n,M-aud-communications,0
aud-cm-20,mcq-practice,AUD,aud-communications,n,M-aud-communications,0
aud-cm-21,mcq-practice,AUD,aud-communications,n,M-aud-communications,0
aud-cm-22,mcq-practice,AUD,aud-communications,n,M-aud-communications,0
aud-cm-23,mcq-practice,AUD,aud-communications,n,M-aud-communications,0
aud-cm-24,mcq-practice,AUD,aud-communications,n,M-aud-communications,0
aud-cm-25,mcq-practice,AUD,aud-communications,n,M-aud-communications,0
aud-cm-26,mcq-practice,AUD,aud-communications,n,M-aud-communications,0
aud-cm-27,mcq-practice,AUD,aud-communications,n,M-aud-communications,0
aud-x4-08,mcq-exam,AUD,aud-communications,n,M-aud-communications,0
aud-x4-16,mcq-exam,AUD,aud-communications,n,M-aud-communications,0
aud-cm-f1,flashcard,AUD,aud-communications,n,M-aud-communications,0
aud-cm-f2,flashcard,AUD,aud-communications,n,M-aud-communications,0
aud-cm-f3,flashcard,AUD,aud-communications,n,M-aud-communications,0
aud-cm-f4,flashcard,AUD,aud-communications,n,M-aud-communications,0
aud-cm-f5,flashcard,AUD,aud-communications,n,M-aud-communications,0
aud-cm-f6,flashcard,AUD,aud-communications,n,M-aud-communications,0
aud-tbs-r3-tcwg-letter,tbs-practice,AUD,aud-communications,n,M-aud-communications,0
aud-data-analytics,lesson,AUD,aud-data-analytics,n,M-aud-data-analytics,0
aud-da-pre1,mcq-lesson,AUD,aud-data-analytics,n,M-aud-data-analytics,0
aud-da-chk1,mcq-lesson,AUD,aud-data-analytics,n,M-aud-data-analytics,0
aud-da-chk2,mcq-lesson,AUD,aud-data-analytics,n,M-aud-data-analytics,0
aud-da-01,mcq-practice,AUD,aud-data-analytics,n,M-aud-data-analytics,0
aud-da-02,mcq-practice,AUD,aud-data-analytics,n,M-aud-data-analytics,0
aud-da-03,mcq-practice,AUD,aud-data-analytics,n,M-aud-data-analytics,0
aud-da-04,mcq-practice,AUD,aud-data-analytics,n,M-aud-data-analytics,0
aud-da-05,mcq-practice,AUD,aud-data-analytics,n,M-aud-data-analytics,0
aud-da-06,mcq-practice,AUD,aud-data-analytics,n,M-aud-data-analytics,0
aud-da-07,mcq-practice,AUD,aud-data-analytics,n,M-aud-data-analytics,0
aud-da-08,mcq-practice,AUD,aud-data-analytics,n,M-aud-data-analytics,0
aud-da-09,mcq-practice,AUD,aud-data-analytics,n,M-aud-data-analytics,0
aud-da-10,mcq-practice,AUD,aud-data-analytics,n,M-aud-data-analytics,0
aud-da-11,mcq-practice,AUD,aud-data-analytics,n,M-aud-data-analytics,0
aud-da-12,mcq-practice,AUD,aud-data-analytics,n,M-aud-data-analytics,0
aud-da-13,mcq-practice,AUD,aud-data-analytics,n,M-aud-data-analytics,0
aud-da-14,mcq-practice,AUD,aud-data-analytics,n,M-aud-data-analytics,0
aud-da-15,mcq-practice,AUD,aud-data-analytics,n,M-aud-data-analytics,0
aud-da-16,mcq-practice,AUD,aud-data-analytics,n,M-aud-data-analytics,0
aud-da-17,mcq-practice,AUD,aud-data-analytics,n,M-aud-data-analytics,0
aud-da-18,mcq-practice,AUD,aud-data-analytics,n,M-aud-data-analytics,0
aud-da-19,mcq-practice,AUD,aud-data-analytics,n,M-aud-data-analytics,0
aud-da-20,mcq-practice,AUD,aud-data-analytics,n,M-aud-data-analytics,0
aud-da-21,mcq-practice,AUD,aud-data-analytics,n,M-aud-data-analytics,0
aud-da-22,mcq-practice,AUD,aud-data-analytics,n,M-aud-data-analytics,0
aud-da-23,mcq-practice,AUD,aud-data-analytics,n,M-aud-data-analytics,0
aud-da-24,mcq-practice,AUD,aud-data-analytics,n,M-aud-data-analytics,0
aud-da-25,mcq-practice,AUD,aud-data-analytics,n,M-aud-data-analytics,0
aud-da-26,mcq-practice,AUD,aud-data-analytics,n,M-aud-data-analytics,0
aud-da-27,mcq-practice,AUD,aud-data-analytics,n,M-aud-data-analytics,0
aud-x3-09,mcq-exam,AUD,aud-data-analytics,n,M-aud-data-analytics,0
aud-x3-10,mcq-exam,AUD,aud-data-analytics,n,M-aud-data-analytics,0
aud-x3-32,mcq-exam,AUD,aud-data-analytics,n,M-aud-data-analytics,0
aud-x3-45,mcq-exam,AUD,aud-data-analytics,n,M-aud-data-analytics,0
aud-da-f1,flashcard,AUD,aud-data-analytics,n,M-aud-data-analytics,0
aud-da-f2,flashcard,AUD,aud-data-analytics,n,M-aud-data-analytics,0
aud-da-f3,flashcard,AUD,aud-data-analytics,n,M-aud-data-analytics,0
aud-da-f4,flashcard,AUD,aud-data-analytics,n,M-aud-data-analytics,0
aud-da-f5,flashcard,AUD,aud-data-analytics,n,M-aud-data-analytics,0
aud-da-f6,flashcard,AUD,aud-data-analytics,n,M-aud-data-analytics,0
aud-tbs-r3-journal-entries,tbs-practice,AUD,aud-data-analytics,n,M-aud-data-analytics,0
aud-tbs-u6-ada-review,tbs-practice,AUD,aud-data-analytics,n,M-aud-data-analytics,0
aud-tbs-u6-analytics-evaluation,tbs-practice,AUD,aud-data-analytics,n,M-aud-data-analytics,0
aud-engagement-acceptance,lesson,AUD,aud-engagement-acceptance,n,M-aud-engagement-acceptance,0
aud-ea-pre1,mcq-lesson,AUD,aud-engagement-acceptance,n,M-aud-engagement-acceptance,0
aud-ea-chk1,mcq-lesson,AUD,aud-engagement-acceptance,n,M-aud-engagement-acceptance,0
aud-ea-chk2,mcq-lesson,AUD,aud-engagement-acceptance,n,M-aud-engagement-acceptance,0
aud-ea-01,mcq-practice,AUD,aud-engagement-acceptance,n,M-aud-engagement-acceptance,0
aud-ea-02,mcq-practice,AUD,aud-engagement-acceptance,n,M-aud-engagement-acceptance,0
aud-ea-03,mcq-practice,AUD,aud-engagement-acceptance,n,M-aud-engagement-acceptance,0
aud-ea-04,mcq-practice,AUD,aud-engagement-acceptance,n,M-aud-engagement-acceptance,0
aud-ea-05,mcq-practice,AUD,aud-engagement-acceptance,n,M-aud-engagement-acceptance,0
aud-ea-06,mcq-practice,AUD,aud-engagement-acceptance,n,M-aud-engagement-acceptance,0
aud-ea-07,mcq-practice,AUD,aud-engagement-acceptance,n,M-aud-engagement-acceptance,0
aud-ea-08,mcq-practice,AUD,aud-engagement-acceptance,n,M-aud-engagement-acceptance,0
aud-ea-09,mcq-practice,AUD,aud-engagement-acceptance,n,M-aud-engagement-acceptance,0
aud-ea-10,mcq-practice,AUD,aud-engagement-acceptance,n,M-aud-engagement-acceptance,0
aud-ea-11,mcq-practice,AUD,aud-engagement-acceptance,n,M-aud-engagement-acceptance,0
aud-ea-12,mcq-practice,AUD,aud-engagement-acceptance,n,M-aud-engagement-acceptance,0
aud-ea-13,mcq-practice,AUD,aud-engagement-acceptance,n,M-aud-engagement-acceptance,0
aud-ea-14,mcq-practice,AUD,aud-engagement-acceptance,n,M-aud-engagement-acceptance,0
aud-ea-15,mcq-practice,AUD,aud-engagement-acceptance,n,M-aud-engagement-acceptance,0
aud-ea-16,mcq-practice,AUD,aud-engagement-acceptance,n,M-aud-engagement-acceptance,0
aud-ea-17,mcq-practice,AUD,aud-engagement-acceptance,n,M-aud-engagement-acceptance,0
aud-ea-18,mcq-practice,AUD,aud-engagement-acceptance,n,M-aud-engagement-acceptance,0
aud-ea-19,mcq-practice,AUD,aud-engagement-acceptance,n,M-aud-engagement-acceptance,0
aud-ea-20,mcq-practice,AUD,aud-engagement-acceptance,n,M-aud-engagement-acceptance,0
aud-ea-21,mcq-practice,AUD,aud-engagement-acceptance,n,M-aud-engagement-acceptance,0
aud-ea-22,mcq-practice,AUD,aud-engagement-acceptance,n,M-aud-engagement-acceptance,0
aud-ea-23,mcq-practice,AUD,aud-engagement-acceptance,n,M-aud-engagement-acceptance,0
aud-ea-24,mcq-practice,AUD,aud-engagement-acceptance,n,M-aud-engagement-acceptance,0
aud-ea-25,mcq-practice,AUD,aud-engagement-acceptance,n,M-aud-engagement-acceptance,0
aud-ea-26,mcq-practice,AUD,aud-engagement-acceptance,n,M-aud-engagement-acceptance,0
aud-ea-27,mcq-practice,AUD,aud-engagement-acceptance,n,M-aud-engagement-acceptance,0
aud-x1-15,mcq-exam,AUD,aud-engagement-acceptance,n,M-aud-engagement-acceptance,0
aud-x1-16,mcq-exam,AUD,aud-engagement-acceptance,n,M-aud-engagement-acceptance,0
aud-x1-23,mcq-exam,AUD,aud-engagement-acceptance,n,M-aud-engagement-acceptance,0
aud-x1-24,mcq-exam,AUD,aud-engagement-acceptance,n,M-aud-engagement-acceptance,0
aud-x1-31,mcq-exam,AUD,aud-engagement-acceptance,n,M-aud-engagement-acceptance,0
aud-ea-f1,flashcard,AUD,aud-engagement-acceptance,n,M-aud-engagement-acceptance,0
aud-ea-f2,flashcard,AUD,aud-engagement-acceptance,n,M-aud-engagement-acceptance,0
aud-ea-f3,flashcard,AUD,aud-engagement-acceptance,n,M-aud-engagement-acceptance,0
aud-ea-f4,flashcard,AUD,aud-engagement-acceptance,n,M-aud-engagement-acceptance,0
aud-ea-f5,flashcard,AUD,aud-engagement-acceptance,n,M-aud-engagement-acceptance,0
aud-ea-f6,flashcard,AUD,aud-engagement-acceptance,n,M-aud-engagement-acceptance,0
aud-tbs-r3-predecessor,tbs-practice,AUD,aud-engagement-acceptance,n,M-aud-engagement-acceptance,0
aud-tbs-u2-engagement-letter,tbs-practice,AUD,aud-engagement-acceptance,n,M-aud-engagement-acceptance,0
aud-tbs-x11-acceptance-quality,tbs-exam,AUD,aud-engagement-acceptance,n,M-aud-engagement-acceptance,0
aud-evidence-assertions,lesson,AUD,aud-evidence-assertions,n,M-aud-evidence-assertions,0
aud-ev-pre1,mcq-lesson,AUD,aud-evidence-assertions,n,M-aud-evidence-assertions,0
aud-ev-chk1,mcq-lesson,AUD,aud-evidence-assertions,n,M-aud-evidence-assertions,0
aud-ev-chk2,mcq-lesson,AUD,aud-evidence-assertions,n,M-aud-evidence-assertions,0
aud-ev-01,mcq-practice,AUD,aud-evidence-assertions,n,M-aud-evidence-assertions,0
aud-ev-02,mcq-practice,AUD,aud-evidence-assertions,n,M-aud-evidence-assertions,0
aud-ev-03,mcq-practice,AUD,aud-evidence-assertions,n,M-aud-evidence-assertions,0
aud-ev-04,mcq-practice,AUD,aud-evidence-assertions,n,M-aud-evidence-assertions,0
aud-ev-05,mcq-practice,AUD,aud-evidence-assertions,n,M-aud-evidence-assertions,0
aud-ev-06,mcq-practice,AUD,aud-evidence-assertions,n,M-aud-evidence-assertions,0
aud-ev-07,mcq-practice,AUD,aud-evidence-assertions,n,M-aud-evidence-assertions,0
aud-ev-08,mcq-practice,AUD,aud-evidence-assertions,n,M-aud-evidence-assertions,0
aud-ev-09,mcq-practice,AUD,aud-evidence-assertions,n,M-aud-evidence-assertions,0
aud-ev-10,mcq-practice,AUD,aud-evidence-assertions,n,M-aud-evidence-assertions,0
aud-ev-11,mcq-practice,AUD,aud-evidence-assertions,n,M-aud-evidence-assertions,0
aud-ev-12,mcq-practice,AUD,aud-evidence-assertions,n,M-aud-evidence-assertions,0
aud-ev-13,mcq-practice,AUD,aud-evidence-assertions,n,M-aud-evidence-assertions,0
aud-ev-14,mcq-practice,AUD,aud-evidence-assertions,n,M-aud-evidence-assertions,0
aud-ev-15,mcq-practice,AUD,aud-evidence-assertions,n,M-aud-evidence-assertions,0
aud-ev-16,mcq-practice,AUD,aud-evidence-assertions,n,M-aud-evidence-assertions,0
aud-ev-17,mcq-practice,AUD,aud-evidence-assertions,n,M-aud-evidence-assertions,0
aud-ev-18,mcq-practice,AUD,aud-evidence-assertions,n,M-aud-evidence-assertions,0
aud-ev-19,mcq-practice,AUD,aud-evidence-assertions,n,M-aud-evidence-assertions,0
aud-ev-20,mcq-practice,AUD,aud-evidence-assertions,n,M-aud-evidence-assertions,0
aud-ev-21,mcq-practice,AUD,aud-evidence-assertions,n,M-aud-evidence-assertions,0
aud-ev-22,mcq-practice,AUD,aud-evidence-assertions,n,M-aud-evidence-assertions,0
aud-ev-23,mcq-practice,AUD,aud-evidence-assertions,n,M-aud-evidence-assertions,0
aud-ev-24,mcq-practice,AUD,aud-evidence-assertions,n,M-aud-evidence-assertions,0
aud-ev-25,mcq-practice,AUD,aud-evidence-assertions,n,M-aud-evidence-assertions,0
aud-ev-26,mcq-practice,AUD,aud-evidence-assertions,n,M-aud-evidence-assertions,0
aud-ev-27,mcq-practice,AUD,aud-evidence-assertions,n,M-aud-evidence-assertions,0
aud-x3-01,mcq-exam,AUD,aud-evidence-assertions,n,M-aud-evidence-assertions,0
aud-x3-02,mcq-exam,AUD,aud-evidence-assertions,n,M-aud-evidence-assertions,0
aud-x3-03,mcq-exam,AUD,aud-evidence-assertions,n,M-aud-evidence-assertions,0
aud-x3-04,mcq-exam,AUD,aud-evidence-assertions,n,M-aud-evidence-assertions,0
aud-x3-28,mcq-exam,AUD,aud-evidence-assertions,n,M-aud-evidence-assertions,0
aud-x3-29,mcq-exam,AUD,aud-evidence-assertions,n,M-aud-evidence-assertions,0
aud-x3-41,mcq-exam,AUD,aud-evidence-assertions,n,M-aud-evidence-assertions,0
aud-x3-42,mcq-exam,AUD,aud-evidence-assertions,n,M-aud-evidence-assertions,0
aud-ev-f1,flashcard,AUD,aud-evidence-assertions,n,M-aud-evidence-assertions,0
aud-ev-f2,flashcard,AUD,aud-evidence-assertions,n,M-aud-evidence-assertions,0
aud-ev-f3,flashcard,AUD,aud-evidence-assertions,n,M-aud-evidence-assertions,0
aud-ev-f4,flashcard,AUD,aud-evidence-assertions,n,M-aud-evidence-assertions,0
aud-ev-f5,flashcard,AUD,aud-evidence-assertions,n,M-aud-evidence-assertions,0
aud-ev-f6,flashcard,AUD,aud-evidence-assertions,n,M-aud-evidence-assertions,0
aud-tbs-r3-evidence-reliability,tbs-practice,AUD,aud-evidence-assertions,n,M-aud-evidence-assertions,0
aud-tbs-u6-confirmations,tbs-practice,AUD,aud-evidence-assertions,n,M-aud-evidence-assertions,0
aud-tbs-u6-sufficiency,tbs-practice,AUD,aud-evidence-assertions,n,M-aud-evidence-assertions,0
aud-fraud-risk,lesson,AUD,aud-fraud-risk,n,M-aud-fraud-risk,0
aud-fr-pre1,mcq-lesson,AUD,aud-fraud-risk,n,M-aud-fraud-risk,0
aud-fr-chk1,mcq-lesson,AUD,aud-fraud-risk,n,M-aud-fraud-risk,0
aud-fr-chk2,mcq-lesson,AUD,aud-fraud-risk,n,M-aud-fraud-risk,0
aud-fr-01,mcq-practice,AUD,aud-fraud-risk,n,M-aud-fraud-risk,0
aud-fr-02,mcq-practice,AUD,aud-fraud-risk,n,M-aud-fraud-risk,0
aud-fr-03,mcq-practice,AUD,aud-fraud-risk,n,M-aud-fraud-risk,0
aud-fr-04,mcq-practice,AUD,aud-fraud-risk,n,M-aud-fraud-risk,0
aud-fr-05,mcq-practice,AUD,aud-fraud-risk,n,M-aud-fraud-risk,0
aud-fr-06,mcq-practice,AUD,aud-fraud-risk,n,M-aud-fraud-risk,0
aud-fr-07,mcq-practice,AUD,aud-fraud-risk,n,M-aud-fraud-risk,0
aud-fr-08,mcq-practice,AUD,aud-fraud-risk,n,M-aud-fraud-risk,0
aud-fr-09,mcq-practice,AUD,aud-fraud-risk,n,M-aud-fraud-risk,0
aud-fr-10,mcq-practice,AUD,aud-fraud-risk,n,M-aud-fraud-risk,0
aud-fr-11,mcq-practice,AUD,aud-fraud-risk,n,M-aud-fraud-risk,0
aud-fr-12,mcq-practice,AUD,aud-fraud-risk,n,M-aud-fraud-risk,0
aud-fr-13,mcq-practice,AUD,aud-fraud-risk,n,M-aud-fraud-risk,0
aud-fr-14,mcq-practice,AUD,aud-fraud-risk,n,M-aud-fraud-risk,0
aud-fr-15,mcq-practice,AUD,aud-fraud-risk,n,M-aud-fraud-risk,0
aud-fr-16,mcq-practice,AUD,aud-fraud-risk,n,M-aud-fraud-risk,0
aud-fr-17,mcq-practice,AUD,aud-fraud-risk,n,M-aud-fraud-risk,0
aud-fr-18,mcq-practice,AUD,aud-fraud-risk,n,M-aud-fraud-risk,0
aud-fr-19,mcq-practice,AUD,aud-fraud-risk,n,M-aud-fraud-risk,0
aud-fr-20,mcq-practice,AUD,aud-fraud-risk,n,M-aud-fraud-risk,0
aud-fr-21,mcq-practice,AUD,aud-fraud-risk,n,M-aud-fraud-risk,0
aud-fr-22,mcq-practice,AUD,aud-fraud-risk,n,M-aud-fraud-risk,0
aud-fr-23,mcq-practice,AUD,aud-fraud-risk,n,M-aud-fraud-risk,0
aud-fr-24,mcq-practice,AUD,aud-fraud-risk,n,M-aud-fraud-risk,0
aud-fr-25,mcq-practice,AUD,aud-fraud-risk,n,M-aud-fraud-risk,0
aud-fr-26,mcq-practice,AUD,aud-fraud-risk,n,M-aud-fraud-risk,0
aud-fr-27,mcq-practice,AUD,aud-fraud-risk,n,M-aud-fraud-risk,0
aud-x2-18,mcq-exam,AUD,aud-fraud-risk,n,M-aud-fraud-risk,0
aud-x2-19,mcq-exam,AUD,aud-fraud-risk,n,M-aud-fraud-risk,0
aud-x2-20,mcq-exam,AUD,aud-fraud-risk,n,M-aud-fraud-risk,0
aud-x2-31,mcq-exam,AUD,aud-fraud-risk,n,M-aud-fraud-risk,0
aud-x2-32,mcq-exam,AUD,aud-fraud-risk,n,M-aud-fraud-risk,0
aud-x2-42,mcq-exam,AUD,aud-fraud-risk,n,M-aud-fraud-risk,0
aud-fr-f1,flashcard,AUD,aud-fraud-risk,n,M-aud-fraud-risk,0
aud-fr-f2,flashcard,AUD,aud-fraud-risk,n,M-aud-fraud-risk,0
aud-fr-f3,flashcard,AUD,aud-fraud-risk,n,M-aud-fraud-risk,0
aud-fr-f4,flashcard,AUD,aud-fraud-risk,n,M-aud-fraud-risk,0
aud-fr-f5,flashcard,AUD,aud-fraud-risk,n,M-aud-fraud-risk,0
aud-fr-f6,flashcard,AUD,aud-fraud-risk,n,M-aud-fraud-risk,0
aud-tbs-u4-fraud,tbs-practice,AUD,aud-fraud-risk,n,M-aud-fraud-risk,0
aud-going-concern,lesson,AUD,aud-going-concern,n,M-aud-going-concern,0
aud-gc-pre1,mcq-lesson,AUD,aud-going-concern,n,M-aud-going-concern,0
aud-gc-chk1,mcq-lesson,AUD,aud-going-concern,n,M-aud-going-concern,0
aud-gc-chk2,mcq-lesson,AUD,aud-going-concern,n,M-aud-going-concern,0
aud-gc-01,mcq-practice,AUD,aud-going-concern,n,M-aud-going-concern,0
aud-gc-02,mcq-practice,AUD,aud-going-concern,n,M-aud-going-concern,0
aud-gc-03,mcq-practice,AUD,aud-going-concern,n,M-aud-going-concern,0
aud-gc-04,mcq-practice,AUD,aud-going-concern,n,M-aud-going-concern,0
aud-gc-05,mcq-practice,AUD,aud-going-concern,n,M-aud-going-concern,0
aud-gc-06,mcq-practice,AUD,aud-going-concern,n,M-aud-going-concern,0
aud-gc-07,mcq-practice,AUD,aud-going-concern,n,M-aud-going-concern,0
aud-gc-08,mcq-practice,AUD,aud-going-concern,n,M-aud-going-concern,0
aud-gc-09,mcq-practice,AUD,aud-going-concern,n,M-aud-going-concern,0
aud-gc-10,mcq-practice,AUD,aud-going-concern,n,M-aud-going-concern,0
aud-gc-11,mcq-practice,AUD,aud-going-concern,n,M-aud-going-concern,0
aud-gc-12,mcq-practice,AUD,aud-going-concern,n,M-aud-going-concern,0
aud-gc-13,mcq-practice,AUD,aud-going-concern,n,M-aud-going-concern,0
aud-gc-14,mcq-practice,AUD,aud-going-concern,n,M-aud-going-concern,0
aud-gc-15,mcq-practice,AUD,aud-going-concern,n,M-aud-going-concern,0
aud-gc-16,mcq-practice,AUD,aud-going-concern,n,M-aud-going-concern,0
aud-gc-17,mcq-practice,AUD,aud-going-concern,n,M-aud-going-concern,0
aud-gc-18,mcq-practice,AUD,aud-going-concern,n,M-aud-going-concern,0
aud-gc-19,mcq-practice,AUD,aud-going-concern,n,M-aud-going-concern,0
aud-gc-20,mcq-practice,AUD,aud-going-concern,n,M-aud-going-concern,0
aud-gc-21,mcq-practice,AUD,aud-going-concern,n,M-aud-going-concern,0
aud-gc-22,mcq-practice,AUD,aud-going-concern,n,M-aud-going-concern,0
aud-gc-23,mcq-practice,AUD,aud-going-concern,n,M-aud-going-concern,0
aud-gc-24,mcq-practice,AUD,aud-going-concern,n,M-aud-going-concern,0
aud-gc-25,mcq-practice,AUD,aud-going-concern,n,M-aud-going-concern,0
aud-gc-26,mcq-practice,AUD,aud-going-concern,n,M-aud-going-concern,0
aud-gc-27,mcq-practice,AUD,aud-going-concern,n,M-aud-going-concern,0
aud-x3-26,mcq-exam,AUD,aud-going-concern,n,M-aud-going-concern,0
aud-x3-51,mcq-exam,AUD,aud-going-concern,n,M-aud-going-concern,0
aud-x3-54,mcq-exam,AUD,aud-going-concern,n,M-aud-going-concern,0
aud-gc-f1,flashcard,AUD,aud-going-concern,n,M-aud-going-concern,0
aud-gc-f2,flashcard,AUD,aud-going-concern,n,M-aud-going-concern,0
aud-gc-f3,flashcard,AUD,aud-going-concern,n,M-aud-going-concern,0
aud-gc-f4,flashcard,AUD,aud-going-concern,n,M-aud-going-concern,0
aud-gc-f5,flashcard,AUD,aud-going-concern,n,M-aud-going-concern,0
aud-gc-f6,flashcard,AUD,aud-going-concern,n,M-aud-going-concern,0
aud-tbs-u8-going-concern,tbs-practice,AUD,aud-going-concern,n,M-aud-going-concern,0
aud-government-compliance,lesson,AUD,aud-government-compliance,n,M-aud-government-compliance,0
aud-gov-pre1,mcq-lesson,AUD,aud-government-compliance,n,M-aud-government-compliance,0
aud-gov-chk1,mcq-lesson,AUD,aud-government-compliance,n,M-aud-government-compliance,0
aud-gov-01,mcq-practice,AUD,aud-government-compliance,n,M-aud-government-compliance,0
aud-gov-02,mcq-practice,AUD,aud-government-compliance,n,M-aud-government-compliance,0
aud-gov-03,mcq-practice,AUD,aud-government-compliance,n,M-aud-government-compliance,0
aud-gov-04,mcq-practice,AUD,aud-government-compliance,n,M-aud-government-compliance,0
aud-gov-05,mcq-practice,AUD,aud-government-compliance,n,M-aud-government-compliance,0
aud-gov-06,mcq-practice,AUD,aud-government-compliance,n,M-aud-government-compliance,0
aud-gov-07,mcq-practice,AUD,aud-government-compliance,n,M-aud-government-compliance,0
aud-gov-08,mcq-practice,AUD,aud-government-compliance,n,M-aud-government-compliance,0
aud-gov-09,mcq-practice,AUD,aud-government-compliance,n,M-aud-government-compliance,0
aud-gov-10,mcq-practice,AUD,aud-government-compliance,n,M-aud-government-compliance,0
aud-gov-11,mcq-practice,AUD,aud-government-compliance,n,M-aud-government-compliance,0
aud-gov-12,mcq-practice,AUD,aud-government-compliance,n,M-aud-government-compliance,0
aud-gov-13,mcq-practice,AUD,aud-government-compliance,n,M-aud-government-compliance,0
aud-gov-14,mcq-practice,AUD,aud-government-compliance,n,M-aud-government-compliance,0
aud-gov-15,mcq-practice,AUD,aud-government-compliance,n,M-aud-government-compliance,0
aud-gov-16,mcq-practice,AUD,aud-government-compliance,n,M-aud-government-compliance,0
aud-gov-17,mcq-practice,AUD,aud-government-compliance,n,M-aud-government-compliance,0
aud-gov-18,mcq-practice,AUD,aud-government-compliance,n,M-aud-government-compliance,0
aud-gov-19,mcq-practice,AUD,aud-government-compliance,n,M-aud-government-compliance,0
aud-gov-20,mcq-practice,AUD,aud-government-compliance,n,M-aud-government-compliance,0
aud-gov-21,mcq-practice,AUD,aud-government-compliance,n,M-aud-government-compliance,0
aud-gov-22,mcq-practice,AUD,aud-government-compliance,n,M-aud-government-compliance,0
aud-gov-23,mcq-practice,AUD,aud-government-compliance,n,M-aud-government-compliance,0
aud-gov-24,mcq-practice,AUD,aud-government-compliance,n,M-aud-government-compliance,0
aud-gov-25,mcq-practice,AUD,aud-government-compliance,n,M-aud-government-compliance,0
aud-gov-26,mcq-practice,AUD,aud-government-compliance,n,M-aud-government-compliance,0
aud-gov-27,mcq-practice,AUD,aud-government-compliance,n,M-aud-government-compliance,0
aud-x4-18,mcq-exam,AUD,aud-government-compliance,n,M-aud-government-compliance,0
aud-x4-24,mcq-exam,AUD,aud-government-compliance,n,M-aud-government-compliance,0
aud-gov-f1,flashcard,AUD,aud-government-compliance,n,M-aud-government-compliance,0
aud-gov-f2,flashcard,AUD,aud-government-compliance,n,M-aud-government-compliance,0
aud-gov-f3,flashcard,AUD,aud-government-compliance,n,M-aud-government-compliance,0
aud-gov-f4,flashcard,AUD,aud-government-compliance,n,M-aud-government-compliance,0
aud-gov-f5,flashcard,AUD,aud-government-compliance,n,M-aud-government-compliance,0
aud-gov-f6,flashcard,AUD,aud-government-compliance,n,M-aud-government-compliance,0
aud-tbs-r3-gagas-reports,tbs-practice,AUD,aud-government-compliance,n,M-aud-government-compliance,0
aud-tbs-x10-single-audit,tbs-exam,AUD,aud-government-compliance,n,M-aud-government-compliance,0
aud-internal-control,lesson,AUD,aud-internal-control,n,M-aud-internal-control,0
aud-ic-pre1,mcq-lesson,AUD,aud-internal-control,n,M-aud-internal-control,0
aud-ic-chk1,mcq-lesson,AUD,aud-internal-control,n,M-aud-internal-control,0
aud-ic-chk2,mcq-lesson,AUD,aud-internal-control,n,M-aud-internal-control,0
aud-ic-01,mcq-practice,AUD,aud-internal-control,n,M-aud-internal-control,0
aud-ic-02,mcq-practice,AUD,aud-internal-control,n,M-aud-internal-control,0
aud-ic-03,mcq-practice,AUD,aud-internal-control,n,M-aud-internal-control,0
aud-ic-04,mcq-practice,AUD,aud-internal-control,n,M-aud-internal-control,0
aud-ic-05,mcq-practice,AUD,aud-internal-control,n,M-aud-internal-control,0
aud-ic-06,mcq-practice,AUD,aud-internal-control,n,M-aud-internal-control,0
aud-ic-07,mcq-practice,AUD,aud-internal-control,n,M-aud-internal-control,0
aud-ic-08,mcq-practice,AUD,aud-internal-control,n,M-aud-internal-control,0
aud-ic-09,mcq-practice,AUD,aud-internal-control,n,M-aud-internal-control,0
aud-ic-10,mcq-practice,AUD,aud-internal-control,n,M-aud-internal-control,0
aud-ic-11,mcq-practice,AUD,aud-internal-control,n,M-aud-internal-control,0
aud-ic-12,mcq-practice,AUD,aud-internal-control,n,M-aud-internal-control,0
aud-ic-13,mcq-practice,AUD,aud-internal-control,n,M-aud-internal-control,0
aud-ic-14,mcq-practice,AUD,aud-internal-control,n,M-aud-internal-control,0
aud-ic-15,mcq-practice,AUD,aud-internal-control,n,M-aud-internal-control,0
aud-ic-16,mcq-practice,AUD,aud-internal-control,n,M-aud-internal-control,0
aud-ic-17,mcq-practice,AUD,aud-internal-control,n,M-aud-internal-control,0
aud-ic-18,mcq-practice,AUD,aud-internal-control,n,M-aud-internal-control,0
aud-ic-19,mcq-practice,AUD,aud-internal-control,n,M-aud-internal-control,0
aud-ic-20,mcq-practice,AUD,aud-internal-control,n,M-aud-internal-control,0
aud-ic-21,mcq-practice,AUD,aud-internal-control,n,M-aud-internal-control,0
aud-ic-22,mcq-practice,AUD,aud-internal-control,n,M-aud-internal-control,0
aud-ic-23,mcq-practice,AUD,aud-internal-control,n,M-aud-internal-control,0
aud-ic-24,mcq-practice,AUD,aud-internal-control,n,M-aud-internal-control,0
aud-ic-25,mcq-practice,AUD,aud-internal-control,n,M-aud-internal-control,0
aud-ic-26,mcq-practice,AUD,aud-internal-control,n,M-aud-internal-control,0
aud-ic-27,mcq-practice,AUD,aud-internal-control,n,M-aud-internal-control,0
aud-x2-12,mcq-exam,AUD,aud-internal-control,n,M-aud-internal-control,0
aud-x2-13,mcq-exam,AUD,aud-internal-control,n,M-aud-internal-control,0
aud-x2-14,mcq-exam,AUD,aud-internal-control,n,M-aud-internal-control,0
aud-x2-15,mcq-exam,AUD,aud-internal-control,n,M-aud-internal-control,0
aud-x2-28,mcq-exam,AUD,aud-internal-control,n,M-aud-internal-control,0
aud-x2-29,mcq-exam,AUD,aud-internal-control,n,M-aud-internal-control,0
aud-x2-40,mcq-exam,AUD,aud-internal-control,n,M-aud-internal-control,0
aud-ic-f1,flashcard,AUD,aud-internal-control,n,M-aud-internal-control,0
aud-ic-f2,flashcard,AUD,aud-internal-control,n,M-aud-internal-control,0
aud-ic-f3,flashcard,AUD,aud-internal-control,n,M-aud-internal-control,0
aud-ic-f4,flashcard,AUD,aud-internal-control,n,M-aud-internal-control,0
aud-ic-f5,flashcard,AUD,aud-internal-control,n,M-aud-internal-control,0
aud-ic-f6,flashcard,AUD,aud-internal-control,n,M-aud-internal-control,0
aud-tbs-r3-265-letter,tbs-practice,AUD,aud-internal-control,n,M-aud-internal-control,0
aud-tbs-u4-controls,tbs-practice,AUD,aud-internal-control,n,M-aud-internal-control,0
aud-tbs-u4-deficiency-evaluation,tbs-practice,AUD,aud-internal-control,n,M-aud-internal-control,0
aud-tbs-x2-controls,tbs-exam,AUD,aud-internal-control,n,M-aud-internal-control,0
aud-inventory-ppe,lesson,AUD,aud-inventory-ppe,n,M-aud-inventory-ppe,0
aud-inv-pre1,mcq-lesson,AUD,aud-inventory-ppe,n,M-aud-inventory-ppe,0
aud-inv-chk1,mcq-lesson,AUD,aud-inventory-ppe,n,M-aud-inventory-ppe,0
aud-inv-chk2,mcq-lesson,AUD,aud-inventory-ppe,n,M-aud-inventory-ppe,0
aud-inv-01,mcq-practice,AUD,aud-inventory-ppe,n,M-aud-inventory-ppe,0
aud-inv-02,mcq-practice,AUD,aud-inventory-ppe,n,M-aud-inventory-ppe,0
aud-inv-03,mcq-practice,AUD,aud-inventory-ppe,n,M-aud-inventory-ppe,0
aud-inv-04,mcq-practice,AUD,aud-inventory-ppe,n,M-aud-inventory-ppe,0
aud-inv-05,mcq-practice,AUD,aud-inventory-ppe,n,M-aud-inventory-ppe,0
aud-inv-06,mcq-practice,AUD,aud-inventory-ppe,n,M-aud-inventory-ppe,0
aud-inv-07,mcq-practice,AUD,aud-inventory-ppe,n,M-aud-inventory-ppe,0
aud-inv-08,mcq-practice,AUD,aud-inventory-ppe,n,M-aud-inventory-ppe,0
aud-inv-09,mcq-practice,AUD,aud-inventory-ppe,n,M-aud-inventory-ppe,0
aud-inv-10,mcq-practice,AUD,aud-inventory-ppe,n,M-aud-inventory-ppe,0
aud-inv-11,mcq-practice,AUD,aud-inventory-ppe,n,M-aud-inventory-ppe,0
aud-inv-12,mcq-practice,AUD,aud-inventory-ppe,n,M-aud-inventory-ppe,0
aud-inv-13,mcq-practice,AUD,aud-inventory-ppe,n,M-aud-inventory-ppe,0
aud-inv-14,mcq-practice,AUD,aud-inventory-ppe,n,M-aud-inventory-ppe,0
aud-inv-15,mcq-practice,AUD,aud-inventory-ppe,n,M-aud-inventory-ppe,0
aud-inv-16,mcq-practice,AUD,aud-inventory-ppe,n,M-aud-inventory-ppe,0
aud-inv-17,mcq-practice,AUD,aud-inventory-ppe,n,M-aud-inventory-ppe,0
aud-inv-18,mcq-practice,AUD,aud-inventory-ppe,n,M-aud-inventory-ppe,0
aud-inv-19,mcq-practice,AUD,aud-inventory-ppe,n,M-aud-inventory-ppe,0
aud-inv-20,mcq-practice,AUD,aud-inventory-ppe,n,M-aud-inventory-ppe,0
aud-inv-21,mcq-practice,AUD,aud-inventory-ppe,n,M-aud-inventory-ppe,0
aud-inv-22,mcq-practice,AUD,aud-inventory-ppe,n,M-aud-inventory-ppe,0
aud-inv-23,mcq-practice,AUD,aud-inventory-ppe,n,M-aud-inventory-ppe,0
aud-inv-24,mcq-practice,AUD,aud-inventory-ppe,n,M-aud-inventory-ppe,0
aud-inv-25,mcq-practice,AUD,aud-inventory-ppe,n,M-aud-inventory-ppe,0
aud-inv-26,mcq-practice,AUD,aud-inventory-ppe,n,M-aud-inventory-ppe,0
aud-inv-27,mcq-practice,AUD,aud-inventory-ppe,n,M-aud-inventory-ppe,0
aud-x3-14,mcq-exam,AUD,aud-inventory-ppe,n,M-aud-inventory-ppe,0
aud-x3-15,mcq-exam,AUD,aud-inventory-ppe,n,M-aud-inventory-ppe,0
aud-x3-16,mcq-exam,AUD,aud-inventory-ppe,n,M-aud-inventory-ppe,0
aud-x3-35,mcq-exam,AUD,aud-inventory-ppe,n,M-aud-inventory-ppe,0
aud-x3-36,mcq-exam,AUD,aud-inventory-ppe,n,M-aud-inventory-ppe,0
aud-x3-47,mcq-exam,AUD,aud-inventory-ppe,n,M-aud-inventory-ppe,0
aud-inv-f1,flashcard,AUD,aud-inventory-ppe,n,M-aud-inventory-ppe,0
aud-inv-f2,flashcard,AUD,aud-inventory-ppe,n,M-aud-inventory-ppe,0
aud-inv-f3,flashcard,AUD,aud-inventory-ppe,n,M-aud-inventory-ppe,0
aud-inv-f4,flashcard,AUD,aud-inventory-ppe,n,M-aud-inventory-ppe,0
aud-inv-f5,flashcard,AUD,aud-inventory-ppe,n,M-aud-inventory-ppe,0
aud-inv-f6,flashcard,AUD,aud-inventory-ppe,n,M-aud-inventory-ppe,0
aud-tbs-u7-inventory-evaluation,tbs-practice,AUD,aud-inventory-ppe,n,M-aud-inventory-ppe,0
aud-tbs-u7-inventory-ppe,tbs-practice,AUD,aud-inventory-ppe,n,M-aud-inventory-ppe,0
aud-it-controls,lesson,AUD,aud-it-controls,n,M-aud-it-controls,0
aud-itc-pre1,mcq-lesson,AUD,aud-it-controls,n,M-aud-it-controls,0
aud-itc-chk1,mcq-lesson,AUD,aud-it-controls,n,M-aud-it-controls,0
aud-itc-chk2,mcq-lesson,AUD,aud-it-controls,n,M-aud-it-controls,0
aud-itc-01,mcq-practice,AUD,aud-it-controls,n,M-aud-it-controls,0
aud-itc-02,mcq-practice,AUD,aud-it-controls,n,M-aud-it-controls,0
aud-itc-03,mcq-practice,AUD,aud-it-controls,n,M-aud-it-controls,0
aud-itc-04,mcq-practice,AUD,aud-it-controls,n,M-aud-it-controls,0
aud-itc-05,mcq-practice,AUD,aud-it-controls,n,M-aud-it-controls,0
aud-itc-06,mcq-practice,AUD,aud-it-controls,n,M-aud-it-controls,0
aud-itc-07,mcq-practice,AUD,aud-it-controls,n,M-aud-it-controls,0
aud-itc-08,mcq-practice,AUD,aud-it-controls,n,M-aud-it-controls,0
aud-itc-09,mcq-practice,AUD,aud-it-controls,n,M-aud-it-controls,0
aud-itc-10,mcq-practice,AUD,aud-it-controls,n,M-aud-it-controls,0
aud-itc-11,mcq-practice,AUD,aud-it-controls,n,M-aud-it-controls,0
aud-itc-12,mcq-practice,AUD,aud-it-controls,n,M-aud-it-controls,0
aud-itc-13,mcq-practice,AUD,aud-it-controls,n,M-aud-it-controls,0
aud-itc-14,mcq-practice,AUD,aud-it-controls,n,M-aud-it-controls,0
aud-itc-15,mcq-practice,AUD,aud-it-controls,n,M-aud-it-controls,0
aud-itc-16,mcq-practice,AUD,aud-it-controls,n,M-aud-it-controls,0
aud-itc-17,mcq-practice,AUD,aud-it-controls,n,M-aud-it-controls,0
aud-itc-18,mcq-practice,AUD,aud-it-controls,n,M-aud-it-controls,0
aud-itc-19,mcq-practice,AUD,aud-it-controls,n,M-aud-it-controls,0
aud-itc-20,mcq-practice,AUD,aud-it-controls,n,M-aud-it-controls,0
aud-itc-21,mcq-practice,AUD,aud-it-controls,n,M-aud-it-controls,0
aud-itc-22,mcq-practice,AUD,aud-it-controls,n,M-aud-it-controls,0
aud-itc-23,mcq-practice,AUD,aud-it-controls,n,M-aud-it-controls,0
aud-itc-24,mcq-practice,AUD,aud-it-controls,n,M-aud-it-controls,0
aud-itc-25,mcq-practice,AUD,aud-it-controls,n,M-aud-it-controls,0
aud-itc-26,mcq-practice,AUD,aud-it-controls,n,M-aud-it-controls,0
aud-itc-27,mcq-practice,AUD,aud-it-controls,n,M-aud-it-controls,0
aud-x2-16,mcq-exam,AUD,aud-it-controls,n,M-aud-it-controls,0
aud-x2-17,mcq-exam,AUD,aud-it-controls,n,M-aud-it-controls,0
aud-x2-30,mcq-exam,AUD,aud-it-controls,n,M-aud-it-controls,0
aud-x2-41,mcq-exam,AUD,aud-it-controls,n,M-aud-it-controls,0
aud-itc-f1,flashcard,AUD,aud-it-controls,n,M-aud-it-controls,0
aud-itc-f2,flashcard,AUD,aud-it-controls,n,M-aud-it-controls,0
aud-itc-f3,flashcard,AUD,aud-it-controls,n,M-aud-it-controls,0
aud-itc-f4,flashcard,AUD,aud-it-controls,n,M-aud-it-controls,0
aud-itc-f5,flashcard,AUD,aud-it-controls,n,M-aud-it-controls,0
aud-itc-f6,flashcard,AUD,aud-it-controls,n,M-aud-it-controls,0
aud-tbs-r3-it-coso,tbs-practice,AUD,aud-it-controls,n,M-aud-it-controls,0
aud-liabilities-equity,lesson,AUD,aud-liabilities-equity,n,M-aud-liabilities-equity,0
aud-le-pre1,mcq-lesson,AUD,aud-liabilities-equity,n,M-aud-liabilities-equity,0
aud-le-chk1,mcq-lesson,AUD,aud-liabilities-equity,n,M-aud-liabilities-equity,0
aud-le-chk2,mcq-lesson,AUD,aud-liabilities-equity,n,M-aud-liabilities-equity,0
aud-le-01,mcq-practice,AUD,aud-liabilities-equity,n,M-aud-liabilities-equity,0
aud-le-02,mcq-practice,AUD,aud-liabilities-equity,n,M-aud-liabilities-equity,0
aud-le-03,mcq-practice,AUD,aud-liabilities-equity,n,M-aud-liabilities-equity,0
aud-le-04,mcq-practice,AUD,aud-liabilities-equity,n,M-aud-liabilities-equity,0
aud-le-05,mcq-practice,AUD,aud-liabilities-equity,n,M-aud-liabilities-equity,0
aud-le-06,mcq-practice,AUD,aud-liabilities-equity,n,M-aud-liabilities-equity,0
aud-le-07,mcq-practice,AUD,aud-liabilities-equity,n,M-aud-liabilities-equity,0
aud-le-08,mcq-practice,AUD,aud-liabilities-equity,n,M-aud-liabilities-equity,0
aud-le-09,mcq-practice,AUD,aud-liabilities-equity,n,M-aud-liabilities-equity,0
aud-le-10,mcq-practice,AUD,aud-liabilities-equity,n,M-aud-liabilities-equity,0
aud-le-11,mcq-practice,AUD,aud-liabilities-equity,n,M-aud-liabilities-equity,0
aud-le-12,mcq-practice,AUD,aud-liabilities-equity,n,M-aud-liabilities-equity,0
aud-le-13,mcq-practice,AUD,aud-liabilities-equity,n,M-aud-liabilities-equity,0
aud-le-14,mcq-practice,AUD,aud-liabilities-equity,n,M-aud-liabilities-equity,0
aud-le-15,mcq-practice,AUD,aud-liabilities-equity,n,M-aud-liabilities-equity,0
aud-le-16,mcq-practice,AUD,aud-liabilities-equity,n,M-aud-liabilities-equity,0
aud-le-17,mcq-practice,AUD,aud-liabilities-equity,n,M-aud-liabilities-equity,0
aud-le-18,mcq-practice,AUD,aud-liabilities-equity,n,M-aud-liabilities-equity,0
aud-le-19,mcq-practice,AUD,aud-liabilities-equity,n,M-aud-liabilities-equity,0
aud-le-20,mcq-practice,AUD,aud-liabilities-equity,n,M-aud-liabilities-equity,0
aud-le-21,mcq-practice,AUD,aud-liabilities-equity,n,M-aud-liabilities-equity,0
aud-le-22,mcq-practice,AUD,aud-liabilities-equity,n,M-aud-liabilities-equity,0
aud-le-23,mcq-practice,AUD,aud-liabilities-equity,n,M-aud-liabilities-equity,0
aud-le-24,mcq-practice,AUD,aud-liabilities-equity,n,M-aud-liabilities-equity,0
aud-le-25,mcq-practice,AUD,aud-liabilities-equity,n,M-aud-liabilities-equity,0
aud-le-26,mcq-practice,AUD,aud-liabilities-equity,n,M-aud-liabilities-equity,0
aud-le-27,mcq-practice,AUD,aud-liabilities-equity,n,M-aud-liabilities-equity,0
aud-x3-19,mcq-exam,AUD,aud-liabilities-equity,n,M-aud-liabilities-equity,0
aud-x3-20,mcq-exam,AUD,aud-liabilities-equity,n,M-aud-liabilities-equity,0
aud-x3-21,mcq-exam,AUD,aud-liabilities-equity,n,M-aud-liabilities-equity,0
aud-x3-38,mcq-exam,AUD,aud-liabilities-equity,n,M-aud-liabilities-equity,0
aud-x3-49,mcq-exam,AUD,aud-liabilities-equity,n,M-aud-liabilities-equity,0
aud-le-f1,flashcard,AUD,aud-liabilities-equity,n,M-aud-liabilities-equity,0
aud-le-f2,flashcard,AUD,aud-liabilities-equity,n,M-aud-liabilities-equity,0
aud-le-f3,flashcard,AUD,aud-liabilities-equity,n,M-aud-liabilities-equity,0
aud-le-f4,flashcard,AUD,aud-liabilities-equity,n,M-aud-liabilities-equity,0
aud-le-f5,flashcard,AUD,aud-liabilities-equity,n,M-aud-liabilities-equity,0
aud-le-f6,flashcard,AUD,aud-liabilities-equity,n,M-aud-liabilities-equity,0
aud-tbs-r3-debt-covenant,tbs-practice,AUD,aud-liabilities-equity,n,M-aud-liabilities-equity,0
aud-tbs-x5-procedures,tbs-exam,AUD,aud-liabilities-equity,n,M-aud-liabilities-equity,0
aud-modified-opinions,lesson,AUD,aud-modified-opinions,n,M-aud-modified-opinions,0
aud-mo-pre1,mcq-lesson,AUD,aud-modified-opinions,n,M-aud-modified-opinions,0
aud-mo-chk1,mcq-lesson,AUD,aud-modified-opinions,n,M-aud-modified-opinions,0
aud-mo-chk2,mcq-lesson,AUD,aud-modified-opinions,n,M-aud-modified-opinions,0
aud-mo-01,mcq-practice,AUD,aud-modified-opinions,n,M-aud-modified-opinions,0
aud-mo-02,mcq-practice,AUD,aud-modified-opinions,n,M-aud-modified-opinions,0
aud-mo-03,mcq-practice,AUD,aud-modified-opinions,n,M-aud-modified-opinions,0
aud-mo-04,mcq-practice,AUD,aud-modified-opinions,n,M-aud-modified-opinions,0
aud-mo-05,mcq-practice,AUD,aud-modified-opinions,n,M-aud-modified-opinions,0
aud-mo-06,mcq-practice,AUD,aud-modified-opinions,n,M-aud-modified-opinions,0
aud-mo-07,mcq-practice,AUD,aud-modified-opinions,n,M-aud-modified-opinions,0
aud-mo-08,mcq-practice,AUD,aud-modified-opinions,n,M-aud-modified-opinions,0
aud-mo-09,mcq-practice,AUD,aud-modified-opinions,n,M-aud-modified-opinions,0
aud-mo-10,mcq-practice,AUD,aud-modified-opinions,n,M-aud-modified-opinions,0
aud-mo-11,mcq-practice,AUD,aud-modified-opinions,n,M-aud-modified-opinions,0
aud-mo-12,mcq-practice,AUD,aud-modified-opinions,n,M-aud-modified-opinions,0
aud-mo-13,mcq-practice,AUD,aud-modified-opinions,n,M-aud-modified-opinions,0
aud-mo-14,mcq-practice,AUD,aud-modified-opinions,n,M-aud-modified-opinions,0
aud-mo-15,mcq-practice,AUD,aud-modified-opinions,n,M-aud-modified-opinions,0
aud-mo-16,mcq-practice,AUD,aud-modified-opinions,n,M-aud-modified-opinions,0
aud-mo-17,mcq-practice,AUD,aud-modified-opinions,n,M-aud-modified-opinions,0
aud-mo-18,mcq-practice,AUD,aud-modified-opinions,n,M-aud-modified-opinions,0
aud-mo-19,mcq-practice,AUD,aud-modified-opinions,n,M-aud-modified-opinions,0
aud-mo-20,mcq-practice,AUD,aud-modified-opinions,n,M-aud-modified-opinions,0
aud-mo-21,mcq-practice,AUD,aud-modified-opinions,n,M-aud-modified-opinions,0
aud-mo-22,mcq-practice,AUD,aud-modified-opinions,n,M-aud-modified-opinions,0
aud-mo-23,mcq-practice,AUD,aud-modified-opinions,n,M-aud-modified-opinions,0
aud-mo-24,mcq-practice,AUD,aud-modified-opinions,n,M-aud-modified-opinions,0
aud-mo-25,mcq-practice,AUD,aud-modified-opinions,n,M-aud-modified-opinions,0
aud-mo-26,mcq-practice,AUD,aud-modified-opinions,n,M-aud-modified-opinions,0
aud-mo-27,mcq-practice,AUD,aud-modified-opinions,n,M-aud-modified-opinions,0
aud-x4-03,mcq-exam,AUD,aud-modified-opinions,n,M-aud-modified-opinions,0
aud-x4-04,mcq-exam,AUD,aud-modified-opinions,n,M-aud-modified-opinions,0
aud-x4-05,mcq-exam,AUD,aud-modified-opinions,n,M-aud-modified-opinions,0
aud-x4-14,mcq-exam,AUD,aud-modified-opinions,n,M-aud-modified-opinions,0
aud-x4-20,mcq-exam,AUD,aud-modified-opinions,n,M-aud-modified-opinions,0
aud-mo-f1,flashcard,AUD,aud-modified-opinions,n,M-aud-modified-opinions,0
aud-mo-f2,flashcard,AUD,aud-modified-opinions,n,M-aud-modified-opinions,0
aud-mo-f3,flashcard,AUD,aud-modified-opinions,n,M-aud-modified-opinions,0
aud-mo-f4,flashcard,AUD,aud-modified-opinions,n,M-aud-modified-opinions,0
aud-mo-f5,flashcard,AUD,aud-modified-opinions,n,M-aud-modified-opinions,0
aud-mo-f6,flashcard,AUD,aud-modified-opinions,n,M-aud-modified-opinions,0
aud-tbs-u9-opinions,tbs-practice,AUD,aud-modified-opinions,n,M-aud-modified-opinions,0
aud-tbs-x6-reports,tbs-exam,AUD,aud-modified-opinions,n,M-aud-modified-opinions,0
aud-tbs-x7-draft-report,tbs-exam,AUD,aud-modified-opinions,n,M-aud-modified-opinions,0
aud-planning,lesson,AUD,aud-planning,n,M-aud-planning,0
aud-pl-pre1,mcq-lesson,AUD,aud-planning,n,M-aud-planning,0
aud-pl-chk1,mcq-lesson,AUD,aud-planning,n,M-aud-planning,0
aud-pl-chk2,mcq-lesson,AUD,aud-planning,n,M-aud-planning,0
aud-pl-01,mcq-practice,AUD,aud-planning,n,M-aud-planning,0
aud-pl-02,mcq-practice,AUD,aud-planning,n,M-aud-planning,0
aud-pl-03,mcq-practice,AUD,aud-planning,n,M-aud-planning,0
aud-pl-04,mcq-practice,AUD,aud-planning,n,M-aud-planning,0
aud-pl-05,mcq-practice,AUD,aud-planning,n,M-aud-planning,0
aud-pl-06,mcq-practice,AUD,aud-planning,n,M-aud-planning,0
aud-pl-07,mcq-practice,AUD,aud-planning,n,M-aud-planning,0
aud-pl-08,mcq-practice,AUD,aud-planning,n,M-aud-planning,0
aud-pl-09,mcq-practice,AUD,aud-planning,n,M-aud-planning,0
aud-pl-10,mcq-practice,AUD,aud-planning,n,M-aud-planning,0
aud-pl-11,mcq-practice,AUD,aud-planning,n,M-aud-planning,0
aud-pl-12,mcq-practice,AUD,aud-planning,n,M-aud-planning,0
aud-pl-13,mcq-practice,AUD,aud-planning,n,M-aud-planning,0
aud-pl-14,mcq-practice,AUD,aud-planning,n,M-aud-planning,0
aud-pl-15,mcq-practice,AUD,aud-planning,n,M-aud-planning,0
aud-pl-16,mcq-practice,AUD,aud-planning,n,M-aud-planning,0
aud-pl-17,mcq-practice,AUD,aud-planning,n,M-aud-planning,0
aud-pl-18,mcq-practice,AUD,aud-planning,n,M-aud-planning,0
aud-pl-19,mcq-practice,AUD,aud-planning,n,M-aud-planning,0
aud-pl-20,mcq-practice,AUD,aud-planning,n,M-aud-planning,0
aud-pl-21,mcq-practice,AUD,aud-planning,n,M-aud-planning,0
aud-pl-22,mcq-practice,AUD,aud-planning,n,M-aud-planning,0
aud-pl-23,mcq-practice,AUD,aud-planning,n,M-aud-planning,0
aud-pl-24,mcq-practice,AUD,aud-planning,n,M-aud-planning,0
aud-pl-25,mcq-practice,AUD,aud-planning,n,M-aud-planning,0
aud-pl-26,mcq-practice,AUD,aud-planning,n,M-aud-planning,0
aud-pl-27,mcq-practice,AUD,aud-planning,n,M-aud-planning,0
aud-x2-01,mcq-exam,AUD,aud-planning,n,M-aud-planning,0
aud-x2-02,mcq-exam,AUD,aud-planning,n,M-aud-planning,0
aud-x2-03,mcq-exam,AUD,aud-planning,n,M-aud-planning,0
aud-x2-04,mcq-exam,AUD,aud-planning,n,M-aud-planning,0
aud-x2-24,mcq-exam,AUD,aud-planning,n,M-aud-planning,0
aud-x2-36,mcq-exam,AUD,aud-planning,n,M-aud-planning,0
aud-pl-f1,flashcard,AUD,aud-planning,n,M-aud-planning,0
aud-pl-f2,flashcard,AUD,aud-planning,n,M-aud-planning,0
aud-pl-f3,flashcard,AUD,aud-planning,n,M-aud-planning,0
aud-pl-f4,flashcard,AUD,aud-planning,n,M-aud-planning,0
aud-pl-f5,flashcard,AUD,aud-planning,n,M-aud-planning,0
aud-pl-f6,flashcard,AUD,aud-planning,n,M-aud-planning,0
aud-tbs-r3-substantive-analytics,tbs-practice,AUD,aud-planning,n,M-aud-planning,0
aud-tbs-u3-analytics,tbs-practice,AUD,aud-planning,n,M-aud-planning,0
aud-professional-standards,lesson,AUD,aud-professional-standards,n,M-aud-professional-standards,0
aud-ps-pre1,mcq-lesson,AUD,aud-professional-standards,n,M-aud-professional-standards,0
aud-ps-chk1,mcq-lesson,AUD,aud-professional-standards,n,M-aud-professional-standards,0
aud-ps-chk2,mcq-lesson,AUD,aud-professional-standards,n,M-aud-professional-standards,0
aud-ps-01,mcq-practice,AUD,aud-professional-standards,n,M-aud-professional-standards,0
aud-ps-02,mcq-practice,AUD,aud-professional-standards,n,M-aud-professional-standards,0
aud-ps-03,mcq-practice,AUD,aud-professional-standards,n,M-aud-professional-standards,0
aud-ps-04,mcq-practice,AUD,aud-professional-standards,n,M-aud-professional-standards,0
aud-ps-05,mcq-practice,AUD,aud-professional-standards,n,M-aud-professional-standards,0
aud-ps-06,mcq-practice,AUD,aud-professional-standards,n,M-aud-professional-standards,0
aud-ps-07,mcq-practice,AUD,aud-professional-standards,n,M-aud-professional-standards,0
aud-ps-08,mcq-practice,AUD,aud-professional-standards,n,M-aud-professional-standards,0
aud-ps-09,mcq-practice,AUD,aud-professional-standards,n,M-aud-professional-standards,0
aud-ps-10,mcq-practice,AUD,aud-professional-standards,n,M-aud-professional-standards,0
aud-ps-11,mcq-practice,AUD,aud-professional-standards,n,M-aud-professional-standards,0
aud-ps-12,mcq-practice,AUD,aud-professional-standards,n,M-aud-professional-standards,0
aud-ps-13,mcq-practice,AUD,aud-professional-standards,n,M-aud-professional-standards,0
aud-ps-14,mcq-practice,AUD,aud-professional-standards,n,M-aud-professional-standards,0
aud-ps-15,mcq-practice,AUD,aud-professional-standards,n,M-aud-professional-standards,0
aud-ps-16,mcq-practice,AUD,aud-professional-standards,n,M-aud-professional-standards,0
aud-ps-17,mcq-practice,AUD,aud-professional-standards,n,M-aud-professional-standards,0
aud-ps-18,mcq-practice,AUD,aud-professional-standards,n,M-aud-professional-standards,0
aud-ps-19,mcq-practice,AUD,aud-professional-standards,n,M-aud-professional-standards,0
aud-ps-20,mcq-practice,AUD,aud-professional-standards,n,M-aud-professional-standards,0
aud-ps-21,mcq-practice,AUD,aud-professional-standards,n,M-aud-professional-standards,0
aud-ps-22,mcq-practice,AUD,aud-professional-standards,n,M-aud-professional-standards,0
aud-ps-23,mcq-practice,AUD,aud-professional-standards,n,M-aud-professional-standards,0
aud-ps-24,mcq-practice,AUD,aud-professional-standards,n,M-aud-professional-standards,0
aud-ps-25,mcq-practice,AUD,aud-professional-standards,n,M-aud-professional-standards,0
aud-ps-26,mcq-practice,AUD,aud-professional-standards,n,M-aud-professional-standards,0
aud-ps-27,mcq-practice,AUD,aud-professional-standards,n,M-aud-professional-standards,0
aud-x1-10,mcq-exam,AUD,aud-professional-standards,n,M-aud-professional-standards,0
aud-x1-11,mcq-exam,AUD,aud-professional-standards,n,M-aud-professional-standards,0
aud-x1-12,mcq-exam,AUD,aud-professional-standards,n,M-aud-professional-standards,0
aud-x1-21,mcq-exam,AUD,aud-professional-standards,n,M-aud-professional-standards,0
aud-x1-29,mcq-exam,AUD,aud-professional-standards,n,M-aud-professional-standards,0
aud-x1-32,mcq-exam,AUD,aud-professional-standards,n,M-aud-professional-standards,0
aud-ps-f1,flashcard,AUD,aud-professional-standards,n,M-aud-professional-standards,0
aud-ps-f2,flashcard,AUD,aud-professional-standards,n,M-aud-professional-standards,0
aud-ps-f3,flashcard,AUD,aud-professional-standards,n,M-aud-professional-standards,0
aud-ps-f4,flashcard,AUD,aud-professional-standards,n,M-aud-professional-standards,0
aud-ps-f5,flashcard,AUD,aud-professional-standards,n,M-aud-professional-standards,0
aud-ps-f6,flashcard,AUD,aud-professional-standards,n,M-aud-professional-standards,0
aud-tbs-r3-documentation,tbs-practice,AUD,aud-professional-standards,n,M-aud-professional-standards,0
aud-quality-management,lesson,AUD,aud-quality-management,n,M-aud-quality-management,0
aud-qm-pre1,mcq-lesson,AUD,aud-quality-management,n,M-aud-quality-management,0
aud-qm-chk1,mcq-lesson,AUD,aud-quality-management,n,M-aud-quality-management,0
aud-qm-chk2,mcq-lesson,AUD,aud-quality-management,n,M-aud-quality-management,0
aud-qm-01,mcq-practice,AUD,aud-quality-management,n,M-aud-quality-management,0
aud-qm-02,mcq-practice,AUD,aud-quality-management,n,M-aud-quality-management,0
aud-qm-03,mcq-practice,AUD,aud-quality-management,n,M-aud-quality-management,0
aud-qm-04,mcq-practice,AUD,aud-quality-management,n,M-aud-quality-management,0
aud-qm-05,mcq-practice,AUD,aud-quality-management,n,M-aud-quality-management,0
aud-qm-06,mcq-practice,AUD,aud-quality-management,n,M-aud-quality-management,0
aud-qm-07,mcq-practice,AUD,aud-quality-management,n,M-aud-quality-management,0
aud-qm-08,mcq-practice,AUD,aud-quality-management,n,M-aud-quality-management,0
aud-qm-09,mcq-practice,AUD,aud-quality-management,n,M-aud-quality-management,0
aud-qm-10,mcq-practice,AUD,aud-quality-management,n,M-aud-quality-management,0
aud-qm-11,mcq-practice,AUD,aud-quality-management,n,M-aud-quality-management,0
aud-qm-12,mcq-practice,AUD,aud-quality-management,n,M-aud-quality-management,0
aud-qm-13,mcq-practice,AUD,aud-quality-management,n,M-aud-quality-management,0
aud-qm-14,mcq-practice,AUD,aud-quality-management,n,M-aud-quality-management,0
aud-qm-15,mcq-practice,AUD,aud-quality-management,n,M-aud-quality-management,0
aud-qm-16,mcq-practice,AUD,aud-quality-management,n,M-aud-quality-management,0
aud-qm-17,mcq-practice,AUD,aud-quality-management,n,M-aud-quality-management,0
aud-qm-18,mcq-practice,AUD,aud-quality-management,n,M-aud-quality-management,0
aud-qm-19,mcq-practice,AUD,aud-quality-management,n,M-aud-quality-management,0
aud-qm-20,mcq-practice,AUD,aud-quality-management,n,M-aud-quality-management,0
aud-qm-21,mcq-practice,AUD,aud-quality-management,n,M-aud-quality-management,0
aud-qm-22,mcq-practice,AUD,aud-quality-management,n,M-aud-quality-management,0
aud-qm-23,mcq-practice,AUD,aud-quality-management,n,M-aud-quality-management,0
aud-qm-24,mcq-practice,AUD,aud-quality-management,n,M-aud-quality-management,0
aud-qm-25,mcq-practice,AUD,aud-quality-management,n,M-aud-quality-management,0
aud-qm-26,mcq-practice,AUD,aud-quality-management,n,M-aud-quality-management,0
aud-qm-27,mcq-practice,AUD,aud-quality-management,n,M-aud-quality-management,0
aud-x1-13,mcq-exam,AUD,aud-quality-management,n,M-aud-quality-management,0
aud-x1-14,mcq-exam,AUD,aud-quality-management,n,M-aud-quality-management,0
aud-x1-22,mcq-exam,AUD,aud-quality-management,n,M-aud-quality-management,0
aud-x1-30,mcq-exam,AUD,aud-quality-management,n,M-aud-quality-management,0
aud-qm-f1,flashcard,AUD,aud-quality-management,n,M-aud-quality-management,0
aud-qm-f2,flashcard,AUD,aud-quality-management,n,M-aud-quality-management,0
aud-qm-f3,flashcard,AUD,aud-quality-management,n,M-aud-quality-management,0
aud-qm-f4,flashcard,AUD,aud-quality-management,n,M-aud-quality-management,0
aud-qm-f5,flashcard,AUD,aud-quality-management,n,M-aud-quality-management,0
aud-qm-f6,flashcard,AUD,aud-quality-management,n,M-aud-quality-management,0
aud-tbs-u2-quality,tbs-practice,AUD,aud-quality-management,n,M-aud-quality-management,0
aud-report-paragraphs,lesson,AUD,aud-report-paragraphs,n,M-aud-report-paragraphs,0
aud-rp-pre1,mcq-lesson,AUD,aud-report-paragraphs,n,M-aud-report-paragraphs,0
aud-rp-chk1,mcq-lesson,AUD,aud-report-paragraphs,n,M-aud-report-paragraphs,0
aud-rp-chk2,mcq-lesson,AUD,aud-report-paragraphs,n,M-aud-report-paragraphs,0
aud-rp-01,mcq-practice,AUD,aud-report-paragraphs,n,M-aud-report-paragraphs,0
aud-rp-02,mcq-practice,AUD,aud-report-paragraphs,n,M-aud-report-paragraphs,0
aud-rp-03,mcq-practice,AUD,aud-report-paragraphs,n,M-aud-report-paragraphs,0
aud-rp-04,mcq-practice,AUD,aud-report-paragraphs,n,M-aud-report-paragraphs,0
aud-rp-05,mcq-practice,AUD,aud-report-paragraphs,n,M-aud-report-paragraphs,0
aud-rp-06,mcq-practice,AUD,aud-report-paragraphs,n,M-aud-report-paragraphs,0
aud-rp-07,mcq-practice,AUD,aud-report-paragraphs,n,M-aud-report-paragraphs,0
aud-rp-08,mcq-practice,AUD,aud-report-paragraphs,n,M-aud-report-paragraphs,0
aud-rp-09,mcq-practice,AUD,aud-report-paragraphs,n,M-aud-report-paragraphs,0
aud-rp-10,mcq-practice,AUD,aud-report-paragraphs,n,M-aud-report-paragraphs,0
aud-rp-11,mcq-practice,AUD,aud-report-paragraphs,n,M-aud-report-paragraphs,0
aud-rp-12,mcq-practice,AUD,aud-report-paragraphs,n,M-aud-report-paragraphs,0
aud-rp-13,mcq-practice,AUD,aud-report-paragraphs,n,M-aud-report-paragraphs,0
aud-rp-14,mcq-practice,AUD,aud-report-paragraphs,n,M-aud-report-paragraphs,0
aud-rp-15,mcq-practice,AUD,aud-report-paragraphs,n,M-aud-report-paragraphs,0
aud-rp-16,mcq-practice,AUD,aud-report-paragraphs,n,M-aud-report-paragraphs,0
aud-rp-17,mcq-practice,AUD,aud-report-paragraphs,n,M-aud-report-paragraphs,0
aud-rp-18,mcq-practice,AUD,aud-report-paragraphs,n,M-aud-report-paragraphs,0
aud-rp-19,mcq-practice,AUD,aud-report-paragraphs,n,M-aud-report-paragraphs,0
aud-rp-20,mcq-practice,AUD,aud-report-paragraphs,n,M-aud-report-paragraphs,0
aud-rp-21,mcq-practice,AUD,aud-report-paragraphs,n,M-aud-report-paragraphs,0
aud-rp-22,mcq-practice,AUD,aud-report-paragraphs,n,M-aud-report-paragraphs,0
aud-rp-23,mcq-practice,AUD,aud-report-paragraphs,n,M-aud-report-paragraphs,0
aud-rp-24,mcq-practice,AUD,aud-report-paragraphs,n,M-aud-report-paragraphs,0
aud-rp-25,mcq-practice,AUD,aud-report-paragraphs,n,M-aud-report-paragraphs,0
aud-rp-26,mcq-practice,AUD,aud-report-paragraphs,n,M-aud-report-paragraphs,0
aud-rp-27,mcq-practice,AUD,aud-report-paragraphs,n,M-aud-report-paragraphs,0
aud-x4-06,mcq-exam,AUD,aud-report-paragraphs,n,M-aud-report-paragraphs,0
aud-x4-07,mcq-exam,AUD,aud-report-paragraphs,n,M-aud-report-paragraphs,0
aud-x4-15,mcq-exam,AUD,aud-report-paragraphs,n,M-aud-report-paragraphs,0
aud-x4-21,mcq-exam,AUD,aud-report-paragraphs,n,M-aud-report-paragraphs,0
aud-rp-f1,flashcard,AUD,aud-report-paragraphs,n,M-aud-report-paragraphs,0
aud-rp-f2,flashcard,AUD,aud-report-paragraphs,n,M-aud-report-paragraphs,0
aud-rp-f3,flashcard,AUD,aud-report-paragraphs,n,M-aud-report-paragraphs,0
aud-rp-f4,flashcard,AUD,aud-report-paragraphs,n,M-aud-report-paragraphs,0
aud-rp-f5,flashcard,AUD,aud-report-paragraphs,n,M-aud-report-paragraphs,0
aud-rp-f6,flashcard,AUD,aud-report-paragraphs,n,M-aud-report-paragraphs,0
aud-tbs-r3-comparative-reports,tbs-practice,AUD,aud-report-paragraphs,n,M-aud-report-paragraphs,0
aud-revenue-receivables,lesson,AUD,aud-revenue-receivables,n,M-aud-revenue-receivables,0
aud-rev-pre1,mcq-lesson,AUD,aud-revenue-receivables,n,M-aud-revenue-receivables,0
aud-rev-chk1,mcq-lesson,AUD,aud-revenue-receivables,n,M-aud-revenue-receivables,0
aud-rev-chk2,mcq-lesson,AUD,aud-revenue-receivables,n,M-aud-revenue-receivables,0
aud-rev-01,mcq-practice,AUD,aud-revenue-receivables,n,M-aud-revenue-receivables,0
aud-rev-02,mcq-practice,AUD,aud-revenue-receivables,n,M-aud-revenue-receivables,0
aud-rev-03,mcq-practice,AUD,aud-revenue-receivables,n,M-aud-revenue-receivables,0
aud-rev-04,mcq-practice,AUD,aud-revenue-receivables,n,M-aud-revenue-receivables,0
aud-rev-05,mcq-practice,AUD,aud-revenue-receivables,n,M-aud-revenue-receivables,0
aud-rev-06,mcq-practice,AUD,aud-revenue-receivables,n,M-aud-revenue-receivables,0
aud-rev-07,mcq-practice,AUD,aud-revenue-receivables,n,M-aud-revenue-receivables,0
aud-rev-08,mcq-practice,AUD,aud-revenue-receivables,n,M-aud-revenue-receivables,0
aud-rev-09,mcq-practice,AUD,aud-revenue-receivables,n,M-aud-revenue-receivables,0
aud-rev-10,mcq-practice,AUD,aud-revenue-receivables,n,M-aud-revenue-receivables,0
aud-rev-11,mcq-practice,AUD,aud-revenue-receivables,n,M-aud-revenue-receivables,0
aud-rev-12,mcq-practice,AUD,aud-revenue-receivables,n,M-aud-revenue-receivables,0
aud-rev-13,mcq-practice,AUD,aud-revenue-receivables,n,M-aud-revenue-receivables,0
aud-rev-14,mcq-practice,AUD,aud-revenue-receivables,n,M-aud-revenue-receivables,0
aud-rev-15,mcq-practice,AUD,aud-revenue-receivables,n,M-aud-revenue-receivables,0
aud-rev-16,mcq-practice,AUD,aud-revenue-receivables,n,M-aud-revenue-receivables,0
aud-rev-17,mcq-practice,AUD,aud-revenue-receivables,n,M-aud-revenue-receivables,0
aud-rev-18,mcq-practice,AUD,aud-revenue-receivables,n,M-aud-revenue-receivables,0
aud-rev-19,mcq-practice,AUD,aud-revenue-receivables,n,M-aud-revenue-receivables,0
aud-rev-20,mcq-practice,AUD,aud-revenue-receivables,n,M-aud-revenue-receivables,0
aud-rev-21,mcq-practice,AUD,aud-revenue-receivables,n,M-aud-revenue-receivables,0
aud-rev-22,mcq-practice,AUD,aud-revenue-receivables,n,M-aud-revenue-receivables,0
aud-rev-23,mcq-practice,AUD,aud-revenue-receivables,n,M-aud-revenue-receivables,0
aud-rev-24,mcq-practice,AUD,aud-revenue-receivables,n,M-aud-revenue-receivables,0
aud-rev-25,mcq-practice,AUD,aud-revenue-receivables,n,M-aud-revenue-receivables,0
aud-rev-26,mcq-practice,AUD,aud-revenue-receivables,n,M-aud-revenue-receivables,0
aud-rev-27,mcq-practice,AUD,aud-revenue-receivables,n,M-aud-revenue-receivables,0
aud-x3-11,mcq-exam,AUD,aud-revenue-receivables,n,M-aud-revenue-receivables,0
aud-x3-12,mcq-exam,AUD,aud-revenue-receivables,n,M-aud-revenue-receivables,0
aud-x3-13,mcq-exam,AUD,aud-revenue-receivables,n,M-aud-revenue-receivables,0
aud-x3-33,mcq-exam,AUD,aud-revenue-receivables,n,M-aud-revenue-receivables,0
aud-x3-34,mcq-exam,AUD,aud-revenue-receivables,n,M-aud-revenue-receivables,0
aud-x3-46,mcq-exam,AUD,aud-revenue-receivables,n,M-aud-revenue-receivables,0
aud-rev-f1,flashcard,AUD,aud-revenue-receivables,n,M-aud-revenue-receivables,0
aud-rev-f2,flashcard,AUD,aud-revenue-receivables,n,M-aud-revenue-receivables,0
aud-rev-f3,flashcard,AUD,aud-revenue-receivables,n,M-aud-revenue-receivables,0
aud-rev-f4,flashcard,AUD,aud-revenue-receivables,n,M-aud-revenue-receivables,0
aud-rev-f5,flashcard,AUD,aud-revenue-receivables,n,M-aud-revenue-receivables,0
aud-rev-f6,flashcard,AUD,aud-revenue-receivables,n,M-aud-revenue-receivables,0
aud-tbs-x9-confirmations,tbs-exam,AUD,aud-revenue-receivables,n,M-aud-revenue-receivables,0
aud-risk-materiality,lesson,AUD,aud-risk-materiality,n,M-aud-risk-materiality,0
aud-rm-pre1,mcq-lesson,AUD,aud-risk-materiality,n,M-aud-risk-materiality,0
aud-rm-chk1,mcq-lesson,AUD,aud-risk-materiality,n,M-aud-risk-materiality,0
aud-rm-chk2,mcq-lesson,AUD,aud-risk-materiality,n,M-aud-risk-materiality,0
aud-rm-01,mcq-practice,AUD,aud-risk-materiality,n,M-aud-risk-materiality,0
aud-rm-02,mcq-practice,AUD,aud-risk-materiality,n,M-aud-risk-materiality,0
aud-rm-03,mcq-practice,AUD,aud-risk-materiality,n,M-aud-risk-materiality,0
aud-rm-04,mcq-practice,AUD,aud-risk-materiality,n,M-aud-risk-materiality,0
aud-rm-05,mcq-practice,AUD,aud-risk-materiality,n,M-aud-risk-materiality,0
aud-rm-06,mcq-practice,AUD,aud-risk-materiality,n,M-aud-risk-materiality,0
aud-rm-07,mcq-practice,AUD,aud-risk-materiality,n,M-aud-risk-materiality,0
aud-rm-08,mcq-practice,AUD,aud-risk-materiality,n,M-aud-risk-materiality,0
aud-rm-09,mcq-practice,AUD,aud-risk-materiality,n,M-aud-risk-materiality,0
aud-rm-10,mcq-practice,AUD,aud-risk-materiality,n,M-aud-risk-materiality,0
aud-rm-11,mcq-practice,AUD,aud-risk-materiality,n,M-aud-risk-materiality,0
aud-rm-12,mcq-practice,AUD,aud-risk-materiality,n,M-aud-risk-materiality,0
aud-rm-13,mcq-practice,AUD,aud-risk-materiality,n,M-aud-risk-materiality,0
aud-rm-14,mcq-practice,AUD,aud-risk-materiality,n,M-aud-risk-materiality,0
aud-rm-15,mcq-practice,AUD,aud-risk-materiality,n,M-aud-risk-materiality,0
aud-rm-16,mcq-practice,AUD,aud-risk-materiality,n,M-aud-risk-materiality,0
aud-rm-17,mcq-practice,AUD,aud-risk-materiality,n,M-aud-risk-materiality,0
aud-rm-18,mcq-practice,AUD,aud-risk-materiality,n,M-aud-risk-materiality,0
aud-rm-19,mcq-practice,AUD,aud-risk-materiality,n,M-aud-risk-materiality,0
aud-rm-20,mcq-practice,AUD,aud-risk-materiality,n,M-aud-risk-materiality,0
aud-rm-21,mcq-practice,AUD,aud-risk-materiality,n,M-aud-risk-materiality,0
aud-rm-22,mcq-practice,AUD,aud-risk-materiality,n,M-aud-risk-materiality,0
aud-rm-23,mcq-practice,AUD,aud-risk-materiality,n,M-aud-risk-materiality,0
aud-rm-24,mcq-practice,AUD,aud-risk-materiality,n,M-aud-risk-materiality,0
aud-rm-25,mcq-practice,AUD,aud-risk-materiality,n,M-aud-risk-materiality,0
aud-rm-26,mcq-practice,AUD,aud-risk-materiality,n,M-aud-risk-materiality,0
aud-rm-27,mcq-practice,AUD,aud-risk-materiality,n,M-aud-risk-materiality,0
aud-x2-05,mcq-exam,AUD,aud-risk-materiality,n,M-aud-risk-materiality,0
aud-x2-06,mcq-exam,AUD,aud-risk-materiality,n,M-aud-risk-materiality,0
aud-x2-07,mcq-exam,AUD,aud-risk-materiality,n,M-aud-risk-materiality,0
aud-x2-08,mcq-exam,AUD,aud-risk-materiality,n,M-aud-risk-materiality,0
aud-x2-25,mcq-exam,AUD,aud-risk-materiality,n,M-aud-risk-materiality,0
aud-x2-26,mcq-exam,AUD,aud-risk-materiality,n,M-aud-risk-materiality,0
aud-x2-37,mcq-exam,AUD,aud-risk-materiality,n,M-aud-risk-materiality,0
aud-x2-38,mcq-exam,AUD,aud-risk-materiality,n,M-aud-risk-materiality,0
aud-rm-f1,flashcard,AUD,aud-risk-materiality,n,M-aud-risk-materiality,0
aud-rm-f2,flashcard,AUD,aud-risk-materiality,n,M-aud-risk-materiality,0
aud-rm-f3,flashcard,AUD,aud-risk-materiality,n,M-aud-risk-materiality,0
aud-rm-f4,flashcard,AUD,aud-risk-materiality,n,M-aud-risk-materiality,0
aud-rm-f5,flashcard,AUD,aud-risk-materiality,n,M-aud-risk-materiality,0
aud-rm-f6,flashcard,AUD,aud-risk-materiality,n,M-aud-risk-materiality,0
aud-rm-f7,flashcard,AUD,aud-risk-materiality,n,M-aud-risk-materiality,0
aud-rm-f8,flashcard,AUD,aud-risk-materiality,n,M-aud-risk-materiality,0
aud-tbs-r3-detection-risk,tbs-practice,AUD,aud-risk-materiality,n,M-aud-risk-materiality,0
aud-tbs-u3-risk-materiality,tbs-practice,AUD,aud-risk-materiality,n,M-aud-risk-materiality,0
aud-tbs-x3-risk,tbs-exam,AUD,aud-risk-materiality,n,M-aud-risk-materiality,0
aud-tbs-x8-materiality,tbs-exam,AUD,aud-risk-materiality,n,M-aud-risk-materiality,0
aud-risk-response,lesson,AUD,aud-risk-response,n,M-aud-risk-response,0
aud-rr-pre1,mcq-lesson,AUD,aud-risk-response,n,M-aud-risk-response,0
aud-rr-chk1,mcq-lesson,AUD,aud-risk-response,n,M-aud-risk-response,0
aud-rr-chk2,mcq-lesson,AUD,aud-risk-response,n,M-aud-risk-response,0
aud-rr-01,mcq-practice,AUD,aud-risk-response,n,M-aud-risk-response,0
aud-rr-02,mcq-practice,AUD,aud-risk-response,n,M-aud-risk-response,0
aud-rr-03,mcq-practice,AUD,aud-risk-response,n,M-aud-risk-response,0
aud-rr-04,mcq-practice,AUD,aud-risk-response,n,M-aud-risk-response,0
aud-rr-05,mcq-practice,AUD,aud-risk-response,n,M-aud-risk-response,0
aud-rr-06,mcq-practice,AUD,aud-risk-response,n,M-aud-risk-response,0
aud-rr-07,mcq-practice,AUD,aud-risk-response,n,M-aud-risk-response,0
aud-rr-08,mcq-practice,AUD,aud-risk-response,n,M-aud-risk-response,0
aud-rr-09,mcq-practice,AUD,aud-risk-response,n,M-aud-risk-response,0
aud-rr-10,mcq-practice,AUD,aud-risk-response,n,M-aud-risk-response,0
aud-rr-11,mcq-practice,AUD,aud-risk-response,n,M-aud-risk-response,0
aud-rr-12,mcq-practice,AUD,aud-risk-response,n,M-aud-risk-response,0
aud-rr-13,mcq-practice,AUD,aud-risk-response,n,M-aud-risk-response,0
aud-rr-14,mcq-practice,AUD,aud-risk-response,n,M-aud-risk-response,0
aud-rr-15,mcq-practice,AUD,aud-risk-response,n,M-aud-risk-response,0
aud-rr-16,mcq-practice,AUD,aud-risk-response,n,M-aud-risk-response,0
aud-rr-17,mcq-practice,AUD,aud-risk-response,n,M-aud-risk-response,0
aud-rr-18,mcq-practice,AUD,aud-risk-response,n,M-aud-risk-response,0
aud-rr-19,mcq-practice,AUD,aud-risk-response,n,M-aud-risk-response,0
aud-rr-20,mcq-practice,AUD,aud-risk-response,n,M-aud-risk-response,0
aud-rr-21,mcq-practice,AUD,aud-risk-response,n,M-aud-risk-response,0
aud-rr-22,mcq-practice,AUD,aud-risk-response,n,M-aud-risk-response,0
aud-rr-23,mcq-practice,AUD,aud-risk-response,n,M-aud-risk-response,0
aud-rr-24,mcq-practice,AUD,aud-risk-response,n,M-aud-risk-response,0
aud-rr-25,mcq-practice,AUD,aud-risk-response,n,M-aud-risk-response,0
aud-rr-26,mcq-practice,AUD,aud-risk-response,n,M-aud-risk-response,0
aud-rr-27,mcq-practice,AUD,aud-risk-response,n,M-aud-risk-response,0
aud-x2-21,mcq-exam,AUD,aud-risk-response,n,M-aud-risk-response,0
aud-x2-33,mcq-exam,AUD,aud-risk-response,n,M-aud-risk-response,0
aud-x2-43,mcq-exam,AUD,aud-risk-response,n,M-aud-risk-response,0
aud-rr-f1,flashcard,AUD,aud-risk-response,n,M-aud-risk-response,0
aud-rr-f2,flashcard,AUD,aud-risk-response,n,M-aud-risk-response,0
aud-rr-f3,flashcard,AUD,aud-risk-response,n,M-aud-risk-response,0
aud-rr-f4,flashcard,AUD,aud-risk-response,n,M-aud-risk-response,0
aud-rr-f5,flashcard,AUD,aud-risk-response,n,M-aud-risk-response,0
aud-rr-f6,flashcard,AUD,aud-risk-response,n,M-aud-risk-response,0
aud-tbs-r3-risk-responses,tbs-practice,AUD,aud-risk-response,n,M-aud-risk-response,0
aud-tbs-u5-procedures,tbs-practice,AUD,aud-risk-response,n,M-aud-risk-response,0
aud-sampling,lesson,AUD,aud-sampling,n,M-aud-sampling,0
aud-sa-pre1,mcq-lesson,AUD,aud-sampling,n,M-aud-sampling,0
aud-sa-chk1,mcq-lesson,AUD,aud-sampling,n,M-aud-sampling,0
aud-sa-chk2,mcq-lesson,AUD,aud-sampling,n,M-aud-sampling,0
aud-sa-01,mcq-practice,AUD,aud-sampling,n,M-aud-sampling,0
aud-sa-02,mcq-practice,AUD,aud-sampling,n,M-aud-sampling,0
aud-sa-03,mcq-practice,AUD,aud-sampling,n,M-aud-sampling,0
aud-sa-04,mcq-practice,AUD,aud-sampling,n,M-aud-sampling,0
aud-sa-05,mcq-practice,AUD,aud-sampling,n,M-aud-sampling,0
aud-sa-06,mcq-practice,AUD,aud-sampling,n,M-aud-sampling,0
aud-sa-07,mcq-practice,AUD,aud-sampling,n,M-aud-sampling,0
aud-sa-08,mcq-practice,AUD,aud-sampling,n,M-aud-sampling,0
aud-sa-09,mcq-practice,AUD,aud-sampling,n,M-aud-sampling,0
aud-sa-10,mcq-practice,AUD,aud-sampling,n,M-aud-sampling,0
aud-sa-11,mcq-practice,AUD,aud-sampling,n,M-aud-sampling,0
aud-sa-12,mcq-practice,AUD,aud-sampling,n,M-aud-sampling,0
aud-sa-13,mcq-practice,AUD,aud-sampling,n,M-aud-sampling,0
aud-sa-14,mcq-practice,AUD,aud-sampling,n,M-aud-sampling,0
aud-sa-15,mcq-practice,AUD,aud-sampling,n,M-aud-sampling,0
aud-sa-16,mcq-practice,AUD,aud-sampling,n,M-aud-sampling,0
aud-sa-17,mcq-practice,AUD,aud-sampling,n,M-aud-sampling,0
aud-sa-18,mcq-practice,AUD,aud-sampling,n,M-aud-sampling,0
aud-sa-19,mcq-practice,AUD,aud-sampling,n,M-aud-sampling,0
aud-sa-20,mcq-practice,AUD,aud-sampling,n,M-aud-sampling,0
aud-sa-21,mcq-practice,AUD,aud-sampling,n,M-aud-sampling,0
aud-sa-22,mcq-practice,AUD,aud-sampling,n,M-aud-sampling,0
aud-sa-23,mcq-practice,AUD,aud-sampling,n,M-aud-sampling,0
aud-sa-24,mcq-practice,AUD,aud-sampling,n,M-aud-sampling,0
aud-sa-25,mcq-practice,AUD,aud-sampling,n,M-aud-sampling,0
aud-sa-26,mcq-practice,AUD,aud-sampling,n,M-aud-sampling,0
aud-sa-27,mcq-practice,AUD,aud-sampling,n,M-aud-sampling,0
aud-x3-05,mcq-exam,AUD,aud-sampling,n,M-aud-sampling,0
aud-x3-06,mcq-exam,AUD,aud-sampling,n,M-aud-sampling,0
aud-x3-07,mcq-exam,AUD,aud-sampling,n,M-aud-sampling,0
aud-x3-08,mcq-exam,AUD,aud-sampling,n,M-aud-sampling,0
aud-x3-30,mcq-exam,AUD,aud-sampling,n,M-aud-sampling,0
aud-x3-31,mcq-exam,AUD,aud-sampling,n,M-aud-sampling,0
aud-x3-43,mcq-exam,AUD,aud-sampling,n,M-aud-sampling,0
aud-x3-44,mcq-exam,AUD,aud-sampling,n,M-aud-sampling,0
aud-sa-f1,flashcard,AUD,aud-sampling,n,M-aud-sampling,0
aud-sa-f2,flashcard,AUD,aud-sampling,n,M-aud-sampling,0
aud-sa-f3,flashcard,AUD,aud-sampling,n,M-aud-sampling,0
aud-sa-f4,flashcard,AUD,aud-sampling,n,M-aud-sampling,0
aud-sa-f5,flashcard,AUD,aud-sampling,n,M-aud-sampling,0
aud-sa-f6,flashcard,AUD,aud-sampling,n,M-aud-sampling,0
aud-tbs-u6-sampling,tbs-practice,AUD,aud-sampling,n,M-aud-sampling,0
aud-tbs-x4-sampling,tbs-exam,AUD,aud-sampling,n,M-aud-sampling,0
aud-sec-pcaob-independence,lesson,AUD,aud-sec-pcaob-independence,n,M-aud-sec-pcaob-independence,0
aud-spi-pre1,mcq-lesson,AUD,aud-sec-pcaob-independence,n,M-aud-sec-pcaob-independence,0
aud-spi-chk1,mcq-lesson,AUD,aud-sec-pcaob-independence,n,M-aud-sec-pcaob-independence,0
aud-spi-chk2,mcq-lesson,AUD,aud-sec-pcaob-independence,n,M-aud-sec-pcaob-independence,0
aud-spi-01,mcq-practice,AUD,aud-sec-pcaob-independence,n,M-aud-sec-pcaob-independence,0
aud-spi-02,mcq-practice,AUD,aud-sec-pcaob-independence,n,M-aud-sec-pcaob-independence,0
aud-spi-03,mcq-practice,AUD,aud-sec-pcaob-independence,n,M-aud-sec-pcaob-independence,0
aud-spi-04,mcq-practice,AUD,aud-sec-pcaob-independence,n,M-aud-sec-pcaob-independence,0
aud-spi-05,mcq-practice,AUD,aud-sec-pcaob-independence,n,M-aud-sec-pcaob-independence,0
aud-spi-06,mcq-practice,AUD,aud-sec-pcaob-independence,n,M-aud-sec-pcaob-independence,0
aud-spi-07,mcq-practice,AUD,aud-sec-pcaob-independence,n,M-aud-sec-pcaob-independence,0
aud-spi-08,mcq-practice,AUD,aud-sec-pcaob-independence,n,M-aud-sec-pcaob-independence,0
aud-spi-09,mcq-practice,AUD,aud-sec-pcaob-independence,n,M-aud-sec-pcaob-independence,0
aud-spi-10,mcq-practice,AUD,aud-sec-pcaob-independence,n,M-aud-sec-pcaob-independence,0
aud-spi-11,mcq-practice,AUD,aud-sec-pcaob-independence,n,M-aud-sec-pcaob-independence,0
aud-spi-12,mcq-practice,AUD,aud-sec-pcaob-independence,n,M-aud-sec-pcaob-independence,0
aud-spi-13,mcq-practice,AUD,aud-sec-pcaob-independence,n,M-aud-sec-pcaob-independence,0
aud-spi-14,mcq-practice,AUD,aud-sec-pcaob-independence,n,M-aud-sec-pcaob-independence,0
aud-spi-15,mcq-practice,AUD,aud-sec-pcaob-independence,n,M-aud-sec-pcaob-independence,0
aud-spi-16,mcq-practice,AUD,aud-sec-pcaob-independence,n,M-aud-sec-pcaob-independence,0
aud-spi-17,mcq-practice,AUD,aud-sec-pcaob-independence,n,M-aud-sec-pcaob-independence,0
aud-spi-18,mcq-practice,AUD,aud-sec-pcaob-independence,n,M-aud-sec-pcaob-independence,0
aud-spi-19,mcq-practice,AUD,aud-sec-pcaob-independence,n,M-aud-sec-pcaob-independence,0
aud-spi-20,mcq-practice,AUD,aud-sec-pcaob-independence,n,M-aud-sec-pcaob-independence,0
aud-spi-21,mcq-practice,AUD,aud-sec-pcaob-independence,n,M-aud-sec-pcaob-independence,0
aud-spi-22,mcq-practice,AUD,aud-sec-pcaob-independence,n,M-aud-sec-pcaob-independence,0
aud-spi-23,mcq-practice,AUD,aud-sec-pcaob-independence,n,M-aud-sec-pcaob-independence,0
aud-spi-24,mcq-practice,AUD,aud-sec-pcaob-independence,n,M-aud-sec-pcaob-independence,0
aud-spi-25,mcq-practice,AUD,aud-sec-pcaob-independence,n,M-aud-sec-pcaob-independence,0
aud-spi-26,mcq-practice,AUD,aud-sec-pcaob-independence,n,M-aud-sec-pcaob-independence,0
aud-spi-27,mcq-practice,AUD,aud-sec-pcaob-independence,n,M-aud-sec-pcaob-independence,0
aud-x1-06,mcq-exam,AUD,aud-sec-pcaob-independence,n,M-aud-sec-pcaob-independence,0
aud-x1-07,mcq-exam,AUD,aud-sec-pcaob-independence,n,M-aud-sec-pcaob-independence,0
aud-x1-08,mcq-exam,AUD,aud-sec-pcaob-independence,n,M-aud-sec-pcaob-independence,0
aud-x1-09,mcq-exam,AUD,aud-sec-pcaob-independence,n,M-aud-sec-pcaob-independence,0
aud-x1-19,mcq-exam,AUD,aud-sec-pcaob-independence,n,M-aud-sec-pcaob-independence,0
aud-x1-20,mcq-exam,AUD,aud-sec-pcaob-independence,n,M-aud-sec-pcaob-independence,0
aud-x1-27,mcq-exam,AUD,aud-sec-pcaob-independence,n,M-aud-sec-pcaob-independence,0
aud-x1-28,mcq-exam,AUD,aud-sec-pcaob-independence,n,M-aud-sec-pcaob-independence,0
aud-spi-f1,flashcard,AUD,aud-sec-pcaob-independence,n,M-aud-sec-pcaob-independence,0
aud-spi-f2,flashcard,AUD,aud-sec-pcaob-independence,n,M-aud-sec-pcaob-independence,0
aud-spi-f3,flashcard,AUD,aud-sec-pcaob-independence,n,M-aud-sec-pcaob-independence,0
aud-spi-f4,flashcard,AUD,aud-sec-pcaob-independence,n,M-aud-sec-pcaob-independence,0
aud-spi-f5,flashcard,AUD,aud-sec-pcaob-independence,n,M-aud-sec-pcaob-independence,0
aud-spi-f6,flashcard,AUD,aud-sec-pcaob-independence,n,M-aud-sec-pcaob-independence,0
aud-tbs-u1-issuer,tbs-practice,AUD,aud-sec-pcaob-independence,n,M-aud-sec-pcaob-independence,0
aud-special-reports,lesson,AUD,aud-special-reports,n,M-aud-special-reports,0
aud-sp-pre1,mcq-lesson,AUD,aud-special-reports,n,M-aud-special-reports,0
aud-sp-chk1,mcq-lesson,AUD,aud-special-reports,n,M-aud-special-reports,0
aud-sp-chk2,mcq-lesson,AUD,aud-special-reports,n,M-aud-special-reports,0
aud-sp-01,mcq-practice,AUD,aud-special-reports,n,M-aud-special-reports,0
aud-sp-02,mcq-practice,AUD,aud-special-reports,n,M-aud-special-reports,0
aud-sp-03,mcq-practice,AUD,aud-special-reports,n,M-aud-special-reports,0
aud-sp-04,mcq-practice,AUD,aud-special-reports,n,M-aud-special-reports,0
aud-sp-05,mcq-practice,AUD,aud-special-reports,n,M-aud-special-reports,0
aud-sp-06,mcq-practice,AUD,aud-special-reports,n,M-aud-special-reports,0
aud-sp-07,mcq-practice,AUD,aud-special-reports,n,M-aud-special-reports,0
aud-sp-08,mcq-practice,AUD,aud-special-reports,n,M-aud-special-reports,0
aud-sp-09,mcq-practice,AUD,aud-special-reports,n,M-aud-special-reports,0
aud-sp-10,mcq-practice,AUD,aud-special-reports,n,M-aud-special-reports,0
aud-sp-11,mcq-practice,AUD,aud-special-reports,n,M-aud-special-reports,0
aud-sp-12,mcq-practice,AUD,aud-special-reports,n,M-aud-special-reports,0
aud-sp-13,mcq-practice,AUD,aud-special-reports,n,M-aud-special-reports,0
aud-sp-14,mcq-practice,AUD,aud-special-reports,n,M-aud-special-reports,0
aud-sp-15,mcq-practice,AUD,aud-special-reports,n,M-aud-special-reports,0
aud-sp-16,mcq-practice,AUD,aud-special-reports,n,M-aud-special-reports,0
aud-sp-17,mcq-practice,AUD,aud-special-reports,n,M-aud-special-reports,0
aud-sp-18,mcq-practice,AUD,aud-special-reports,n,M-aud-special-reports,0
aud-sp-19,mcq-practice,AUD,aud-special-reports,n,M-aud-special-reports,0
aud-sp-20,mcq-practice,AUD,aud-special-reports,n,M-aud-special-reports,0
aud-sp-21,mcq-practice,AUD,aud-special-reports,n,M-aud-special-reports,0
aud-sp-22,mcq-practice,AUD,aud-special-reports,n,M-aud-special-reports,0
aud-sp-23,mcq-practice,AUD,aud-special-reports,n,M-aud-special-reports,0
aud-sp-24,mcq-practice,AUD,aud-special-reports,n,M-aud-special-reports,0
aud-sp-25,mcq-practice,AUD,aud-special-reports,n,M-aud-special-reports,0
aud-sp-26,mcq-practice,AUD,aud-special-reports,n,M-aud-special-reports,0
aud-sp-27,mcq-practice,AUD,aud-special-reports,n,M-aud-special-reports,0
aud-sp-28,mcq-practice,AUD,aud-special-reports,n,M-aud-special-reports,0
aud-x4-09,mcq-exam,AUD,aud-special-reports,n,M-aud-special-reports,0
aud-x4-17,mcq-exam,AUD,aud-special-reports,n,M-aud-special-reports,0
aud-sp-f1,flashcard,AUD,aud-special-reports,n,M-aud-special-reports,0
aud-sp-f2,flashcard,AUD,aud-special-reports,n,M-aud-special-reports,0
aud-sp-f3,flashcard,AUD,aud-special-reports,n,M-aud-special-reports,0
aud-sp-f4,flashcard,AUD,aud-special-reports,n,M-aud-special-reports,0
aud-sp-f5,flashcard,AUD,aud-special-reports,n,M-aud-special-reports,0
aud-sp-f6,flashcard,AUD,aud-special-reports,n,M-aud-special-reports,0
aud-specific-risks,lesson,AUD,aud-specific-risks,n,M-aud-specific-risks,0
aud-sr-pre1,mcq-lesson,AUD,aud-specific-risks,n,M-aud-specific-risks,0
aud-sr-chk1,mcq-lesson,AUD,aud-specific-risks,n,M-aud-specific-risks,0
aud-sr-chk2,mcq-lesson,AUD,aud-specific-risks,n,M-aud-specific-risks,0
aud-sr-01,mcq-practice,AUD,aud-specific-risks,n,M-aud-specific-risks,0
aud-sr-02,mcq-practice,AUD,aud-specific-risks,n,M-aud-specific-risks,0
aud-sr-03,mcq-practice,AUD,aud-specific-risks,n,M-aud-specific-risks,0
aud-sr-04,mcq-practice,AUD,aud-specific-risks,n,M-aud-specific-risks,0
aud-sr-05,mcq-practice,AUD,aud-specific-risks,n,M-aud-specific-risks,0
aud-sr-06,mcq-practice,AUD,aud-specific-risks,n,M-aud-specific-risks,0
aud-sr-07,mcq-practice,AUD,aud-specific-risks,n,M-aud-specific-risks,0
aud-sr-08,mcq-practice,AUD,aud-specific-risks,n,M-aud-specific-risks,0
aud-sr-09,mcq-practice,AUD,aud-specific-risks,n,M-aud-specific-risks,0
aud-sr-10,mcq-practice,AUD,aud-specific-risks,n,M-aud-specific-risks,0
aud-sr-11,mcq-practice,AUD,aud-specific-risks,n,M-aud-specific-risks,0
aud-sr-12,mcq-practice,AUD,aud-specific-risks,n,M-aud-specific-risks,0
aud-sr-13,mcq-practice,AUD,aud-specific-risks,n,M-aud-specific-risks,0
aud-sr-14,mcq-practice,AUD,aud-specific-risks,n,M-aud-specific-risks,0
aud-sr-15,mcq-practice,AUD,aud-specific-risks,n,M-aud-specific-risks,0
aud-sr-16,mcq-practice,AUD,aud-specific-risks,n,M-aud-specific-risks,0
aud-sr-17,mcq-practice,AUD,aud-specific-risks,n,M-aud-specific-risks,0
aud-sr-18,mcq-practice,AUD,aud-specific-risks,n,M-aud-specific-risks,0
aud-sr-19,mcq-practice,AUD,aud-specific-risks,n,M-aud-specific-risks,0
aud-sr-20,mcq-practice,AUD,aud-specific-risks,n,M-aud-specific-risks,0
aud-sr-21,mcq-practice,AUD,aud-specific-risks,n,M-aud-specific-risks,0
aud-sr-22,mcq-practice,AUD,aud-specific-risks,n,M-aud-specific-risks,0
aud-sr-23,mcq-practice,AUD,aud-specific-risks,n,M-aud-specific-risks,0
aud-sr-24,mcq-practice,AUD,aud-specific-risks,n,M-aud-specific-risks,0
aud-sr-25,mcq-practice,AUD,aud-specific-risks,n,M-aud-specific-risks,0
aud-sr-26,mcq-practice,AUD,aud-specific-risks,n,M-aud-specific-risks,0
aud-sr-27,mcq-practice,AUD,aud-specific-risks,n,M-aud-specific-risks,0
aud-x2-23,mcq-exam,AUD,aud-specific-risks,n,M-aud-specific-risks,0
aud-x2-35,mcq-exam,AUD,aud-specific-risks,n,M-aud-specific-risks,0
aud-x2-45,mcq-exam,AUD,aud-specific-risks,n,M-aud-specific-risks,0
aud-sr-f1,flashcard,AUD,aud-specific-risks,n,M-aud-specific-risks,0
aud-sr-f2,flashcard,AUD,aud-specific-risks,n,M-aud-specific-risks,0
aud-sr-f3,flashcard,AUD,aud-specific-risks,n,M-aud-specific-risks,0
aud-sr-f4,flashcard,AUD,aud-specific-risks,n,M-aud-specific-risks,0
aud-sr-f5,flashcard,AUD,aud-specific-risks,n,M-aud-specific-risks,0
aud-sr-f6,flashcard,AUD,aud-specific-risks,n,M-aud-specific-risks,0
aud-tbs-r3-laws-related,tbs-practice,AUD,aud-specific-risks,n,M-aud-specific-risks,0
aud-tbs-u5-estimates,tbs-practice,AUD,aud-specific-risks,n,M-aud-specific-risks,0
aud-ssars,lesson,AUD,aud-ssars,n,M-aud-ssars,0
aud-ss-pre1,mcq-lesson,AUD,aud-ssars,n,M-aud-ssars,0
aud-ss-chk1,mcq-lesson,AUD,aud-ssars,n,M-aud-ssars,0
aud-ss-chk2,mcq-lesson,AUD,aud-ssars,n,M-aud-ssars,0
aud-ss-01,mcq-practice,AUD,aud-ssars,n,M-aud-ssars,0
aud-ss-02,mcq-practice,AUD,aud-ssars,n,M-aud-ssars,0
aud-ss-03,mcq-practice,AUD,aud-ssars,n,M-aud-ssars,0
aud-ss-04,mcq-practice,AUD,aud-ssars,n,M-aud-ssars,0
aud-ss-05,mcq-practice,AUD,aud-ssars,n,M-aud-ssars,0
aud-ss-06,mcq-practice,AUD,aud-ssars,n,M-aud-ssars,0
aud-ss-07,mcq-practice,AUD,aud-ssars,n,M-aud-ssars,0
aud-ss-08,mcq-practice,AUD,aud-ssars,n,M-aud-ssars,0
aud-ss-09,mcq-practice,AUD,aud-ssars,n,M-aud-ssars,0
aud-ss-10,mcq-practice,AUD,aud-ssars,n,M-aud-ssars,0
aud-ss-11,mcq-practice,AUD,aud-ssars,n,M-aud-ssars,0
aud-ss-12,mcq-practice,AUD,aud-ssars,n,M-aud-ssars,0
aud-ss-13,mcq-practice,AUD,aud-ssars,n,M-aud-ssars,0
aud-ss-14,mcq-practice,AUD,aud-ssars,n,M-aud-ssars,0
aud-ss-15,mcq-practice,AUD,aud-ssars,n,M-aud-ssars,0
aud-ss-16,mcq-practice,AUD,aud-ssars,n,M-aud-ssars,0
aud-ss-17,mcq-practice,AUD,aud-ssars,n,M-aud-ssars,0
aud-ss-18,mcq-practice,AUD,aud-ssars,n,M-aud-ssars,0
aud-ss-19,mcq-practice,AUD,aud-ssars,n,M-aud-ssars,0
aud-ss-20,mcq-practice,AUD,aud-ssars,n,M-aud-ssars,0
aud-ss-21,mcq-practice,AUD,aud-ssars,n,M-aud-ssars,0
aud-ss-22,mcq-practice,AUD,aud-ssars,n,M-aud-ssars,0
aud-ss-23,mcq-practice,AUD,aud-ssars,n,M-aud-ssars,0
aud-ss-24,mcq-practice,AUD,aud-ssars,n,M-aud-ssars,0
aud-ss-25,mcq-practice,AUD,aud-ssars,n,M-aud-ssars,0
aud-ss-26,mcq-practice,AUD,aud-ssars,n,M-aud-ssars,0
aud-ss-27,mcq-practice,AUD,aud-ssars,n,M-aud-ssars,0
aud-x4-11,mcq-exam,AUD,aud-ssars,n,M-aud-ssars,0
aud-x4-12,mcq-exam,AUD,aud-ssars,n,M-aud-ssars,0
aud-x4-23,mcq-exam,AUD,aud-ssars,n,M-aud-ssars,0
aud-ss-f1,flashcard,AUD,aud-ssars,n,M-aud-ssars,0
aud-ss-f2,flashcard,AUD,aud-ssars,n,M-aud-ssars,0
aud-ss-f3,flashcard,AUD,aud-ssars,n,M-aud-ssars,0
aud-ss-f4,flashcard,AUD,aud-ssars,n,M-aud-ssars,0
aud-ss-f5,flashcard,AUD,aud-ssars,n,M-aud-ssars,0
aud-ss-f6,flashcard,AUD,aud-ssars,n,M-aud-ssars,0
aud-tbs-r3-review-report,tbs-practice,AUD,aud-ssars,n,M-aud-ssars,0
aud-tbs-u10-ssars,tbs-practice,AUD,aud-ssars,n,M-aud-ssars,0
aud-tbs-x14-engagement-types,tbs-exam,AUD,aud-ssars,n,M-aud-ssars,0
aud-subsequent-events,lesson,AUD,aud-subsequent-events,n,M-aud-subsequent-events,0
aud-se-pre1,mcq-lesson,AUD,aud-subsequent-events,n,M-aud-subsequent-events,0
aud-se-chk1,mcq-lesson,AUD,aud-subsequent-events,n,M-aud-subsequent-events,0
aud-se-chk2,mcq-lesson,AUD,aud-subsequent-events,n,M-aud-subsequent-events,0
aud-se-01,mcq-practice,AUD,aud-subsequent-events,n,M-aud-subsequent-events,0
aud-se-02,mcq-practice,AUD,aud-subsequent-events,n,M-aud-subsequent-events,0
aud-se-03,mcq-practice,AUD,aud-subsequent-events,n,M-aud-subsequent-events,0
aud-se-04,mcq-practice,AUD,aud-subsequent-events,n,M-aud-subsequent-events,0
aud-se-05,mcq-practice,AUD,aud-subsequent-events,n,M-aud-subsequent-events,0
aud-se-06,mcq-practice,AUD,aud-subsequent-events,n,M-aud-subsequent-events,0
aud-se-07,mcq-practice,AUD,aud-subsequent-events,n,M-aud-subsequent-events,0
aud-se-08,mcq-practice,AUD,aud-subsequent-events,n,M-aud-subsequent-events,0
aud-se-09,mcq-practice,AUD,aud-subsequent-events,n,M-aud-subsequent-events,0
aud-se-10,mcq-practice,AUD,aud-subsequent-events,n,M-aud-subsequent-events,0
aud-se-11,mcq-practice,AUD,aud-subsequent-events,n,M-aud-subsequent-events,0
aud-se-12,mcq-practice,AUD,aud-subsequent-events,n,M-aud-subsequent-events,0
aud-se-13,mcq-practice,AUD,aud-subsequent-events,n,M-aud-subsequent-events,0
aud-se-14,mcq-practice,AUD,aud-subsequent-events,n,M-aud-subsequent-events,0
aud-se-15,mcq-practice,AUD,aud-subsequent-events,n,M-aud-subsequent-events,0
aud-se-16,mcq-practice,AUD,aud-subsequent-events,n,M-aud-subsequent-events,0
aud-se-17,mcq-practice,AUD,aud-subsequent-events,n,M-aud-subsequent-events,0
aud-se-18,mcq-practice,AUD,aud-subsequent-events,n,M-aud-subsequent-events,0
aud-se-19,mcq-practice,AUD,aud-subsequent-events,n,M-aud-subsequent-events,0
aud-se-20,mcq-practice,AUD,aud-subsequent-events,n,M-aud-subsequent-events,0
aud-se-21,mcq-practice,AUD,aud-subsequent-events,n,M-aud-subsequent-events,0
aud-se-22,mcq-practice,AUD,aud-subsequent-events,n,M-aud-subsequent-events,0
aud-se-23,mcq-practice,AUD,aud-subsequent-events,n,M-aud-subsequent-events,0
aud-se-24,mcq-practice,AUD,aud-subsequent-events,n,M-aud-subsequent-events,0
aud-se-25,mcq-practice,AUD,aud-subsequent-events,n,M-aud-subsequent-events,0
aud-se-26,mcq-practice,AUD,aud-subsequent-events,n,M-aud-subsequent-events,0
aud-se-27,mcq-practice,AUD,aud-subsequent-events,n,M-aud-subsequent-events,0
aud-x3-24,mcq-exam,AUD,aud-subsequent-events,n,M-aud-subsequent-events,0
aud-x3-25,mcq-exam,AUD,aud-subsequent-events,n,M-aud-subsequent-events,0
aud-x3-40,mcq-exam,AUD,aud-subsequent-events,n,M-aud-subsequent-events,0
aud-x3-53,mcq-exam,AUD,aud-subsequent-events,n,M-aud-subsequent-events,0
aud-se-f1,flashcard,AUD,aud-subsequent-events,n,M-aud-subsequent-events,0
aud-se-f2,flashcard,AUD,aud-subsequent-events,n,M-aud-subsequent-events,0
aud-se-f3,flashcard,AUD,aud-subsequent-events,n,M-aud-subsequent-events,0
aud-se-f4,flashcard,AUD,aud-subsequent-events,n,M-aud-subsequent-events,0
aud-se-f5,flashcard,AUD,aud-subsequent-events,n,M-aud-subsequent-events,0
aud-se-f6,flashcard,AUD,aud-subsequent-events,n,M-aud-subsequent-events,0
aud-tbs-u8-subsequent-events,tbs-practice,AUD,aud-subsequent-events,n,M-aud-subsequent-events,0
aud-tbs-u8-subsequent-review,tbs-practice,AUD,aud-subsequent-events,n,M-aud-subsequent-events,0
aud-tbs-x13-subsequent-events,tbs-exam,AUD,aud-subsequent-events,n,M-aud-subsequent-events,0
aud-tests-of-controls,lesson,AUD,aud-tests-of-controls,n,M-aud-tests-of-controls,0
aud-toc-pre1,mcq-lesson,AUD,aud-tests-of-controls,n,M-aud-tests-of-controls,0
aud-toc-chk1,mcq-lesson,AUD,aud-tests-of-controls,n,M-aud-tests-of-controls,0
aud-toc-chk2,mcq-lesson,AUD,aud-tests-of-controls,n,M-aud-tests-of-controls,0
aud-toc-01,mcq-practice,AUD,aud-tests-of-controls,n,M-aud-tests-of-controls,0
aud-toc-02,mcq-practice,AUD,aud-tests-of-controls,n,M-aud-tests-of-controls,0
aud-toc-03,mcq-practice,AUD,aud-tests-of-controls,n,M-aud-tests-of-controls,0
aud-toc-04,mcq-practice,AUD,aud-tests-of-controls,n,M-aud-tests-of-controls,0
aud-toc-05,mcq-practice,AUD,aud-tests-of-controls,n,M-aud-tests-of-controls,0
aud-toc-06,mcq-practice,AUD,aud-tests-of-controls,n,M-aud-tests-of-controls,0
aud-toc-07,mcq-practice,AUD,aud-tests-of-controls,n,M-aud-tests-of-controls,0
aud-toc-08,mcq-practice,AUD,aud-tests-of-controls,n,M-aud-tests-of-controls,0
aud-toc-09,mcq-practice,AUD,aud-tests-of-controls,n,M-aud-tests-of-controls,0
aud-toc-10,mcq-practice,AUD,aud-tests-of-controls,n,M-aud-tests-of-controls,0
aud-toc-11,mcq-practice,AUD,aud-tests-of-controls,n,M-aud-tests-of-controls,0
aud-toc-12,mcq-practice,AUD,aud-tests-of-controls,n,M-aud-tests-of-controls,0
aud-toc-13,mcq-practice,AUD,aud-tests-of-controls,n,M-aud-tests-of-controls,0
aud-toc-14,mcq-practice,AUD,aud-tests-of-controls,n,M-aud-tests-of-controls,0
aud-toc-15,mcq-practice,AUD,aud-tests-of-controls,n,M-aud-tests-of-controls,0
aud-toc-16,mcq-practice,AUD,aud-tests-of-controls,n,M-aud-tests-of-controls,0
aud-toc-17,mcq-practice,AUD,aud-tests-of-controls,n,M-aud-tests-of-controls,0
aud-toc-18,mcq-practice,AUD,aud-tests-of-controls,n,M-aud-tests-of-controls,0
aud-toc-19,mcq-practice,AUD,aud-tests-of-controls,n,M-aud-tests-of-controls,0
aud-toc-20,mcq-practice,AUD,aud-tests-of-controls,n,M-aud-tests-of-controls,0
aud-toc-21,mcq-practice,AUD,aud-tests-of-controls,n,M-aud-tests-of-controls,0
aud-toc-22,mcq-practice,AUD,aud-tests-of-controls,n,M-aud-tests-of-controls,0
aud-toc-23,mcq-practice,AUD,aud-tests-of-controls,n,M-aud-tests-of-controls,0
aud-toc-24,mcq-practice,AUD,aud-tests-of-controls,n,M-aud-tests-of-controls,0
aud-toc-25,mcq-practice,AUD,aud-tests-of-controls,n,M-aud-tests-of-controls,0
aud-toc-26,mcq-practice,AUD,aud-tests-of-controls,n,M-aud-tests-of-controls,0
aud-toc-27,mcq-practice,AUD,aud-tests-of-controls,n,M-aud-tests-of-controls,0
aud-x2-22,mcq-exam,AUD,aud-tests-of-controls,n,M-aud-tests-of-controls,0
aud-x2-34,mcq-exam,AUD,aud-tests-of-controls,n,M-aud-tests-of-controls,0
aud-x2-44,mcq-exam,AUD,aud-tests-of-controls,n,M-aud-tests-of-controls,0
aud-toc-f1,flashcard,AUD,aud-tests-of-controls,n,M-aud-tests-of-controls,0
aud-toc-f2,flashcard,AUD,aud-tests-of-controls,n,M-aud-tests-of-controls,0
aud-toc-f3,flashcard,AUD,aud-tests-of-controls,n,M-aud-tests-of-controls,0
aud-toc-f4,flashcard,AUD,aud-tests-of-controls,n,M-aud-tests-of-controls,0
aud-toc-f5,flashcard,AUD,aud-tests-of-controls,n,M-aud-tests-of-controls,0
aud-toc-f6,flashcard,AUD,aud-tests-of-controls,n,M-aud-tests-of-controls,0
aud-tbs-x12-control-deviations,tbs-exam,AUD,aud-tests-of-controls,n,M-aud-tests-of-controls,0
aud-understanding-entity,lesson,AUD,aud-understanding-entity,n,M-aud-understanding-entity,0
aud-ue-pre1,mcq-lesson,AUD,aud-understanding-entity,n,M-aud-understanding-entity,0
aud-ue-chk1,mcq-lesson,AUD,aud-understanding-entity,n,M-aud-understanding-entity,0
aud-ue-chk2,mcq-lesson,AUD,aud-understanding-entity,n,M-aud-understanding-entity,0
aud-ue-01,mcq-practice,AUD,aud-understanding-entity,n,M-aud-understanding-entity,0
aud-ue-02,mcq-practice,AUD,aud-understanding-entity,n,M-aud-understanding-entity,0
aud-ue-03,mcq-practice,AUD,aud-understanding-entity,n,M-aud-understanding-entity,0
aud-ue-04,mcq-practice,AUD,aud-understanding-entity,n,M-aud-understanding-entity,0
aud-ue-05,mcq-practice,AUD,aud-understanding-entity,n,M-aud-understanding-entity,0
aud-ue-06,mcq-practice,AUD,aud-understanding-entity,n,M-aud-understanding-entity,0
aud-ue-07,mcq-practice,AUD,aud-understanding-entity,n,M-aud-understanding-entity,0
aud-ue-08,mcq-practice,AUD,aud-understanding-entity,n,M-aud-understanding-entity,0
aud-ue-09,mcq-practice,AUD,aud-understanding-entity,n,M-aud-understanding-entity,0
aud-ue-10,mcq-practice,AUD,aud-understanding-entity,n,M-aud-understanding-entity,0
aud-ue-11,mcq-practice,AUD,aud-understanding-entity,n,M-aud-understanding-entity,0
aud-ue-12,mcq-practice,AUD,aud-understanding-entity,n,M-aud-understanding-entity,0
aud-ue-13,mcq-practice,AUD,aud-understanding-entity,n,M-aud-understanding-entity,0
aud-ue-14,mcq-practice,AUD,aud-understanding-entity,n,M-aud-understanding-entity,0
aud-ue-15,mcq-practice,AUD,aud-understanding-entity,n,M-aud-understanding-entity,0
aud-ue-16,mcq-practice,AUD,aud-understanding-entity,n,M-aud-understanding-entity,0
aud-ue-17,mcq-practice,AUD,aud-understanding-entity,n,M-aud-understanding-entity,0
aud-ue-18,mcq-practice,AUD,aud-understanding-entity,n,M-aud-understanding-entity,0
aud-ue-19,mcq-practice,AUD,aud-understanding-entity,n,M-aud-understanding-entity,0
aud-ue-20,mcq-practice,AUD,aud-understanding-entity,n,M-aud-understanding-entity,0
aud-ue-21,mcq-practice,AUD,aud-understanding-entity,n,M-aud-understanding-entity,0
aud-ue-22,mcq-practice,AUD,aud-understanding-entity,n,M-aud-understanding-entity,0
aud-ue-23,mcq-practice,AUD,aud-understanding-entity,n,M-aud-understanding-entity,0
aud-ue-24,mcq-practice,AUD,aud-understanding-entity,n,M-aud-understanding-entity,0
aud-ue-25,mcq-practice,AUD,aud-understanding-entity,n,M-aud-understanding-entity,0
aud-ue-26,mcq-practice,AUD,aud-understanding-entity,n,M-aud-understanding-entity,0
aud-ue-27,mcq-practice,AUD,aud-understanding-entity,n,M-aud-understanding-entity,0
aud-x2-09,mcq-exam,AUD,aud-understanding-entity,n,M-aud-understanding-entity,0
aud-x2-10,mcq-exam,AUD,aud-understanding-entity,n,M-aud-understanding-entity,0
aud-x2-11,mcq-exam,AUD,aud-understanding-entity,n,M-aud-understanding-entity,0
aud-x2-27,mcq-exam,AUD,aud-understanding-entity,n,M-aud-understanding-entity,0
aud-x2-39,mcq-exam,AUD,aud-understanding-entity,n,M-aud-understanding-entity,0
aud-x2-46,mcq-exam,AUD,aud-understanding-entity,n,M-aud-understanding-entity,0
aud-ue-f1,flashcard,AUD,aud-understanding-entity,n,M-aud-understanding-entity,0
aud-ue-f2,flashcard,AUD,aud-understanding-entity,n,M-aud-understanding-entity,0
aud-ue-f3,flashcard,AUD,aud-understanding-entity,n,M-aud-understanding-entity,0
aud-ue-f4,flashcard,AUD,aud-understanding-entity,n,M-aud-understanding-entity,0
aud-ue-f5,flashcard,AUD,aud-understanding-entity,n,M-aud-understanding-entity,0
aud-ue-f6,flashcard,AUD,aud-understanding-entity,n,M-aud-understanding-entity,0
aud-unmodified-opinion,lesson,AUD,aud-unmodified-opinion,n,M-aud-unmodified-opinion,0
aud-uo2-pre1,mcq-lesson,AUD,aud-unmodified-opinion,n,M-aud-unmodified-opinion,0
aud-uo2-chk1,mcq-lesson,AUD,aud-unmodified-opinion,n,M-aud-unmodified-opinion,0
aud-uo2-chk2,mcq-lesson,AUD,aud-unmodified-opinion,n,M-aud-unmodified-opinion,0
aud-uo2-01,mcq-practice,AUD,aud-unmodified-opinion,n,M-aud-unmodified-opinion,0
aud-uo2-02,mcq-practice,AUD,aud-unmodified-opinion,n,M-aud-unmodified-opinion,0
aud-uo2-03,mcq-practice,AUD,aud-unmodified-opinion,n,M-aud-unmodified-opinion,0
aud-uo2-04,mcq-practice,AUD,aud-unmodified-opinion,n,M-aud-unmodified-opinion,0
aud-uo2-05,mcq-practice,AUD,aud-unmodified-opinion,n,M-aud-unmodified-opinion,0
aud-uo2-06,mcq-practice,AUD,aud-unmodified-opinion,n,M-aud-unmodified-opinion,0
aud-uo2-07,mcq-practice,AUD,aud-unmodified-opinion,n,M-aud-unmodified-opinion,0
aud-uo2-08,mcq-practice,AUD,aud-unmodified-opinion,n,M-aud-unmodified-opinion,0
aud-uo2-09,mcq-practice,AUD,aud-unmodified-opinion,n,M-aud-unmodified-opinion,0
aud-uo2-10,mcq-practice,AUD,aud-unmodified-opinion,n,M-aud-unmodified-opinion,0
aud-uo2-11,mcq-practice,AUD,aud-unmodified-opinion,n,M-aud-unmodified-opinion,0
aud-uo2-12,mcq-practice,AUD,aud-unmodified-opinion,n,M-aud-unmodified-opinion,0
aud-uo2-13,mcq-practice,AUD,aud-unmodified-opinion,n,M-aud-unmodified-opinion,0
aud-uo2-14,mcq-practice,AUD,aud-unmodified-opinion,n,M-aud-unmodified-opinion,0
aud-uo2-15,mcq-practice,AUD,aud-unmodified-opinion,n,M-aud-unmodified-opinion,0
aud-uo2-16,mcq-practice,AUD,aud-unmodified-opinion,n,M-aud-unmodified-opinion,0
aud-uo2-17,mcq-practice,AUD,aud-unmodified-opinion,n,M-aud-unmodified-opinion,0
aud-uo2-18,mcq-practice,AUD,aud-unmodified-opinion,n,M-aud-unmodified-opinion,0
aud-uo2-19,mcq-practice,AUD,aud-unmodified-opinion,n,M-aud-unmodified-opinion,0
aud-uo2-20,mcq-practice,AUD,aud-unmodified-opinion,n,M-aud-unmodified-opinion,0
aud-uo2-21,mcq-practice,AUD,aud-unmodified-opinion,n,M-aud-unmodified-opinion,0
aud-uo2-22,mcq-practice,AUD,aud-unmodified-opinion,n,M-aud-unmodified-opinion,0
aud-uo2-23,mcq-practice,AUD,aud-unmodified-opinion,n,M-aud-unmodified-opinion,0
aud-uo2-24,mcq-practice,AUD,aud-unmodified-opinion,n,M-aud-unmodified-opinion,0
aud-uo2-25,mcq-practice,AUD,aud-unmodified-opinion,n,M-aud-unmodified-opinion,0
aud-uo2-26,mcq-practice,AUD,aud-unmodified-opinion,n,M-aud-unmodified-opinion,0
aud-uo2-27,mcq-practice,AUD,aud-unmodified-opinion,n,M-aud-unmodified-opinion,0
aud-x4-01,mcq-exam,AUD,aud-unmodified-opinion,n,M-aud-unmodified-opinion,0
aud-x4-02,mcq-exam,AUD,aud-unmodified-opinion,n,M-aud-unmodified-opinion,0
aud-x4-13,mcq-exam,AUD,aud-unmodified-opinion,n,M-aud-unmodified-opinion,0
aud-x4-19,mcq-exam,AUD,aud-unmodified-opinion,n,M-aud-unmodified-opinion,0
aud-uo2-f1,flashcard,AUD,aud-unmodified-opinion,n,M-aud-unmodified-opinion,0
aud-uo2-f2,flashcard,AUD,aud-unmodified-opinion,n,M-aud-unmodified-opinion,0
aud-uo2-f3,flashcard,AUD,aud-unmodified-opinion,n,M-aud-unmodified-opinion,0
aud-uo2-f4,flashcard,AUD,aud-unmodified-opinion,n,M-aud-unmodified-opinion,0
aud-uo2-f5,flashcard,AUD,aud-unmodified-opinion,n,M-aud-unmodified-opinion,0
aud-tbs-u9-report,tbs-practice,AUD,aud-unmodified-opinion,n,M-aud-unmodified-opinion,0
aud-using-others,lesson,AUD,aud-using-others,n,M-aud-using-others,0
aud-uo-pre1,mcq-lesson,AUD,aud-using-others,n,M-aud-using-others,0
aud-uo-chk1,mcq-lesson,AUD,aud-using-others,n,M-aud-using-others,0
aud-uo-chk2,mcq-lesson,AUD,aud-using-others,n,M-aud-using-others,0
aud-uo-01,mcq-practice,AUD,aud-using-others,n,M-aud-using-others,0
aud-uo-02,mcq-practice,AUD,aud-using-others,n,M-aud-using-others,0
aud-uo-03,mcq-practice,AUD,aud-using-others,n,M-aud-using-others,0
aud-uo-04,mcq-practice,AUD,aud-using-others,n,M-aud-using-others,0
aud-uo-05,mcq-practice,AUD,aud-using-others,n,M-aud-using-others,0
aud-uo-06,mcq-practice,AUD,aud-using-others,n,M-aud-using-others,0
aud-uo-07,mcq-practice,AUD,aud-using-others,n,M-aud-using-others,0
aud-uo-08,mcq-practice,AUD,aud-using-others,n,M-aud-using-others,0
aud-uo-09,mcq-practice,AUD,aud-using-others,n,M-aud-using-others,0
aud-uo-10,mcq-practice,AUD,aud-using-others,n,M-aud-using-others,0
aud-uo-11,mcq-practice,AUD,aud-using-others,n,M-aud-using-others,0
aud-uo-12,mcq-practice,AUD,aud-using-others,n,M-aud-using-others,0
aud-uo-13,mcq-practice,AUD,aud-using-others,n,M-aud-using-others,0
aud-uo-14,mcq-practice,AUD,aud-using-others,n,M-aud-using-others,0
aud-uo-15,mcq-practice,AUD,aud-using-others,n,M-aud-using-others,0
aud-uo-16,mcq-practice,AUD,aud-using-others,n,M-aud-using-others,0
aud-uo-17,mcq-practice,AUD,aud-using-others,n,M-aud-using-others,0
aud-uo-18,mcq-practice,AUD,aud-using-others,n,M-aud-using-others,0
aud-uo-19,mcq-practice,AUD,aud-using-others,n,M-aud-using-others,0
aud-uo-20,mcq-practice,AUD,aud-using-others,n,M-aud-using-others,0
aud-uo-21,mcq-practice,AUD,aud-using-others,n,M-aud-using-others,0
aud-uo-22,mcq-practice,AUD,aud-using-others,n,M-aud-using-others,0
aud-uo-23,mcq-practice,AUD,aud-using-others,n,M-aud-using-others,0
aud-uo-24,mcq-practice,AUD,aud-using-others,n,M-aud-using-others,0
aud-uo-25,mcq-practice,AUD,aud-using-others,n,M-aud-using-others,0
aud-uo-26,mcq-practice,AUD,aud-using-others,n,M-aud-using-others,0
aud-uo-27,mcq-practice,AUD,aud-using-others,n,M-aud-using-others,0
aud-x3-22,mcq-exam,AUD,aud-using-others,n,M-aud-using-others,0
aud-x3-23,mcq-exam,AUD,aud-using-others,n,M-aud-using-others,0
aud-x3-39,mcq-exam,AUD,aud-using-others,n,M-aud-using-others,0
aud-x3-50,mcq-exam,AUD,aud-using-others,n,M-aud-using-others,0
aud-uo-f1,flashcard,AUD,aud-using-others,n,M-aud-using-others,0
aud-uo-f2,flashcard,AUD,aud-using-others,n,M-aud-using-others,0
aud-uo-f3,flashcard,AUD,aud-using-others,n,M-aud-using-others,0
aud-uo-f4,flashcard,AUD,aud-using-others,n,M-aud-using-others,0
aud-uo-f5,flashcard,AUD,aud-using-others,n,M-aud-using-others,0
aud-uo-f6,flashcard,AUD,aud-using-others,n,M-aud-using-others,0
aud-tbs-r3-using-others,tbs-practice,AUD,aud-using-others,n,M-aud-using-others,0
aud-written-representations,lesson,AUD,aud-written-representations,n,M-aud-written-representations,0
aud-wr-pre1,mcq-lesson,AUD,aud-written-representations,n,M-aud-written-representations,0
aud-wr-chk1,mcq-lesson,AUD,aud-written-representations,n,M-aud-written-representations,0
aud-wr-chk2,mcq-lesson,AUD,aud-written-representations,n,M-aud-written-representations,0
aud-wr-01,mcq-practice,AUD,aud-written-representations,n,M-aud-written-representations,0
aud-wr-02,mcq-practice,AUD,aud-written-representations,n,M-aud-written-representations,0
aud-wr-03,mcq-practice,AUD,aud-written-representations,n,M-aud-written-representations,0
aud-wr-04,mcq-practice,AUD,aud-written-representations,n,M-aud-written-representations,0
aud-wr-05,mcq-practice,AUD,aud-written-representations,n,M-aud-written-representations,0
aud-wr-06,mcq-practice,AUD,aud-written-representations,n,M-aud-written-representations,0
aud-wr-07,mcq-practice,AUD,aud-written-representations,n,M-aud-written-representations,0
aud-wr-08,mcq-practice,AUD,aud-written-representations,n,M-aud-written-representations,0
aud-wr-09,mcq-practice,AUD,aud-written-representations,n,M-aud-written-representations,0
aud-wr-10,mcq-practice,AUD,aud-written-representations,n,M-aud-written-representations,0
aud-wr-11,mcq-practice,AUD,aud-written-representations,n,M-aud-written-representations,0
aud-wr-12,mcq-practice,AUD,aud-written-representations,n,M-aud-written-representations,0
aud-wr-13,mcq-practice,AUD,aud-written-representations,n,M-aud-written-representations,0
aud-wr-14,mcq-practice,AUD,aud-written-representations,n,M-aud-written-representations,0
aud-wr-15,mcq-practice,AUD,aud-written-representations,n,M-aud-written-representations,0
aud-wr-16,mcq-practice,AUD,aud-written-representations,n,M-aud-written-representations,0
aud-wr-17,mcq-practice,AUD,aud-written-representations,n,M-aud-written-representations,0
aud-wr-18,mcq-practice,AUD,aud-written-representations,n,M-aud-written-representations,0
aud-wr-19,mcq-practice,AUD,aud-written-representations,n,M-aud-written-representations,0
aud-wr-20,mcq-practice,AUD,aud-written-representations,n,M-aud-written-representations,0
aud-wr-21,mcq-practice,AUD,aud-written-representations,n,M-aud-written-representations,0
aud-wr-22,mcq-practice,AUD,aud-written-representations,n,M-aud-written-representations,0
aud-wr-23,mcq-practice,AUD,aud-written-representations,n,M-aud-written-representations,0
aud-wr-24,mcq-practice,AUD,aud-written-representations,n,M-aud-written-representations,0
aud-wr-25,mcq-practice,AUD,aud-written-representations,n,M-aud-written-representations,0
aud-wr-26,mcq-practice,AUD,aud-written-representations,n,M-aud-written-representations,0
aud-wr-27,mcq-practice,AUD,aud-written-representations,n,M-aud-written-representations,0
aud-x3-27,mcq-exam,AUD,aud-written-representations,n,M-aud-written-representations,0
aud-x3-52,mcq-exam,AUD,aud-written-representations,n,M-aud-written-representations,0
aud-wr-f1,flashcard,AUD,aud-written-representations,n,M-aud-written-representations,0
aud-wr-f2,flashcard,AUD,aud-written-representations,n,M-aud-written-representations,0
aud-wr-f3,flashcard,AUD,aud-written-representations,n,M-aud-written-representations,0
aud-wr-f4,flashcard,AUD,aud-written-representations,n,M-aud-written-representations,0
aud-wr-f5,flashcard,AUD,aud-written-representations,n,M-aud-written-representations,0
aud-wr-f6,flashcard,AUD,aud-written-representations,n,M-aud-written-representations,0
aud-tbs-r3-rep-letter,tbs-practice,AUD,aud-written-representations,n,M-aud-written-representations,0
far-accounting-changes,lesson,FAR,far-accounting-changes,n,M-far-accounting-changes,0
far-chg-pre1,mcq-lesson,FAR,far-accounting-changes,n,M-far-accounting-changes,0
far-chg-chk1,mcq-lesson,FAR,far-accounting-changes,n,M-far-accounting-changes,0
far-chg-chk2,mcq-lesson,FAR,far-accounting-changes,n,M-far-accounting-changes,0
far-chg-01,mcq-practice,FAR,far-accounting-changes,n,M-far-accounting-changes,0
far-chg-02,mcq-practice,FAR,far-accounting-changes,n,M-far-accounting-changes,0
far-chg-03,mcq-practice,FAR,far-accounting-changes,n,M-far-accounting-changes,0
far-chg-04,mcq-practice,FAR,far-accounting-changes,n,M-far-accounting-changes,0
far-chg-05,mcq-practice,FAR,far-accounting-changes,n,M-far-accounting-changes,0
far-chg-06,mcq-practice,FAR,far-accounting-changes,n,M-far-accounting-changes,0
far-chg-07,mcq-practice,FAR,far-accounting-changes,n,M-far-accounting-changes,0
far-chg-08,mcq-practice,FAR,far-accounting-changes,n,M-far-accounting-changes,0
far-chg-09,mcq-practice,FAR,far-accounting-changes,n,M-far-accounting-changes,0
far-chg-10,mcq-practice,FAR,far-accounting-changes,n,M-far-accounting-changes,0
far-chg-11,mcq-practice,FAR,far-accounting-changes,n,M-far-accounting-changes,0
far-chg-12,mcq-practice,FAR,far-accounting-changes,n,M-far-accounting-changes,0
far-chg-13,mcq-practice,FAR,far-accounting-changes,n,M-far-accounting-changes,0
far-chg-14,mcq-practice,FAR,far-accounting-changes,n,M-far-accounting-changes,0
far-chg-15,mcq-practice,FAR,far-accounting-changes,n,M-far-accounting-changes,0
far-chg-16,mcq-practice,FAR,far-accounting-changes,n,M-far-accounting-changes,0
far-chg-17,mcq-practice,FAR,far-accounting-changes,n,M-far-accounting-changes,0
far-chg-18,mcq-practice,FAR,far-accounting-changes,n,M-far-accounting-changes,0
far-chg-19,mcq-practice,FAR,far-accounting-changes,n,M-far-accounting-changes,0
far-chg-20,mcq-practice,FAR,far-accounting-changes,n,M-far-accounting-changes,0
far-chg-21,mcq-practice,FAR,far-accounting-changes,n,M-far-accounting-changes,0
far-chg-22,mcq-practice,FAR,far-accounting-changes,n,M-far-accounting-changes,0
far-chg-23,mcq-practice,FAR,far-accounting-changes,n,M-far-accounting-changes,0
far-chg-24,mcq-practice,FAR,far-accounting-changes,n,M-far-accounting-changes,0
far-chg-25,mcq-practice,FAR,far-accounting-changes,n,M-far-accounting-changes,0
far-chg-26,mcq-practice,FAR,far-accounting-changes,n,M-far-accounting-changes,0
far-chg-27,mcq-practice,FAR,far-accounting-changes,n,M-far-accounting-changes,0
far-chg-28,mcq-practice,FAR,far-accounting-changes,n,M-far-accounting-changes,0
far-x3-13,mcq-exam,FAR,far-accounting-changes,n,M-far-accounting-changes,0
far-x3-21,mcq-exam,FAR,far-accounting-changes,n,M-far-accounting-changes,0
far-x3-29,mcq-exam,FAR,far-accounting-changes,n,M-far-accounting-changes,0
far-chg-fc1,flashcard,FAR,far-accounting-changes,n,M-far-accounting-changes,0
far-chg-fc2,flashcard,FAR,far-accounting-changes,n,M-far-accounting-changes,0
far-chg-fc3,flashcard,FAR,far-accounting-changes,n,M-far-accounting-changes,0
far-chg-fc4,flashcard,FAR,far-accounting-changes,n,M-far-accounting-changes,0
far-chg-fc5,flashcard,FAR,far-accounting-changes,n,M-far-accounting-changes,0
far-chg-fc6,flashcard,FAR,far-accounting-changes,n,M-far-accounting-changes,0
far-tbs-r3-changes-errors,tbs-practice,FAR,far-accounting-changes,n,M-far-accounting-changes,0
far-tbs-u12-changes,tbs-practice,FAR,far-accounting-changes,n,M-far-accounting-changes,0
far-balance-sheet-equity,lesson,FAR,far-balance-sheet-equity,n,M-far-balance-sheet-equity,0
far-bse-pre1,mcq-lesson,FAR,far-balance-sheet-equity,n,M-far-balance-sheet-equity,0
far-bse-chk1,mcq-lesson,FAR,far-balance-sheet-equity,n,M-far-balance-sheet-equity,0
far-bse-chk2,mcq-lesson,FAR,far-balance-sheet-equity,n,M-far-balance-sheet-equity,0
far-bse-01,mcq-practice,FAR,far-balance-sheet-equity,n,M-far-balance-sheet-equity,0
far-bse-02,mcq-practice,FAR,far-balance-sheet-equity,n,M-far-balance-sheet-equity,0
far-bse-03,mcq-practice,FAR,far-balance-sheet-equity,n,M-far-balance-sheet-equity,0
far-bse-04,mcq-practice,FAR,far-balance-sheet-equity,n,M-far-balance-sheet-equity,0
far-bse-05,mcq-practice,FAR,far-balance-sheet-equity,n,M-far-balance-sheet-equity,0
far-bse-06,mcq-practice,FAR,far-balance-sheet-equity,n,M-far-balance-sheet-equity,0
far-bse-07,mcq-practice,FAR,far-balance-sheet-equity,n,M-far-balance-sheet-equity,0
far-bse-08,mcq-practice,FAR,far-balance-sheet-equity,n,M-far-balance-sheet-equity,0
far-bse-09,mcq-practice,FAR,far-balance-sheet-equity,n,M-far-balance-sheet-equity,0
far-bse-10,mcq-practice,FAR,far-balance-sheet-equity,n,M-far-balance-sheet-equity,0
far-bse-11,mcq-practice,FAR,far-balance-sheet-equity,n,M-far-balance-sheet-equity,0
far-bse-12,mcq-practice,FAR,far-balance-sheet-equity,n,M-far-balance-sheet-equity,0
far-bse-13,mcq-practice,FAR,far-balance-sheet-equity,n,M-far-balance-sheet-equity,0
far-bse-14,mcq-practice,FAR,far-balance-sheet-equity,n,M-far-balance-sheet-equity,0
far-bse-15,mcq-practice,FAR,far-balance-sheet-equity,n,M-far-balance-sheet-equity,0
far-bse-16,mcq-practice,FAR,far-balance-sheet-equity,n,M-far-balance-sheet-equity,0
far-bse-17,mcq-practice,FAR,far-balance-sheet-equity,n,M-far-balance-sheet-equity,0
far-bse-18,mcq-practice,FAR,far-balance-sheet-equity,n,M-far-balance-sheet-equity,0
far-bse-19,mcq-practice,FAR,far-balance-sheet-equity,n,M-far-balance-sheet-equity,0
far-bse-20,mcq-practice,FAR,far-balance-sheet-equity,n,M-far-balance-sheet-equity,0
far-bse-21,mcq-practice,FAR,far-balance-sheet-equity,n,M-far-balance-sheet-equity,0
far-bse-22,mcq-practice,FAR,far-balance-sheet-equity,n,M-far-balance-sheet-equity,0
far-bse-23,mcq-practice,FAR,far-balance-sheet-equity,n,M-far-balance-sheet-equity,0
far-bse-24,mcq-practice,FAR,far-balance-sheet-equity,n,M-far-balance-sheet-equity,0
far-bse-25,mcq-practice,FAR,far-balance-sheet-equity,n,M-far-balance-sheet-equity,0
far-bse-26,mcq-practice,FAR,far-balance-sheet-equity,n,M-far-balance-sheet-equity,0
far-bse-27,mcq-practice,FAR,far-balance-sheet-equity,n,M-far-balance-sheet-equity,0
far-bse-28,mcq-practice,FAR,far-balance-sheet-equity,n,M-far-balance-sheet-equity,0
far-x1-02,mcq-exam,FAR,far-balance-sheet-equity,n,M-far-balance-sheet-equity,0
far-x1-19,mcq-exam,FAR,far-balance-sheet-equity,n,M-far-balance-sheet-equity,0
far-x1-28,mcq-exam,FAR,far-balance-sheet-equity,n,M-far-balance-sheet-equity,0
far-bse-fc1,flashcard,FAR,far-balance-sheet-equity,n,M-far-balance-sheet-equity,0
far-bse-fc2,flashcard,FAR,far-balance-sheet-equity,n,M-far-balance-sheet-equity,0
far-bse-fc3,flashcard,FAR,far-balance-sheet-equity,n,M-far-balance-sheet-equity,0
far-bse-fc4,flashcard,FAR,far-balance-sheet-equity,n,M-far-balance-sheet-equity,0
far-bse-fc5,flashcard,FAR,far-balance-sheet-equity,n,M-far-balance-sheet-equity,0
far-bse-fc6,flashcard,FAR,far-balance-sheet-equity,n,M-far-balance-sheet-equity,0
far-bse-fc7,flashcard,FAR,far-balance-sheet-equity,n,M-far-balance-sheet-equity,0
far-bse-fc8,flashcard,FAR,far-balance-sheet-equity,n,M-far-balance-sheet-equity,0
far-tbs-u1-statement-review,tbs-practice,FAR,far-balance-sheet-equity,n,M-far-balance-sheet-equity,0
far-benefit-plans,lesson,FAR,far-benefit-plans,n,M-far-benefit-plans,0
far-ebp-pre1,mcq-lesson,FAR,far-benefit-plans,n,M-far-benefit-plans,0
far-ebp-chk1,mcq-lesson,FAR,far-benefit-plans,n,M-far-benefit-plans,0
far-ebp-chk2,mcq-lesson,FAR,far-benefit-plans,n,M-far-benefit-plans,0
far-ebp-01,mcq-practice,FAR,far-benefit-plans,n,M-far-benefit-plans,0
far-ebp-02,mcq-practice,FAR,far-benefit-plans,n,M-far-benefit-plans,0
far-ebp-03,mcq-practice,FAR,far-benefit-plans,n,M-far-benefit-plans,0
far-ebp-04,mcq-practice,FAR,far-benefit-plans,n,M-far-benefit-plans,0
far-ebp-05,mcq-practice,FAR,far-benefit-plans,n,M-far-benefit-plans,0
far-ebp-06,mcq-practice,FAR,far-benefit-plans,n,M-far-benefit-plans,0
far-ebp-07,mcq-practice,FAR,far-benefit-plans,n,M-far-benefit-plans,0
far-ebp-08,mcq-practice,FAR,far-benefit-plans,n,M-far-benefit-plans,0
far-ebp-09,mcq-practice,FAR,far-benefit-plans,n,M-far-benefit-plans,0
far-ebp-10,mcq-practice,FAR,far-benefit-plans,n,M-far-benefit-plans,0
far-x1-18,mcq-exam,FAR,far-benefit-plans,n,M-far-benefit-plans,0
far-ebp-fc1,flashcard,FAR,far-benefit-plans,n,M-far-benefit-plans,0
far-ebp-fc2,flashcard,FAR,far-benefit-plans,n,M-far-benefit-plans,0
far-ebp-fc3,flashcard,FAR,far-benefit-plans,n,M-far-benefit-plans,0
far-ebp-fc4,flashcard,FAR,far-benefit-plans,n,M-far-benefit-plans,0
far-ebp-fc5,flashcard,FAR,far-benefit-plans,n,M-far-benefit-plans,0
far-ebp-fc6,flashcard,FAR,far-benefit-plans,n,M-far-benefit-plans,0
far-bonds,lesson,FAR,far-bonds,y,M-far-bonds,4
far-bond-pre1,mcq-lesson,FAR,far-bonds,y,M-far-bonds,0
far-bond-chk1,mcq-lesson,FAR,far-bonds,y,M-far-bonds,0
far-bond-chk2,mcq-lesson,FAR,far-bonds,y,M-far-bonds,0
far-bond-01,mcq-practice,FAR,far-bonds,y,M-far-bonds,2
far-bond-02,mcq-practice,FAR,far-bonds,y,M-far-bonds,2
far-bond-03,mcq-practice,FAR,far-bonds,y,M-far-bonds,0
far-bond-04,mcq-practice,FAR,far-bonds,y,M-far-bonds,1
far-bond-05,mcq-practice,FAR,far-bonds,y,M-far-bonds,1
far-bond-06,mcq-practice,FAR,far-bonds,y,M-far-bonds,1
far-bond-07,mcq-practice,FAR,far-bonds,y,M-far-bonds,0
far-bond-08,mcq-practice,FAR,far-bonds,y,M-far-bonds,0
far-bond-09,mcq-practice,FAR,far-bonds,y,M-far-bonds,0
far-bond-10,mcq-practice,FAR,far-bonds,y,M-far-bonds,0
far-bond-11,mcq-practice,FAR,far-bonds,y,M-far-bonds,0
far-bond-12,mcq-practice,FAR,far-bonds,y,M-far-bonds,3
far-bond-13,mcq-practice,FAR,far-bonds,y,M-far-bonds,0
far-bond-14,mcq-practice,FAR,far-bonds,y,M-far-bonds,4
far-bond-15,mcq-practice,FAR,far-bonds,y,M-far-bonds,1
far-bond-16,mcq-practice,FAR,far-bonds,y,M-far-bonds,4
far-bond-17,mcq-practice,FAR,far-bonds,y,M-far-bonds,4
far-bond-18,mcq-practice,FAR,far-bonds,y,M-far-bonds,2
far-bond-19,mcq-practice,FAR,far-bonds,y,M-far-bonds,1
far-bond-20,mcq-practice,FAR,far-bonds,y,M-far-bonds,1
far-bond-21,mcq-practice,FAR,far-bonds,y,M-far-bonds,5
far-bond-22,mcq-practice,FAR,far-bonds,y,M-far-bonds,6
far-bond-23,mcq-practice,FAR,far-bonds,y,M-far-bonds,4
far-bond-24,mcq-practice,FAR,far-bonds,y,M-far-bonds,4
far-bond-25,mcq-practice,FAR,far-bonds,y,M-far-bonds,6
far-bond-26,mcq-practice,FAR,far-bonds,y,M-far-bonds,4
far-bond-27,mcq-practice,FAR,far-bonds,y,M-far-bonds,4
far-bond-28,mcq-practice,FAR,far-bonds,y,M-far-bonds,4
far-x2-15,mcq-exam,FAR,far-bonds,y,M-far-bonds,1
far-x2-24,mcq-exam,FAR,far-bonds,y,M-far-bonds,3
far-bond-fc1,flashcard,FAR,far-bonds,y,M-far-bonds,0
far-bond-fc2,flashcard,FAR,far-bonds,y,M-far-bonds,0
far-bond-fc3,flashcard,FAR,far-bonds,y,M-far-bonds,0
far-bond-fc4,flashcard,FAR,far-bonds,y,M-far-bonds,0
far-bond-fc5,flashcard,FAR,far-bonds,y,M-far-bonds,0
far-bond-fc6,flashcard,FAR,far-bonds,y,M-far-bonds,0
far-tbs-u8-bonds,tbs-practice,FAR,far-bonds,y,M-far-bonds,1
far-tbs-x2-bonds,tbs-exam,FAR,far-bonds,y,M-far-bonds,1
far-cash,lesson,FAR,far-cash,n,M-far-cash,0
far-cash-pre1,mcq-lesson,FAR,far-cash,n,M-far-cash,0
far-cash-chk1,mcq-lesson,FAR,far-cash,n,M-far-cash,0
far-cash-chk2,mcq-lesson,FAR,far-cash,n,M-far-cash,0
far-cash-01,mcq-practice,FAR,far-cash,n,M-far-cash,0
far-cash-02,mcq-practice,FAR,far-cash,n,M-far-cash,0
far-cash-03,mcq-practice,FAR,far-cash,n,M-far-cash,0
far-cash-04,mcq-practice,FAR,far-cash,n,M-far-cash,0
far-cash-05,mcq-practice,FAR,far-cash,n,M-far-cash,0
far-cash-06,mcq-practice,FAR,far-cash,n,M-far-cash,0
far-cash-07,mcq-practice,FAR,far-cash,n,M-far-cash,0
far-cash-08,mcq-practice,FAR,far-cash,n,M-far-cash,0
far-cash-09,mcq-practice,FAR,far-cash,n,M-far-cash,0
far-cash-10,mcq-practice,FAR,far-cash,n,M-far-cash,0
far-cash-11,mcq-practice,FAR,far-cash,n,M-far-cash,0
far-cash-12,mcq-practice,FAR,far-cash,n,M-far-cash,0
far-cash-13,mcq-practice,FAR,far-cash,n,M-far-cash,0
far-cash-14,mcq-practice,FAR,far-cash,n,M-far-cash,0
far-cash-15,mcq-practice,FAR,far-cash,n,M-far-cash,0
far-cash-16,mcq-practice,FAR,far-cash,n,M-far-cash,0
far-cash-17,mcq-practice,FAR,far-cash,n,M-far-cash,0
far-cash-18,mcq-practice,FAR,far-cash,n,M-far-cash,0
far-cash-19,mcq-practice,FAR,far-cash,n,M-far-cash,0
far-cash-20,mcq-practice,FAR,far-cash,n,M-far-cash,0
far-cash-21,mcq-practice,FAR,far-cash,n,M-far-cash,0
far-cash-22,mcq-practice,FAR,far-cash,n,M-far-cash,0
far-cash-23,mcq-practice,FAR,far-cash,n,M-far-cash,0
far-cash-24,mcq-practice,FAR,far-cash,n,M-far-cash,0
far-cash-25,mcq-practice,FAR,far-cash,n,M-far-cash,0
far-cash-26,mcq-practice,FAR,far-cash,n,M-far-cash,0
far-cash-27,mcq-practice,FAR,far-cash,n,M-far-cash,0
far-cash-28,mcq-practice,FAR,far-cash,n,M-far-cash,0
far-x2-01,mcq-exam,FAR,far-cash,n,M-far-cash,0
far-x2-18,mcq-exam,FAR,far-cash,n,M-far-cash,0
far-cash-fc1,flashcard,FAR,far-cash,n,M-far-cash,0
far-cash-fc2,flashcard,FAR,far-cash,n,M-far-cash,0
far-cash-fc3,flashcard,FAR,far-cash,n,M-far-cash,0
far-cash-fc4,flashcard,FAR,far-cash,n,M-far-cash,0
far-cash-fc5,flashcard,FAR,far-cash,n,M-far-cash,0
far-cash-fc6,flashcard,FAR,far-cash,n,M-far-cash,0
far-tbs-u5-cash-receivables,tbs-practice,FAR,far-cash,n,M-far-cash,0
far-cash-flows,lesson,FAR,far-cash-flows,n,M-far-cash-flows,0
far-scf-pre1,mcq-lesson,FAR,far-cash-flows,n,M-far-cash-flows,0
far-scf-chk1,mcq-lesson,FAR,far-cash-flows,n,M-far-cash-flows,0
far-scf-chk2,mcq-lesson,FAR,far-cash-flows,n,M-far-cash-flows,0
far-scf-02,mcq-practice,FAR,far-cash-flows,n,M-far-cash-flows,0
far-scf-03,mcq-practice,FAR,far-cash-flows,n,M-far-cash-flows,0
far-scf-04,mcq-practice,FAR,far-cash-flows,n,M-far-cash-flows,0
far-scf-05,mcq-practice,FAR,far-cash-flows,n,M-far-cash-flows,0
far-scf-06,mcq-practice,FAR,far-cash-flows,n,M-far-cash-flows,0
far-scf-07,mcq-practice,FAR,far-cash-flows,n,M-far-cash-flows,0
far-scf-08,mcq-practice,FAR,far-cash-flows,n,M-far-cash-flows,0
far-scf-09,mcq-practice,FAR,far-cash-flows,n,M-far-cash-flows,0
far-scf-10,mcq-practice,FAR,far-cash-flows,n,M-far-cash-flows,0
far-scf-11,mcq-practice,FAR,far-cash-flows,n,M-far-cash-flows,0
far-scf-12,mcq-practice,FAR,far-cash-flows,n,M-far-cash-flows,0
far-scf-13,mcq-practice,FAR,far-cash-flows,n,M-far-cash-flows,0
far-scf-14,mcq-practice,FAR,far-cash-flows,n,M-far-cash-flows,0
far-scf-15,mcq-practice,FAR,far-cash-flows,n,M-far-cash-flows,0
far-scf-16,mcq-practice,FAR,far-cash-flows,n,M-far-cash-flows,0
far-scf-17,mcq-practice,FAR,far-cash-flows,n,M-far-cash-flows,0
far-scf-18,mcq-practice,FAR,far-cash-flows,n,M-far-cash-flows,0
far-scf-19,mcq-practice,FAR,far-cash-flows,n,M-far-cash-flows,0
far-scf-20,mcq-practice,FAR,far-cash-flows,n,M-far-cash-flows,0
far-scf-21,mcq-practice,FAR,far-cash-flows,n,M-far-cash-flows,0
far-scf-22,mcq-practice,FAR,far-cash-flows,n,M-far-cash-flows,0
far-scf-23,mcq-practice,FAR,far-cash-flows,n,M-far-cash-flows,0
far-scf-24,mcq-practice,FAR,far-cash-flows,n,M-far-cash-flows,0
far-scf-25,mcq-practice,FAR,far-cash-flows,n,M-far-cash-flows,0
far-scf-26,mcq-practice,FAR,far-cash-flows,n,M-far-cash-flows,0
far-scf-27,mcq-practice,FAR,far-cash-flows,n,M-far-cash-flows,0
far-scf-28,mcq-practice,FAR,far-cash-flows,n,M-far-cash-flows,0
far-scf-29,mcq-practice,FAR,far-cash-flows,n,M-far-cash-flows,0
far-x1-05,mcq-exam,FAR,far-cash-flows,n,M-far-cash-flows,0
far-x1-06,mcq-exam,FAR,far-cash-flows,n,M-far-cash-flows,0
far-scf-01,mcq-exam,FAR,far-cash-flows,n,M-far-cash-flows,0
far-x1-21,mcq-exam,FAR,far-cash-flows,n,M-far-cash-flows,0
far-x1-30,mcq-exam,FAR,far-cash-flows,n,M-far-cash-flows,0
far-scf-fc1,flashcard,FAR,far-cash-flows,n,M-far-cash-flows,0
far-scf-fc2,flashcard,FAR,far-cash-flows,n,M-far-cash-flows,0
far-scf-fc3,flashcard,FAR,far-cash-flows,n,M-far-cash-flows,0
far-scf-fc4,flashcard,FAR,far-cash-flows,n,M-far-cash-flows,0
far-scf-fc5,flashcard,FAR,far-cash-flows,n,M-far-cash-flows,0
far-scf-fc6,flashcard,FAR,far-cash-flows,n,M-far-cash-flows,0
far-scf-fc7,flashcard,FAR,far-cash-flows,n,M-far-cash-flows,0
far-scf-fc8,flashcard,FAR,far-cash-flows,n,M-far-cash-flows,0
far-tbs-u1-cash-flow-review,tbs-practice,FAR,far-cash-flows,n,M-far-cash-flows,0
far-tbs-u1-cash-flows,tbs-practice,FAR,far-cash-flows,n,M-far-cash-flows,0
far-tbs-x1-cash-flows,tbs-exam,FAR,far-cash-flows,n,M-far-cash-flows,0
far-conceptual-framework,lesson,FAR,far-conceptual-framework,n,M-far-conceptual-framework,0
far-cf-pre1,mcq-lesson,FAR,far-conceptual-framework,n,M-far-conceptual-framework,0
far-cf-chk1,mcq-lesson,FAR,far-conceptual-framework,n,M-far-conceptual-framework,0
far-cf-chk2,mcq-lesson,FAR,far-conceptual-framework,n,M-far-conceptual-framework,0
far-cf-01,mcq-practice,FAR,far-conceptual-framework,n,M-far-conceptual-framework,0
far-cf-02,mcq-practice,FAR,far-conceptual-framework,n,M-far-conceptual-framework,0
far-cf-03,mcq-practice,FAR,far-conceptual-framework,n,M-far-conceptual-framework,0
far-cf-04,mcq-practice,FAR,far-conceptual-framework,n,M-far-conceptual-framework,0
far-cf-05,mcq-practice,FAR,far-conceptual-framework,n,M-far-conceptual-framework,0
far-cf-06,mcq-practice,FAR,far-conceptual-framework,n,M-far-conceptual-framework,0
far-cf-07,mcq-practice,FAR,far-conceptual-framework,n,M-far-conceptual-framework,0
far-cf-08,mcq-practice,FAR,far-conceptual-framework,n,M-far-conceptual-framework,0
far-cf-09,mcq-practice,FAR,far-conceptual-framework,n,M-far-conceptual-framework,0
far-cf-10,mcq-practice,FAR,far-conceptual-framework,n,M-far-conceptual-framework,0
far-cf-11,mcq-practice,FAR,far-conceptual-framework,n,M-far-conceptual-framework,0
far-cf-12,mcq-practice,FAR,far-conceptual-framework,n,M-far-conceptual-framework,0
far-x1-01,mcq-exam,FAR,far-conceptual-framework,n,M-far-conceptual-framework,0
far-cf-fc1,flashcard,FAR,far-conceptual-framework,n,M-far-conceptual-framework,0
far-cf-fc2,flashcard,FAR,far-conceptual-framework,n,M-far-conceptual-framework,0
far-cf-fc3,flashcard,FAR,far-conceptual-framework,n,M-far-conceptual-framework,0
far-cf-fc4,flashcard,FAR,far-conceptual-framework,n,M-far-conceptual-framework,0
far-cf-fc5,flashcard,FAR,far-conceptual-framework,n,M-far-conceptual-framework,0
far-cf-fc6,flashcard,FAR,far-conceptual-framework,n,M-far-conceptual-framework,0
far-cf-fc7,flashcard,FAR,far-conceptual-framework,n,M-far-conceptual-framework,0
far-cf-fc8,flashcard,FAR,far-conceptual-framework,n,M-far-conceptual-framework,0
far-cf-fc9,flashcard,FAR,far-conceptual-framework,n,M-far-conceptual-framework,0
far-consolidations,lesson,FAR,far-consolidations,n,M-far-consolidations,0
far-con-pre1,mcq-lesson,FAR,far-consolidations,n,M-far-consolidations,0
far-con-chk1,mcq-lesson,FAR,far-consolidations,n,M-far-consolidations,0
far-con-chk2,mcq-lesson,FAR,far-consolidations,n,M-far-consolidations,0
far-con-01,mcq-practice,FAR,far-consolidations,n,M-far-consolidations,0
far-con-02,mcq-practice,FAR,far-consolidations,n,M-far-consolidations,0
far-con-03,mcq-practice,FAR,far-consolidations,n,M-far-consolidations,0
far-con-04,mcq-practice,FAR,far-consolidations,n,M-far-consolidations,0
far-con-05,mcq-practice,FAR,far-consolidations,n,M-far-consolidations,0
far-con-06,mcq-practice,FAR,far-consolidations,n,M-far-consolidations,0
far-con-07,mcq-practice,FAR,far-consolidations,n,M-far-consolidations,0
far-con-08,mcq-practice,FAR,far-consolidations,n,M-far-consolidations,0
far-con-09,mcq-practice,FAR,far-consolidations,n,M-far-consolidations,0
far-con-10,mcq-practice,FAR,far-consolidations,n,M-far-consolidations,0
far-con-11,mcq-practice,FAR,far-consolidations,n,M-far-consolidations,0
far-con-12,mcq-practice,FAR,far-consolidations,n,M-far-consolidations,0
far-con-13,mcq-practice,FAR,far-consolidations,n,M-far-consolidations,0
far-con-14,mcq-practice,FAR,far-consolidations,n,M-far-consolidations,0
far-con-15,mcq-practice,FAR,far-consolidations,n,M-far-consolidations,0
far-con-16,mcq-practice,FAR,far-consolidations,n,M-far-consolidations,0
far-con-17,mcq-practice,FAR,far-consolidations,n,M-far-consolidations,0
far-con-18,mcq-practice,FAR,far-consolidations,n,M-far-consolidations,0
far-con-19,mcq-practice,FAR,far-consolidations,n,M-far-consolidations,0
far-con-20,mcq-practice,FAR,far-consolidations,n,M-far-consolidations,0
far-con-21,mcq-practice,FAR,far-consolidations,n,M-far-consolidations,0
far-con-22,mcq-practice,FAR,far-consolidations,n,M-far-consolidations,0
far-con-23,mcq-practice,FAR,far-consolidations,n,M-far-consolidations,0
far-con-24,mcq-practice,FAR,far-consolidations,n,M-far-consolidations,0
far-con-25,mcq-practice,FAR,far-consolidations,n,M-far-consolidations,0
far-con-26,mcq-practice,FAR,far-consolidations,n,M-far-consolidations,0
far-con-27,mcq-practice,FAR,far-consolidations,n,M-far-consolidations,0
far-con-28,mcq-practice,FAR,far-consolidations,n,M-far-consolidations,0
far-x1-13,mcq-exam,FAR,far-consolidations,n,M-far-consolidations,0
far-x1-14,mcq-exam,FAR,far-consolidations,n,M-far-consolidations,0
far-x1-23,mcq-exam,FAR,far-consolidations,n,M-far-consolidations,0
far-x1-33,mcq-exam,FAR,far-consolidations,n,M-far-consolidations,0
far-con-fc1,flashcard,FAR,far-consolidations,n,M-far-consolidations,0
far-con-fc2,flashcard,FAR,far-consolidations,n,M-far-consolidations,0
far-con-fc3,flashcard,FAR,far-consolidations,n,M-far-consolidations,0
far-con-fc4,flashcard,FAR,far-consolidations,n,M-far-consolidations,0
far-con-fc5,flashcard,FAR,far-consolidations,n,M-far-consolidations,0
far-con-fc6,flashcard,FAR,far-consolidations,n,M-far-consolidations,0
far-con-fc7,flashcard,FAR,far-consolidations,n,M-far-consolidations,0
far-tbs-r3-consolidation,tbs-practice,FAR,far-consolidations,n,M-far-consolidations,0
far-tbs-u3-acquisition-review,tbs-practice,FAR,far-consolidations,n,M-far-consolidations,0
far-tbs-u3-consolidation-review,tbs-practice,FAR,far-consolidations,n,M-far-consolidations,0
far-tbs-u3-consolidation,tbs-practice,FAR,far-consolidations,n,M-far-consolidations,0
far-tbs-x1-consolidation,tbs-exam,FAR,far-consolidations,n,M-far-consolidations,0
far-contingencies,lesson,FAR,far-contingencies,n,M-far-contingencies,0
far-cont-pre1,mcq-lesson,FAR,far-contingencies,n,M-far-contingencies,0
far-cont-chk1,mcq-lesson,FAR,far-contingencies,n,M-far-contingencies,0
far-cont-chk2,mcq-lesson,FAR,far-contingencies,n,M-far-contingencies,0
far-cont-01,mcq-practice,FAR,far-contingencies,n,M-far-contingencies,0
far-cont-02,mcq-practice,FAR,far-contingencies,n,M-far-contingencies,0
far-cont-03,mcq-practice,FAR,far-contingencies,n,M-far-contingencies,0
far-cont-04,mcq-practice,FAR,far-contingencies,n,M-far-contingencies,0
far-cont-05,mcq-practice,FAR,far-contingencies,n,M-far-contingencies,0
far-cont-06,mcq-practice,FAR,far-contingencies,n,M-far-contingencies,0
far-cont-07,mcq-practice,FAR,far-contingencies,n,M-far-contingencies,0
far-cont-08,mcq-practice,FAR,far-contingencies,n,M-far-contingencies,0
far-cont-09,mcq-practice,FAR,far-contingencies,n,M-far-contingencies,0
far-cont-10,mcq-practice,FAR,far-contingencies,n,M-far-contingencies,0
far-cont-11,mcq-practice,FAR,far-contingencies,n,M-far-contingencies,0
far-cont-12,mcq-practice,FAR,far-contingencies,n,M-far-contingencies,0
far-cont-13,mcq-practice,FAR,far-contingencies,n,M-far-contingencies,0
far-cont-14,mcq-practice,FAR,far-contingencies,n,M-far-contingencies,0
far-cont-15,mcq-practice,FAR,far-contingencies,n,M-far-contingencies,0
far-cont-16,mcq-practice,FAR,far-contingencies,n,M-far-contingencies,0
far-cont-17,mcq-practice,FAR,far-contingencies,n,M-far-contingencies,0
far-cont-18,mcq-practice,FAR,far-contingencies,n,M-far-contingencies,0
far-cont-19,mcq-practice,FAR,far-contingencies,n,M-far-contingencies,0
far-cont-20,mcq-practice,FAR,far-contingencies,n,M-far-contingencies,0
far-cont-21,mcq-practice,FAR,far-contingencies,n,M-far-contingencies,0
far-cont-22,mcq-practice,FAR,far-contingencies,n,M-far-contingencies,0
far-cont-23,mcq-practice,FAR,far-contingencies,n,M-far-contingencies,0
far-cont-24,mcq-practice,FAR,far-contingencies,n,M-far-contingencies,0
far-cont-25,mcq-practice,FAR,far-contingencies,n,M-far-contingencies,0
far-cont-26,mcq-practice,FAR,far-contingencies,n,M-far-contingencies,0
far-cont-27,mcq-practice,FAR,far-contingencies,n,M-far-contingencies,0
far-cont-28,mcq-practice,FAR,far-contingencies,n,M-far-contingencies,0
far-x3-14,mcq-exam,FAR,far-contingencies,n,M-far-contingencies,0
far-x3-22,mcq-exam,FAR,far-contingencies,n,M-far-contingencies,0
far-x3-30,mcq-exam,FAR,far-contingencies,n,M-far-contingencies,0
far-cont-fc1,flashcard,FAR,far-contingencies,n,M-far-contingencies,0
far-cont-fc2,flashcard,FAR,far-contingencies,n,M-far-contingencies,0
far-cont-fc3,flashcard,FAR,far-contingencies,n,M-far-contingencies,0
far-cont-fc4,flashcard,FAR,far-contingencies,n,M-far-contingencies,0
far-cont-fc5,flashcard,FAR,far-contingencies,n,M-far-contingencies,0
far-cont-fc6,flashcard,FAR,far-contingencies,n,M-far-contingencies,0
far-cont-fc7,flashcard,FAR,far-contingencies,n,M-far-contingencies,0
far-tbs-r3-contingencies,tbs-practice,FAR,far-contingencies,n,M-far-contingencies,0
far-tbs-u12-contingencies,tbs-practice,FAR,far-contingencies,n,M-far-contingencies,0
far-debt-other,lesson,FAR,far-debt-other,n,M-far-debt-other,0
far-dbt-pre1,mcq-lesson,FAR,far-debt-other,n,M-far-debt-other,0
far-dbt-chk1,mcq-lesson,FAR,far-debt-other,n,M-far-debt-other,0
far-dbt-chk2,mcq-lesson,FAR,far-debt-other,n,M-far-debt-other,0
far-dbt-01,mcq-practice,FAR,far-debt-other,n,M-far-debt-other,0
far-dbt-02,mcq-practice,FAR,far-debt-other,n,M-far-debt-other,0
far-dbt-03,mcq-practice,FAR,far-debt-other,n,M-far-debt-other,0
far-dbt-04,mcq-practice,FAR,far-debt-other,n,M-far-debt-other,0
far-dbt-05,mcq-practice,FAR,far-debt-other,n,M-far-debt-other,0
far-dbt-06,mcq-practice,FAR,far-debt-other,n,M-far-debt-other,0
far-dbt-07,mcq-practice,FAR,far-debt-other,n,M-far-debt-other,0
far-dbt-08,mcq-practice,FAR,far-debt-other,n,M-far-debt-other,0
far-dbt-09,mcq-practice,FAR,far-debt-other,n,M-far-debt-other,0
far-dbt-10,mcq-practice,FAR,far-debt-other,n,M-far-debt-other,0
far-dbt-11,mcq-practice,FAR,far-debt-other,n,M-far-debt-other,0
far-dbt-12,mcq-practice,FAR,far-debt-other,n,M-far-debt-other,0
far-dbt-13,mcq-practice,FAR,far-debt-other,n,M-far-debt-other,0
far-dbt-14,mcq-practice,FAR,far-debt-other,n,M-far-debt-other,0
far-dbt-15,mcq-practice,FAR,far-debt-other,n,M-far-debt-other,0
far-dbt-16,mcq-practice,FAR,far-debt-other,n,M-far-debt-other,0
far-dbt-17,mcq-practice,FAR,far-debt-other,n,M-far-debt-other,0
far-dbt-18,mcq-practice,FAR,far-debt-other,n,M-far-debt-other,0
far-dbt-19,mcq-practice,FAR,far-debt-other,n,M-far-debt-other,0
far-dbt-20,mcq-practice,FAR,far-debt-other,n,M-far-debt-other,0
far-dbt-21,mcq-practice,FAR,far-debt-other,n,M-far-debt-other,0
far-dbt-22,mcq-practice,FAR,far-debt-other,n,M-far-debt-other,0
far-dbt-23,mcq-practice,FAR,far-debt-other,n,M-far-debt-other,0
far-dbt-24,mcq-practice,FAR,far-debt-other,n,M-far-debt-other,0
far-dbt-25,mcq-practice,FAR,far-debt-other,n,M-far-debt-other,0
far-dbt-26,mcq-practice,FAR,far-debt-other,n,M-far-debt-other,0
far-dbt-27,mcq-practice,FAR,far-debt-other,n,M-far-debt-other,0
far-dbt-28,mcq-practice,FAR,far-debt-other,n,M-far-debt-other,0
far-x2-16,mcq-exam,FAR,far-debt-other,n,M-far-debt-other,0
far-x2-32,mcq-exam,FAR,far-debt-other,n,M-far-debt-other,0
far-dbt-fc1,flashcard,FAR,far-debt-other,n,M-far-debt-other,0
far-dbt-fc2,flashcard,FAR,far-debt-other,n,M-far-debt-other,0
far-dbt-fc3,flashcard,FAR,far-debt-other,n,M-far-debt-other,0
far-dbt-fc4,flashcard,FAR,far-debt-other,n,M-far-debt-other,0
far-dbt-fc5,flashcard,FAR,far-debt-other,n,M-far-debt-other,0
far-debt-securities,lesson,FAR,far-debt-securities,n,M-far-debt-securities,0
far-dsec-pre1,mcq-lesson,FAR,far-debt-securities,n,M-far-debt-securities,0
far-dsec-chk1,mcq-lesson,FAR,far-debt-securities,n,M-far-debt-securities,0
far-dsec-chk2,mcq-lesson,FAR,far-debt-securities,n,M-far-debt-securities,0
far-dsec-01,mcq-practice,FAR,far-debt-securities,n,M-far-debt-securities,0
far-dsec-02,mcq-practice,FAR,far-debt-securities,n,M-far-debt-securities,0
far-dsec-03,mcq-practice,FAR,far-debt-securities,n,M-far-debt-securities,0
far-dsec-04,mcq-practice,FAR,far-debt-securities,n,M-far-debt-securities,0
far-dsec-05,mcq-practice,FAR,far-debt-securities,n,M-far-debt-securities,0
far-dsec-06,mcq-practice,FAR,far-debt-securities,n,M-far-debt-securities,0
far-dsec-07,mcq-practice,FAR,far-debt-securities,n,M-far-debt-securities,0
far-dsec-08,mcq-practice,FAR,far-debt-securities,n,M-far-debt-securities,0
far-dsec-09,mcq-practice,FAR,far-debt-securities,n,M-far-debt-securities,0
far-dsec-10,mcq-practice,FAR,far-debt-securities,n,M-far-debt-securities,0
far-dsec-11,mcq-practice,FAR,far-debt-securities,n,M-far-debt-securities,0
far-dsec-12,mcq-practice,FAR,far-debt-securities,n,M-far-debt-securities,0
far-dsec-13,mcq-practice,FAR,far-debt-securities,n,M-far-debt-securities,0
far-dsec-14,mcq-practice,FAR,far-debt-securities,n,M-far-debt-securities,0
far-dsec-15,mcq-practice,FAR,far-debt-securities,n,M-far-debt-securities,0
far-dsec-16,mcq-practice,FAR,far-debt-securities,n,M-far-debt-securities,0
far-dsec-17,mcq-practice,FAR,far-debt-securities,n,M-far-debt-securities,0
far-dsec-18,mcq-practice,FAR,far-debt-securities,n,M-far-debt-securities,0
far-dsec-19,mcq-practice,FAR,far-debt-securities,n,M-far-debt-securities,0
far-dsec-20,mcq-practice,FAR,far-debt-securities,n,M-far-debt-securities,0
far-dsec-21,mcq-practice,FAR,far-debt-securities,n,M-far-debt-securities,0
far-dsec-22,mcq-practice,FAR,far-debt-securities,n,M-far-debt-securities,0
far-dsec-23,mcq-practice,FAR,far-debt-securities,n,M-far-debt-securities,0
far-dsec-24,mcq-practice,FAR,far-debt-securities,n,M-far-debt-securities,0
far-dsec-25,mcq-practice,FAR,far-debt-securities,n,M-far-debt-securities,0
far-dsec-26,mcq-practice,FAR,far-debt-securities,n,M-far-debt-securities,0
far-dsec-27,mcq-practice,FAR,far-debt-securities,n,M-far-debt-securities,0
far-dsec-28,mcq-practice,FAR,far-debt-securities,n,M-far-debt-securities,0
far-x2-12,mcq-exam,FAR,far-debt-securities,n,M-far-debt-securities,0
far-x2-13,mcq-exam,FAR,far-debt-securities,n,M-far-debt-securities,0
far-x2-23,mcq-exam,FAR,far-debt-securities,n,M-far-debt-securities,0
far-dsec-fc1,flashcard,FAR,far-debt-securities,n,M-far-debt-securities,0
far-dsec-fc2,flashcard,FAR,far-debt-securities,n,M-far-debt-securities,0
far-dsec-fc3,flashcard,FAR,far-debt-securities,n,M-far-debt-securities,0
far-dsec-fc4,flashcard,FAR,far-debt-securities,n,M-far-debt-securities,0
far-dsec-fc5,flashcard,FAR,far-debt-securities,n,M-far-debt-securities,0
far-dsec-fc6,flashcard,FAR,far-debt-securities,n,M-far-debt-securities,0
far-tbs-r3-securities-review,tbs-practice,FAR,far-debt-securities,n,M-far-debt-securities,0
far-tbs-u7-debt-securities,tbs-practice,FAR,far-debt-securities,n,M-far-debt-securities,0
far-depreciation,lesson,FAR,far-depreciation,n,M-far-depreciation,0
far-dep-pre1,mcq-lesson,FAR,far-depreciation,n,M-far-depreciation,0
far-dep-chk1,mcq-lesson,FAR,far-depreciation,n,M-far-depreciation,0
far-dep-chk2,mcq-lesson,FAR,far-depreciation,n,M-far-depreciation,0
far-dep-01,mcq-practice,FAR,far-depreciation,n,M-far-depreciation,0
far-dep-02,mcq-practice,FAR,far-depreciation,n,M-far-depreciation,0
far-dep-03,mcq-practice,FAR,far-depreciation,n,M-far-depreciation,0
far-dep-04,mcq-practice,FAR,far-depreciation,n,M-far-depreciation,0
far-dep-05,mcq-practice,FAR,far-depreciation,n,M-far-depreciation,0
far-dep-06,mcq-practice,FAR,far-depreciation,n,M-far-depreciation,0
far-dep-07,mcq-practice,FAR,far-depreciation,n,M-far-depreciation,0
far-dep-08,mcq-practice,FAR,far-depreciation,n,M-far-depreciation,0
far-dep-09,mcq-practice,FAR,far-depreciation,n,M-far-depreciation,0
far-dep-10,mcq-practice,FAR,far-depreciation,n,M-far-depreciation,0
far-dep-11,mcq-practice,FAR,far-depreciation,n,M-far-depreciation,0
far-dep-12,mcq-practice,FAR,far-depreciation,n,M-far-depreciation,0
far-dep-13,mcq-practice,FAR,far-depreciation,n,M-far-depreciation,0
far-dep-14,mcq-practice,FAR,far-depreciation,n,M-far-depreciation,0
far-dep-15,mcq-practice,FAR,far-depreciation,n,M-far-depreciation,0
far-dep-16,mcq-practice,FAR,far-depreciation,n,M-far-depreciation,0
far-dep-17,mcq-practice,FAR,far-depreciation,n,M-far-depreciation,0
far-dep-18,mcq-practice,FAR,far-depreciation,n,M-far-depreciation,0
far-dep-19,mcq-practice,FAR,far-depreciation,n,M-far-depreciation,0
far-dep-20,mcq-practice,FAR,far-depreciation,n,M-far-depreciation,0
far-dep-21,mcq-practice,FAR,far-depreciation,n,M-far-depreciation,0
far-dep-22,mcq-practice,FAR,far-depreciation,n,M-far-depreciation,0
far-dep-23,mcq-practice,FAR,far-depreciation,n,M-far-depreciation,0
far-dep-24,mcq-practice,FAR,far-depreciation,n,M-far-depreciation,0
far-dep-25,mcq-practice,FAR,far-depreciation,n,M-far-depreciation,0
far-dep-26,mcq-practice,FAR,far-depreciation,n,M-far-depreciation,0
far-dep-27,mcq-practice,FAR,far-depreciation,n,M-far-depreciation,0
far-dep-28,mcq-practice,FAR,far-depreciation,n,M-far-depreciation,0
far-x2-08,mcq-exam,FAR,far-depreciation,n,M-far-depreciation,0
far-x2-09,mcq-exam,FAR,far-depreciation,n,M-far-depreciation,0
far-x2-28,mcq-exam,FAR,far-depreciation,n,M-far-depreciation,0
far-dep-fc1,flashcard,FAR,far-depreciation,n,M-far-depreciation,0
far-dep-fc2,flashcard,FAR,far-depreciation,n,M-far-depreciation,0
far-dep-fc3,flashcard,FAR,far-depreciation,n,M-far-depreciation,0
far-dep-fc4,flashcard,FAR,far-depreciation,n,M-far-depreciation,0
far-dep-fc5,flashcard,FAR,far-depreciation,n,M-far-depreciation,0
far-dep-fc6,flashcard,FAR,far-depreciation,n,M-far-depreciation,0
far-dep-fc7,flashcard,FAR,far-depreciation,n,M-far-depreciation,0
far-eps,lesson,FAR,far-eps,n,M-far-eps,0
far-eps-pre1,mcq-lesson,FAR,far-eps,n,M-far-eps,0
far-eps-chk1,mcq-lesson,FAR,far-eps,n,M-far-eps,0
far-eps-chk2,mcq-lesson,FAR,far-eps,n,M-far-eps,0
far-eps-01,mcq-practice,FAR,far-eps,n,M-far-eps,0
far-eps-02,mcq-practice,FAR,far-eps,n,M-far-eps,0
far-eps-04,mcq-practice,FAR,far-eps,n,M-far-eps,0
far-eps-05,mcq-practice,FAR,far-eps,n,M-far-eps,0
far-eps-06,mcq-practice,FAR,far-eps,n,M-far-eps,0
far-eps-07,mcq-practice,FAR,far-eps,n,M-far-eps,0
far-eps-08,mcq-practice,FAR,far-eps,n,M-far-eps,0
far-eps-09,mcq-practice,FAR,far-eps,n,M-far-eps,0
far-eps-10,mcq-practice,FAR,far-eps,n,M-far-eps,0
far-eps-11,mcq-practice,FAR,far-eps,n,M-far-eps,0
far-eps-12,mcq-practice,FAR,far-eps,n,M-far-eps,0
far-eps-13,mcq-practice,FAR,far-eps,n,M-far-eps,0
far-eps-14,mcq-practice,FAR,far-eps,n,M-far-eps,0
far-eps-15,mcq-practice,FAR,far-eps,n,M-far-eps,0
far-eps-16,mcq-practice,FAR,far-eps,n,M-far-eps,0
far-eps-17,mcq-practice,FAR,far-eps,n,M-far-eps,0
far-eps-18,mcq-practice,FAR,far-eps,n,M-far-eps,0
far-eps-19,mcq-practice,FAR,far-eps,n,M-far-eps,0
far-eps-20,mcq-practice,FAR,far-eps,n,M-far-eps,0
far-eps-21,mcq-practice,FAR,far-eps,n,M-far-eps,0
far-eps-22,mcq-practice,FAR,far-eps,n,M-far-eps,0
far-eps-23,mcq-practice,FAR,far-eps,n,M-far-eps,0
far-eps-24,mcq-practice,FAR,far-eps,n,M-far-eps,0
far-eps-25,mcq-practice,FAR,far-eps,n,M-far-eps,0
far-eps-26,mcq-practice,FAR,far-eps,n,M-far-eps,0
far-eps-27,mcq-practice,FAR,far-eps,n,M-far-eps,0
far-eps-28,mcq-practice,FAR,far-eps,n,M-far-eps,0
far-eps-29,mcq-practice,FAR,far-eps,n,M-far-eps,0
far-x1-07,mcq-exam,FAR,far-eps,n,M-far-eps,0
far-x1-08,mcq-exam,FAR,far-eps,n,M-far-eps,0
far-eps-03,mcq-exam,FAR,far-eps,n,M-far-eps,0
far-x1-22,mcq-exam,FAR,far-eps,n,M-far-eps,0
far-x1-32,mcq-exam,FAR,far-eps,n,M-far-eps,0
far-eps-fc1,flashcard,FAR,far-eps,n,M-far-eps,0
far-eps-fc2,flashcard,FAR,far-eps,n,M-far-eps,0
far-eps-fc3,flashcard,FAR,far-eps,n,M-far-eps,0
far-eps-fc4,flashcard,FAR,far-eps,n,M-far-eps,0
far-eps-fc5,flashcard,FAR,far-eps,n,M-far-eps,0
far-eps-fc6,flashcard,FAR,far-eps,n,M-far-eps,0
far-eps-fc7,flashcard,FAR,far-eps,n,M-far-eps,0
far-eps-fc8,flashcard,FAR,far-eps,n,M-far-eps,0
far-tbs-u2-eps,tbs-practice,FAR,far-eps,n,M-far-eps,0
far-tbs-x1-eps,tbs-exam,FAR,far-eps,n,M-far-eps,0
far-equity,lesson,FAR,far-equity,n,M-far-equity,0
far-seq-pre1,mcq-lesson,FAR,far-equity,n,M-far-equity,0
far-seq-chk1,mcq-lesson,FAR,far-equity,n,M-far-equity,0
far-seq-chk2,mcq-lesson,FAR,far-equity,n,M-far-equity,0
far-seq-01,mcq-practice,FAR,far-equity,n,M-far-equity,0
far-seq-02,mcq-practice,FAR,far-equity,n,M-far-equity,0
far-seq-03,mcq-practice,FAR,far-equity,n,M-far-equity,0
far-seq-04,mcq-practice,FAR,far-equity,n,M-far-equity,0
far-seq-05,mcq-practice,FAR,far-equity,n,M-far-equity,0
far-seq-06,mcq-practice,FAR,far-equity,n,M-far-equity,0
far-seq-07,mcq-practice,FAR,far-equity,n,M-far-equity,0
far-seq-08,mcq-practice,FAR,far-equity,n,M-far-equity,0
far-seq-09,mcq-practice,FAR,far-equity,n,M-far-equity,0
far-seq-10,mcq-practice,FAR,far-equity,n,M-far-equity,0
far-seq-11,mcq-practice,FAR,far-equity,n,M-far-equity,0
far-seq-12,mcq-practice,FAR,far-equity,n,M-far-equity,0
far-seq-13,mcq-practice,FAR,far-equity,n,M-far-equity,0
far-seq-14,mcq-practice,FAR,far-equity,n,M-far-equity,0
far-seq-15,mcq-practice,FAR,far-equity,n,M-far-equity,0
far-seq-16,mcq-practice,FAR,far-equity,n,M-far-equity,0
far-seq-17,mcq-practice,FAR,far-equity,n,M-far-equity,0
far-seq-18,mcq-practice,FAR,far-equity,n,M-far-equity,0
far-seq-19,mcq-practice,FAR,far-equity,n,M-far-equity,0
far-seq-20,mcq-practice,FAR,far-equity,n,M-far-equity,0
far-seq-21,mcq-practice,FAR,far-equity,n,M-far-equity,0
far-seq-22,mcq-practice,FAR,far-equity,n,M-far-equity,0
far-seq-23,mcq-practice,FAR,far-equity,n,M-far-equity,0
far-seq-24,mcq-practice,FAR,far-equity,n,M-far-equity,0
far-seq-25,mcq-practice,FAR,far-equity,n,M-far-equity,0
far-seq-26,mcq-practice,FAR,far-equity,n,M-far-equity,0
far-seq-27,mcq-practice,FAR,far-equity,n,M-far-equity,0
far-seq-28,mcq-practice,FAR,far-equity,n,M-far-equity,0
far-x2-17,mcq-exam,FAR,far-equity,n,M-far-equity,0
far-x2-25,mcq-exam,FAR,far-equity,n,M-far-equity,0
far-x2-33,mcq-exam,FAR,far-equity,n,M-far-equity,0
far-seq-fc1,flashcard,FAR,far-equity,n,M-far-equity,0
far-seq-fc2,flashcard,FAR,far-equity,n,M-far-equity,0
far-seq-fc3,flashcard,FAR,far-equity,n,M-far-equity,0
far-seq-fc4,flashcard,FAR,far-equity,n,M-far-equity,0
far-seq-fc5,flashcard,FAR,far-equity,n,M-far-equity,0
far-seq-fc6,flashcard,FAR,far-equity,n,M-far-equity,0
far-seq-fc7,flashcard,FAR,far-equity,n,M-far-equity,0
far-tbs-u8-equity,tbs-practice,FAR,far-equity,n,M-far-equity,0
far-tbs-x2-equity,tbs-exam,FAR,far-equity,n,M-far-equity,0
far-equity-investments,lesson,FAR,far-equity-investments,n,M-far-equity-investments,0
far-eq-pre1,mcq-lesson,FAR,far-equity-investments,n,M-far-equity-investments,0
far-eq-chk1,mcq-lesson,FAR,far-equity-investments,n,M-far-equity-investments,0
far-eq-chk2,mcq-lesson,FAR,far-equity-investments,n,M-far-equity-investments,0
far-eq-01,mcq-practice,FAR,far-equity-investments,n,M-far-equity-investments,0
far-eq-02,mcq-practice,FAR,far-equity-investments,n,M-far-equity-investments,0
far-eq-03,mcq-practice,FAR,far-equity-investments,n,M-far-equity-investments,0
far-eq-04,mcq-practice,FAR,far-equity-investments,n,M-far-equity-investments,0
far-eq-05,mcq-practice,FAR,far-equity-investments,n,M-far-equity-investments,0
far-eq-06,mcq-practice,FAR,far-equity-investments,n,M-far-equity-investments,0
far-eq-07,mcq-practice,FAR,far-equity-investments,n,M-far-equity-investments,0
far-eq-08,mcq-practice,FAR,far-equity-investments,n,M-far-equity-investments,0
far-eq-09,mcq-practice,FAR,far-equity-investments,n,M-far-equity-investments,0
far-eq-10,mcq-practice,FAR,far-equity-investments,n,M-far-equity-investments,0
far-eq-11,mcq-practice,FAR,far-equity-investments,n,M-far-equity-investments,0
far-eq-12,mcq-practice,FAR,far-equity-investments,n,M-far-equity-investments,0
far-eq-13,mcq-practice,FAR,far-equity-investments,n,M-far-equity-investments,0
far-eq-14,mcq-practice,FAR,far-equity-investments,n,M-far-equity-investments,0
far-eq-15,mcq-practice,FAR,far-equity-investments,n,M-far-equity-investments,0
far-eq-16,mcq-practice,FAR,far-equity-investments,n,M-far-equity-investments,0
far-eq-17,mcq-practice,FAR,far-equity-investments,n,M-far-equity-investments,0
far-eq-18,mcq-practice,FAR,far-equity-investments,n,M-far-equity-investments,0
far-eq-19,mcq-practice,FAR,far-equity-investments,n,M-far-equity-investments,0
far-eq-20,mcq-practice,FAR,far-equity-investments,n,M-far-equity-investments,0
far-eq-21,mcq-practice,FAR,far-equity-investments,n,M-far-equity-investments,0
far-eq-22,mcq-practice,FAR,far-equity-investments,n,M-far-equity-investments,0
far-eq-23,mcq-practice,FAR,far-equity-investments,n,M-far-equity-investments,0
far-eq-24,mcq-practice,FAR,far-equity-investments,n,M-far-equity-investments,0
far-eq-25,mcq-practice,FAR,far-equity-investments,n,M-far-equity-investments,0
far-eq-26,mcq-practice,FAR,far-equity-investments,n,M-far-equity-investments,0
far-eq-27,mcq-practice,FAR,far-equity-investments,n,M-far-equity-investments,0
far-eq-28,mcq-practice,FAR,far-equity-investments,n,M-far-equity-investments,0
far-x2-14,mcq-exam,FAR,far-equity-investments,n,M-far-equity-investments,0
far-x2-30,mcq-exam,FAR,far-equity-investments,n,M-far-equity-investments,0
far-eq-fc1,flashcard,FAR,far-equity-investments,n,M-far-equity-investments,0
far-eq-fc2,flashcard,FAR,far-equity-investments,n,M-far-equity-investments,0
far-eq-fc3,flashcard,FAR,far-equity-investments,n,M-far-equity-investments,0
far-eq-fc4,flashcard,FAR,far-equity-investments,n,M-far-equity-investments,0
far-eq-fc5,flashcard,FAR,far-equity-investments,n,M-far-equity-investments,0
far-eq-fc6,flashcard,FAR,far-equity-investments,n,M-far-equity-investments,0
far-eq-fc7,flashcard,FAR,far-equity-investments,n,M-far-equity-investments,0
far-tbs-r3-equity-method,tbs-practice,FAR,far-equity-investments,n,M-far-equity-investments,0
far-tbs-u7-equity,tbs-practice,FAR,far-equity-investments,n,M-far-equity-investments,0
far-fair-value,lesson,FAR,far-fair-value,n,M-far-fair-value,0
far-fv-pre1,mcq-lesson,FAR,far-fair-value,n,M-far-fair-value,0
far-fv-chk1,mcq-lesson,FAR,far-fair-value,n,M-far-fair-value,0
far-fv-chk2,mcq-lesson,FAR,far-fair-value,n,M-far-fair-value,0
far-fv-01,mcq-practice,FAR,far-fair-value,n,M-far-fair-value,0
far-fv-02,mcq-practice,FAR,far-fair-value,n,M-far-fair-value,0
far-fv-03,mcq-practice,FAR,far-fair-value,n,M-far-fair-value,0
far-fv-04,mcq-practice,FAR,far-fair-value,n,M-far-fair-value,0
far-fv-05,mcq-practice,FAR,far-fair-value,n,M-far-fair-value,0
far-fv-06,mcq-practice,FAR,far-fair-value,n,M-far-fair-value,0
far-fv-07,mcq-practice,FAR,far-fair-value,n,M-far-fair-value,0
far-fv-08,mcq-practice,FAR,far-fair-value,n,M-far-fair-value,0
far-fv-09,mcq-practice,FAR,far-fair-value,n,M-far-fair-value,0
far-fv-10,mcq-practice,FAR,far-fair-value,n,M-far-fair-value,0
far-fv-11,mcq-practice,FAR,far-fair-value,n,M-far-fair-value,0
far-fv-12,mcq-practice,FAR,far-fair-value,n,M-far-fair-value,0
far-fv-13,mcq-practice,FAR,far-fair-value,n,M-far-fair-value,0
far-fv-14,mcq-practice,FAR,far-fair-value,n,M-far-fair-value,0
far-fv-15,mcq-practice,FAR,far-fair-value,n,M-far-fair-value,0
far-fv-16,mcq-practice,FAR,far-fair-value,n,M-far-fair-value,0
far-fv-17,mcq-practice,FAR,far-fair-value,n,M-far-fair-value,0
far-fv-18,mcq-practice,FAR,far-fair-value,n,M-far-fair-value,0
far-fv-19,mcq-practice,FAR,far-fair-value,n,M-far-fair-value,0
far-fv-20,mcq-practice,FAR,far-fair-value,n,M-far-fair-value,0
far-fv-21,mcq-practice,FAR,far-fair-value,n,M-far-fair-value,0
far-fv-22,mcq-practice,FAR,far-fair-value,n,M-far-fair-value,0
far-fv-23,mcq-practice,FAR,far-fair-value,n,M-far-fair-value,0
far-fv-24,mcq-practice,FAR,far-fair-value,n,M-far-fair-value,0
far-fv-25,mcq-practice,FAR,far-fair-value,n,M-far-fair-value,0
far-fv-26,mcq-practice,FAR,far-fair-value,n,M-far-fair-value,0
far-fv-27,mcq-practice,FAR,far-fair-value,n,M-far-fair-value,0
far-fv-28,mcq-practice,FAR,far-fair-value,n,M-far-fair-value,0
far-x3-09,mcq-exam,FAR,far-fair-value,n,M-far-fair-value,0
far-x3-19,mcq-exam,FAR,far-fair-value,n,M-far-fair-value,0
far-x3-28,mcq-exam,FAR,far-fair-value,n,M-far-fair-value,0
far-fv-fc1,flashcard,FAR,far-fair-value,n,M-far-fair-value,0
far-fv-fc2,flashcard,FAR,far-fair-value,n,M-far-fair-value,0
far-fv-fc3,flashcard,FAR,far-fair-value,n,M-far-fair-value,0
far-fv-fc4,flashcard,FAR,far-fair-value,n,M-far-fair-value,0
far-fv-fc5,flashcard,FAR,far-fair-value,n,M-far-fair-value,0
far-fv-fc6,flashcard,FAR,far-fair-value,n,M-far-fair-value,0
far-fv-fc7,flashcard,FAR,far-fair-value,n,M-far-fair-value,0
far-tbs-u10-fair-value,tbs-practice,FAR,far-fair-value,n,M-far-fair-value,0
far-government,lesson,FAR,far-government,n,M-far-government,0
far-gov-pre1,mcq-lesson,FAR,far-government,n,M-far-government,0
far-gov-chk1,mcq-lesson,FAR,far-government,n,M-far-government,0
far-gov-chk2,mcq-lesson,FAR,far-government,n,M-far-government,0
far-gov-01,mcq-practice,FAR,far-government,n,M-far-government,0
far-gov-02,mcq-practice,FAR,far-government,n,M-far-government,0
far-gov-03,mcq-practice,FAR,far-government,n,M-far-government,0
far-gov-04,mcq-practice,FAR,far-government,n,M-far-government,0
far-gov-05,mcq-practice,FAR,far-government,n,M-far-government,0
far-gov-06,mcq-practice,FAR,far-government,n,M-far-government,0
far-gov-07,mcq-practice,FAR,far-government,n,M-far-government,0
far-gov-08,mcq-practice,FAR,far-government,n,M-far-government,0
far-gov-09,mcq-practice,FAR,far-government,n,M-far-government,0
far-gov-10,mcq-practice,FAR,far-government,n,M-far-government,0
far-gov-11,mcq-practice,FAR,far-government,n,M-far-government,0
far-gov-12,mcq-practice,FAR,far-government,n,M-far-government,0
far-gov-13,mcq-practice,FAR,far-government,n,M-far-government,0
far-gov-14,mcq-practice,FAR,far-government,n,M-far-government,0
far-gov-15,mcq-practice,FAR,far-government,n,M-far-government,0
far-gov-16,mcq-practice,FAR,far-government,n,M-far-government,0
far-gov-17,mcq-practice,FAR,far-government,n,M-far-government,0
far-gov-18,mcq-practice,FAR,far-government,n,M-far-government,0
far-gov-19,mcq-practice,FAR,far-government,n,M-far-government,0
far-gov-20,mcq-practice,FAR,far-government,n,M-far-government,0
far-gov-21,mcq-practice,FAR,far-government,n,M-far-government,0
far-gov-22,mcq-practice,FAR,far-government,n,M-far-government,0
far-gov-23,mcq-practice,FAR,far-government,n,M-far-government,0
far-gov-24,mcq-practice,FAR,far-government,n,M-far-government,0
far-gov-25,mcq-practice,FAR,far-government,n,M-far-government,0
far-gov-26,mcq-practice,FAR,far-government,n,M-far-government,0
far-gov-27,mcq-practice,FAR,far-government,n,M-far-government,0
far-gov-28,mcq-practice,FAR,far-government,n,M-far-government,0
far-gov-29,mcq-practice,FAR,far-government,n,M-far-government,0
far-gov-30,mcq-practice,FAR,far-government,n,M-far-government,0
far-gov-31,mcq-practice,FAR,far-government,n,M-far-government,0
far-x1-17,mcq-exam,FAR,far-government,n,M-far-government,0
far-x1-25,mcq-exam,FAR,far-government,n,M-far-government,0
far-x1-35,mcq-exam,FAR,far-government,n,M-far-government,0
far-gov-fc1,flashcard,FAR,far-government,n,M-far-government,0
far-gov-fc2,flashcard,FAR,far-government,n,M-far-government,0
far-gov-fc3,flashcard,FAR,far-government,n,M-far-government,0
far-gov-fc4,flashcard,FAR,far-government,n,M-far-government,0
far-gov-fc5,flashcard,FAR,far-government,n,M-far-government,0
far-gov-fc6,flashcard,FAR,far-government,n,M-far-government,0
far-gov-fc7,flashcard,FAR,far-government,n,M-far-government,0
far-tbs-r3-property-tax,tbs-practice,FAR,far-government,n,M-far-government,0
far-tbs-u4-government-plans,tbs-practice,FAR,far-government,n,M-far-government,0
far-tbs-x1-government,tbs-exam,FAR,far-government,n,M-far-government,0
far-impairment,lesson,FAR,far-impairment,n,M-far-impairment,0
far-imp-pre1,mcq-lesson,FAR,far-impairment,n,M-far-impairment,0
far-imp-chk1,mcq-lesson,FAR,far-impairment,n,M-far-impairment,0
far-imp-chk2,mcq-lesson,FAR,far-impairment,n,M-far-impairment,0
far-imp-01,mcq-practice,FAR,far-impairment,n,M-far-impairment,0
far-imp-02,mcq-practice,FAR,far-impairment,n,M-far-impairment,0
far-imp-03,mcq-practice,FAR,far-impairment,n,M-far-impairment,0
far-imp-04,mcq-practice,FAR,far-impairment,n,M-far-impairment,0
far-imp-05,mcq-practice,FAR,far-impairment,n,M-far-impairment,0
far-imp-06,mcq-practice,FAR,far-impairment,n,M-far-impairment,0
far-imp-07,mcq-practice,FAR,far-impairment,n,M-far-impairment,0
far-imp-08,mcq-practice,FAR,far-impairment,n,M-far-impairment,0
far-imp-09,mcq-practice,FAR,far-impairment,n,M-far-impairment,0
far-imp-10,mcq-practice,FAR,far-impairment,n,M-far-impairment,0
far-imp-11,mcq-practice,FAR,far-impairment,n,M-far-impairment,0
far-imp-12,mcq-practice,FAR,far-impairment,n,M-far-impairment,0
far-imp-13,mcq-practice,FAR,far-impairment,n,M-far-impairment,0
far-imp-14,mcq-practice,FAR,far-impairment,n,M-far-impairment,0
far-imp-15,mcq-practice,FAR,far-impairment,n,M-far-impairment,0
far-imp-16,mcq-practice,FAR,far-impairment,n,M-far-impairment,0
far-imp-17,mcq-practice,FAR,far-impairment,n,M-far-impairment,0
far-imp-18,mcq-practice,FAR,far-impairment,n,M-far-impairment,0
far-imp-19,mcq-practice,FAR,far-impairment,n,M-far-impairment,0
far-imp-20,mcq-practice,FAR,far-impairment,n,M-far-impairment,0
far-imp-21,mcq-practice,FAR,far-impairment,n,M-far-impairment,0
far-imp-22,mcq-practice,FAR,far-impairment,n,M-far-impairment,0
far-imp-23,mcq-practice,FAR,far-impairment,n,M-far-impairment,0
far-imp-24,mcq-practice,FAR,far-impairment,n,M-far-impairment,0
far-imp-25,mcq-practice,FAR,far-impairment,n,M-far-impairment,0
far-imp-26,mcq-practice,FAR,far-impairment,n,M-far-impairment,0
far-imp-27,mcq-practice,FAR,far-impairment,n,M-far-impairment,0
far-imp-28,mcq-practice,FAR,far-impairment,n,M-far-impairment,0
far-imp-29,mcq-practice,FAR,far-impairment,n,M-far-impairment,0
far-imp-30,mcq-practice,FAR,far-impairment,n,M-far-impairment,0
far-imp-31,mcq-practice,FAR,far-impairment,n,M-far-impairment,0
far-x2-10,mcq-exam,FAR,far-impairment,n,M-far-impairment,0
far-x2-29,mcq-exam,FAR,far-impairment,n,M-far-impairment,0
far-imp-fc1,flashcard,FAR,far-impairment,n,M-far-impairment,0
far-imp-fc2,flashcard,FAR,far-impairment,n,M-far-impairment,0
far-imp-fc3,flashcard,FAR,far-impairment,n,M-far-impairment,0
far-imp-fc4,flashcard,FAR,far-impairment,n,M-far-impairment,0
far-imp-fc5,flashcard,FAR,far-impairment,n,M-far-impairment,0
far-imp-fc6,flashcard,FAR,far-impairment,n,M-far-impairment,0
far-tbs-u6-impairment,tbs-practice,FAR,far-impairment,n,M-far-impairment,0
far-income-statement-oci,lesson,FAR,far-income-statement-oci,n,M-far-income-statement-oci,0
far-iso-pre1,mcq-lesson,FAR,far-income-statement-oci,n,M-far-income-statement-oci,0
far-iso-chk1,mcq-lesson,FAR,far-income-statement-oci,n,M-far-income-statement-oci,0
far-iso-chk2,mcq-lesson,FAR,far-income-statement-oci,n,M-far-income-statement-oci,0
far-iso-02,mcq-practice,FAR,far-income-statement-oci,n,M-far-income-statement-oci,0
far-iso-03,mcq-practice,FAR,far-income-statement-oci,n,M-far-income-statement-oci,0
far-iso-04,mcq-practice,FAR,far-income-statement-oci,n,M-far-income-statement-oci,0
far-iso-05,mcq-practice,FAR,far-income-statement-oci,n,M-far-income-statement-oci,0
far-iso-06,mcq-practice,FAR,far-income-statement-oci,n,M-far-income-statement-oci,0
far-iso-07,mcq-practice,FAR,far-income-statement-oci,n,M-far-income-statement-oci,0
far-iso-08,mcq-practice,FAR,far-income-statement-oci,n,M-far-income-statement-oci,0
far-iso-09,mcq-practice,FAR,far-income-statement-oci,n,M-far-income-statement-oci,0
far-iso-10,mcq-practice,FAR,far-income-statement-oci,n,M-far-income-statement-oci,0
far-iso-11,mcq-practice,FAR,far-income-statement-oci,n,M-far-income-statement-oci,0
far-iso-12,mcq-practice,FAR,far-income-statement-oci,n,M-far-income-statement-oci,0
far-iso-13,mcq-practice,FAR,far-income-statement-oci,n,M-far-income-statement-oci,0
far-iso-14,mcq-practice,FAR,far-income-statement-oci,n,M-far-income-statement-oci,0
far-iso-15,mcq-practice,FAR,far-income-statement-oci,n,M-far-income-statement-oci,0
far-iso-16,mcq-practice,FAR,far-income-statement-oci,n,M-far-income-statement-oci,0
far-iso-17,mcq-practice,FAR,far-income-statement-oci,n,M-far-income-statement-oci,0
far-iso-18,mcq-practice,FAR,far-income-statement-oci,n,M-far-income-statement-oci,0
far-iso-19,mcq-practice,FAR,far-income-statement-oci,n,M-far-income-statement-oci,0
far-iso-20,mcq-practice,FAR,far-income-statement-oci,n,M-far-income-statement-oci,0
far-iso-21,mcq-practice,FAR,far-income-statement-oci,n,M-far-income-statement-oci,0
far-iso-22,mcq-practice,FAR,far-income-statement-oci,n,M-far-income-statement-oci,0
far-iso-23,mcq-practice,FAR,far-income-statement-oci,n,M-far-income-statement-oci,0
far-iso-24,mcq-practice,FAR,far-income-statement-oci,n,M-far-income-statement-oci,0
far-iso-25,mcq-practice,FAR,far-income-statement-oci,n,M-far-income-statement-oci,0
far-iso-26,mcq-practice,FAR,far-income-statement-oci,n,M-far-income-statement-oci,0
far-iso-27,mcq-practice,FAR,far-income-statement-oci,n,M-far-income-statement-oci,0
far-iso-28,mcq-practice,FAR,far-income-statement-oci,n,M-far-income-statement-oci,0
far-iso-29,mcq-practice,FAR,far-income-statement-oci,n,M-far-income-statement-oci,0
far-x1-03,mcq-exam,FAR,far-income-statement-oci,n,M-far-income-statement-oci,0
far-x1-04,mcq-exam,FAR,far-income-statement-oci,n,M-far-income-statement-oci,0
far-iso-01,mcq-exam,FAR,far-income-statement-oci,n,M-far-income-statement-oci,0
far-x1-20,mcq-exam,FAR,far-income-statement-oci,n,M-far-income-statement-oci,0
far-x1-29,mcq-exam,FAR,far-income-statement-oci,n,M-far-income-statement-oci,0
far-iso-fc1,flashcard,FAR,far-income-statement-oci,n,M-far-income-statement-oci,0
far-iso-fc2,flashcard,FAR,far-income-statement-oci,n,M-far-income-statement-oci,0
far-iso-fc3,flashcard,FAR,far-income-statement-oci,n,M-far-income-statement-oci,0
far-iso-fc4,flashcard,FAR,far-income-statement-oci,n,M-far-income-statement-oci,0
far-iso-fc5,flashcard,FAR,far-income-statement-oci,n,M-far-income-statement-oci,0
far-iso-fc6,flashcard,FAR,far-income-statement-oci,n,M-far-income-statement-oci,0
far-iso-fc7,flashcard,FAR,far-income-statement-oci,n,M-far-income-statement-oci,0
far-iso-fc8,flashcard,FAR,far-income-statement-oci,n,M-far-income-statement-oci,0
far-tbs-u1-income-statement,tbs-practice,FAR,far-income-statement-oci,n,M-far-income-statement-oci,0
far-tbs-x1-statement-review,tbs-exam,FAR,far-income-statement-oci,n,M-far-income-statement-oci,0
far-income-taxes,lesson,FAR,far-income-taxes,n,M-far-income-taxes,0
far-tax-pre1,mcq-lesson,FAR,far-income-taxes,n,M-far-income-taxes,0
far-tax-chk1,mcq-lesson,FAR,far-income-taxes,n,M-far-income-taxes,0
far-tax-chk2,mcq-lesson,FAR,far-income-taxes,n,M-far-income-taxes,0
far-tax-01,mcq-practice,FAR,far-income-taxes,n,M-far-income-taxes,0
far-tax-02,mcq-practice,FAR,far-income-taxes,n,M-far-income-taxes,0
far-tax-03,mcq-practice,FAR,far-income-taxes,n,M-far-income-taxes,0
far-tax-04,mcq-practice,FAR,far-income-taxes,n,M-far-income-taxes,0
far-tax-05,mcq-practice,FAR,far-income-taxes,n,M-far-income-taxes,0
far-tax-06,mcq-practice,FAR,far-income-taxes,n,M-far-income-taxes,0
far-tax-07,mcq-practice,FAR,far-income-taxes,n,M-far-income-taxes,0
far-tax-08,mcq-practice,FAR,far-income-taxes,n,M-far-income-taxes,0
far-tax-09,mcq-practice,FAR,far-income-taxes,n,M-far-income-taxes,0
far-tax-10,mcq-practice,FAR,far-income-taxes,n,M-far-income-taxes,0
far-tax-11,mcq-practice,FAR,far-income-taxes,n,M-far-income-taxes,0
far-tax-12,mcq-practice,FAR,far-income-taxes,n,M-far-income-taxes,0
far-tax-13,mcq-practice,FAR,far-income-taxes,n,M-far-income-taxes,0
far-tax-14,mcq-practice,FAR,far-income-taxes,n,M-far-income-taxes,0
far-tax-15,mcq-practice,FAR,far-income-taxes,n,M-far-income-taxes,0
far-tax-16,mcq-practice,FAR,far-income-taxes,n,M-far-income-taxes,0
far-tax-17,mcq-practice,FAR,far-income-taxes,n,M-far-income-taxes,0
far-tax-18,mcq-practice,FAR,far-income-taxes,n,M-far-income-taxes,0
far-tax-19,mcq-practice,FAR,far-income-taxes,n,M-far-income-taxes,0
far-tax-20,mcq-practice,FAR,far-income-taxes,n,M-far-income-taxes,0
far-tax-21,mcq-practice,FAR,far-income-taxes,n,M-far-income-taxes,0
far-tax-22,mcq-practice,FAR,far-income-taxes,n,M-far-income-taxes,0
far-tax-23,mcq-practice,FAR,far-income-taxes,n,M-far-income-taxes,0
far-tax-24,mcq-practice,FAR,far-income-taxes,n,M-far-income-taxes,0
far-tax-25,mcq-practice,FAR,far-income-taxes,n,M-far-income-taxes,0
far-tax-26,mcq-practice,FAR,far-income-taxes,n,M-far-income-taxes,0
far-tax-27,mcq-practice,FAR,far-income-taxes,n,M-far-income-taxes,0
far-tax-28,mcq-practice,FAR,far-income-taxes,n,M-far-income-taxes,0
far-x3-06,mcq-exam,FAR,far-income-taxes,n,M-far-income-taxes,0
far-x3-07,mcq-exam,FAR,far-income-taxes,n,M-far-income-taxes,0
far-x3-08,mcq-exam,FAR,far-income-taxes,n,M-far-income-taxes,0
far-x3-18,mcq-exam,FAR,far-income-taxes,n,M-far-income-taxes,0
far-x3-26,mcq-exam,FAR,far-income-taxes,n,M-far-income-taxes,0
far-tax-fc1,flashcard,FAR,far-income-taxes,n,M-far-income-taxes,0
far-tax-fc2,flashcard,FAR,far-income-taxes,n,M-far-income-taxes,0
far-tax-fc3,flashcard,FAR,far-income-taxes,n,M-far-income-taxes,0
far-tax-fc4,flashcard,FAR,far-income-taxes,n,M-far-income-taxes,0
far-tax-fc5,flashcard,FAR,far-income-taxes,n,M-far-income-taxes,0
far-tax-fc6,flashcard,FAR,far-income-taxes,n,M-far-income-taxes,0
far-tax-fc7,flashcard,FAR,far-income-taxes,n,M-far-income-taxes,0
far-tax-fc8,flashcard,FAR,far-income-taxes,n,M-far-income-taxes,0
far-tbs-r3-deferred-tax,tbs-practice,FAR,far-income-taxes,n,M-far-income-taxes,0
far-tbs-u10-income-taxes,tbs-practice,FAR,far-income-taxes,n,M-far-income-taxes,0
far-tbs-x3-income-taxes,tbs-exam,FAR,far-income-taxes,n,M-far-income-taxes,0
far-intangibles,lesson,FAR,far-intangibles,n,M-far-intangibles,0
far-int-pre1,mcq-lesson,FAR,far-intangibles,n,M-far-intangibles,0
far-int-chk1,mcq-lesson,FAR,far-intangibles,n,M-far-intangibles,0
far-int-chk2,mcq-lesson,FAR,far-intangibles,n,M-far-intangibles,0
far-int-01,mcq-practice,FAR,far-intangibles,n,M-far-intangibles,0
far-int-02,mcq-practice,FAR,far-intangibles,n,M-far-intangibles,0
far-int-03,mcq-practice,FAR,far-intangibles,n,M-far-intangibles,0
far-int-04,mcq-practice,FAR,far-intangibles,n,M-far-intangibles,0
far-int-05,mcq-practice,FAR,far-intangibles,n,M-far-intangibles,0
far-int-06,mcq-practice,FAR,far-intangibles,n,M-far-intangibles,0
far-int-07,mcq-practice,FAR,far-intangibles,n,M-far-intangibles,0
far-int-08,mcq-practice,FAR,far-intangibles,n,M-far-intangibles,0
far-int-09,mcq-practice,FAR,far-intangibles,n,M-far-intangibles,0
far-int-10,mcq-practice,FAR,far-intangibles,n,M-far-intangibles,0
far-int-11,mcq-practice,FAR,far-intangibles,n,M-far-intangibles,0
far-int-12,mcq-practice,FAR,far-intangibles,n,M-far-intangibles,0
far-int-13,mcq-practice,FAR,far-intangibles,n,M-far-intangibles,0
far-int-14,mcq-practice,FAR,far-intangibles,n,M-far-intangibles,0
far-int-15,mcq-practice,FAR,far-intangibles,n,M-far-intangibles,0
far-int-16,mcq-practice,FAR,far-intangibles,n,M-far-intangibles,0
far-int-17,mcq-practice,FAR,far-intangibles,n,M-far-intangibles,0
far-int-18,mcq-practice,FAR,far-intangibles,n,M-far-intangibles,0
far-int-19,mcq-practice,FAR,far-intangibles,n,M-far-intangibles,0
far-int-20,mcq-practice,FAR,far-intangibles,n,M-far-intangibles,0
far-int-21,mcq-practice,FAR,far-intangibles,n,M-far-intangibles,0
far-int-22,mcq-practice,FAR,far-intangibles,n,M-far-intangibles,0
far-int-23,mcq-practice,FAR,far-intangibles,n,M-far-intangibles,0
far-int-24,mcq-practice,FAR,far-intangibles,n,M-far-intangibles,0
far-int-25,mcq-practice,FAR,far-intangibles,n,M-far-intangibles,0
far-int-26,mcq-practice,FAR,far-intangibles,n,M-far-intangibles,0
far-int-27,mcq-practice,FAR,far-intangibles,n,M-far-intangibles,0
far-int-28,mcq-practice,FAR,far-intangibles,n,M-far-intangibles,0
far-int-29,mcq-practice,FAR,far-intangibles,n,M-far-intangibles,0
far-x2-11,mcq-exam,FAR,far-intangibles,n,M-far-intangibles,0
far-x2-22,mcq-exam,FAR,far-intangibles,n,M-far-intangibles,0
far-int-fc1,flashcard,FAR,far-intangibles,n,M-far-intangibles,0
far-int-fc2,flashcard,FAR,far-intangibles,n,M-far-intangibles,0
far-int-fc3,flashcard,FAR,far-intangibles,n,M-far-intangibles,0
far-int-fc4,flashcard,FAR,far-intangibles,n,M-far-intangibles,0
far-int-fc5,flashcard,FAR,far-intangibles,n,M-far-intangibles,0
far-int-fc6,flashcard,FAR,far-intangibles,n,M-far-intangibles,0
far-inventory-cost,lesson,FAR,far-inventory-cost,n,M-far-inventory-cost,0
far-inv-pre1,mcq-lesson,FAR,far-inventory-cost,n,M-far-inventory-cost,0
far-inv-chk1,mcq-lesson,FAR,far-inventory-cost,n,M-far-inventory-cost,0
far-inv-chk2,mcq-lesson,FAR,far-inventory-cost,n,M-far-inventory-cost,0
far-inv-01,mcq-practice,FAR,far-inventory-cost,n,M-far-inventory-cost,0
far-inv-02,mcq-practice,FAR,far-inventory-cost,n,M-far-inventory-cost,0
far-inv-03,mcq-practice,FAR,far-inventory-cost,n,M-far-inventory-cost,0
far-inv-04,mcq-practice,FAR,far-inventory-cost,n,M-far-inventory-cost,0
far-inv-05,mcq-practice,FAR,far-inventory-cost,n,M-far-inventory-cost,0
far-inv-06,mcq-practice,FAR,far-inventory-cost,n,M-far-inventory-cost,0
far-inv-07,mcq-practice,FAR,far-inventory-cost,n,M-far-inventory-cost,0
far-inv-08,mcq-practice,FAR,far-inventory-cost,n,M-far-inventory-cost,0
far-inv-09,mcq-practice,FAR,far-inventory-cost,n,M-far-inventory-cost,0
far-inv-10,mcq-practice,FAR,far-inventory-cost,n,M-far-inventory-cost,0
far-inv-11,mcq-practice,FAR,far-inventory-cost,n,M-far-inventory-cost,0
far-inv-12,mcq-practice,FAR,far-inventory-cost,n,M-far-inventory-cost,0
far-inv-13,mcq-practice,FAR,far-inventory-cost,n,M-far-inventory-cost,0
far-inv-14,mcq-practice,FAR,far-inventory-cost,n,M-far-inventory-cost,0
far-inv-15,mcq-practice,FAR,far-inventory-cost,n,M-far-inventory-cost,0
far-inv-16,mcq-practice,FAR,far-inventory-cost,n,M-far-inventory-cost,0
far-inv-17,mcq-practice,FAR,far-inventory-cost,n,M-far-inventory-cost,0
far-inv-18,mcq-practice,FAR,far-inventory-cost,n,M-far-inventory-cost,0
far-inv-19,mcq-practice,FAR,far-inventory-cost,n,M-far-inventory-cost,0
far-inv-20,mcq-practice,FAR,far-inventory-cost,n,M-far-inventory-cost,0
far-inv-21,mcq-practice,FAR,far-inventory-cost,n,M-far-inventory-cost,0
far-inv-22,mcq-practice,FAR,far-inventory-cost,n,M-far-inventory-cost,0
far-inv-23,mcq-practice,FAR,far-inventory-cost,n,M-far-inventory-cost,0
far-inv-24,mcq-practice,FAR,far-inventory-cost,n,M-far-inventory-cost,0
far-inv-25,mcq-practice,FAR,far-inventory-cost,n,M-far-inventory-cost,0
far-inv-26,mcq-practice,FAR,far-inventory-cost,n,M-far-inventory-cost,0
far-inv-27,mcq-practice,FAR,far-inventory-cost,n,M-far-inventory-cost,0
far-inv-28,mcq-practice,FAR,far-inventory-cost,n,M-far-inventory-cost,0
far-x2-03,mcq-exam,FAR,far-inventory-cost,n,M-far-inventory-cost,0
far-x2-27,mcq-exam,FAR,far-inventory-cost,n,M-far-inventory-cost,0
far-inv-fc1,flashcard,FAR,far-inventory-cost,n,M-far-inventory-cost,0
far-inv-fc2,flashcard,FAR,far-inventory-cost,n,M-far-inventory-cost,0
far-inv-fc3,flashcard,FAR,far-inventory-cost,n,M-far-inventory-cost,0
far-inv-fc4,flashcard,FAR,far-inventory-cost,n,M-far-inventory-cost,0
far-inv-fc5,flashcard,FAR,far-inventory-cost,n,M-far-inventory-cost,0
far-inv-fc6,flashcard,FAR,far-inventory-cost,n,M-far-inventory-cost,0
far-inv-fc7,flashcard,FAR,far-inventory-cost,n,M-far-inventory-cost,0
far-inv-fc8,flashcard,FAR,far-inventory-cost,n,M-far-inventory-cost,0
far-tbs-u5-inventory-review,tbs-practice,FAR,far-inventory-cost,n,M-far-inventory-cost,0
far-tbs-u5-inventory,tbs-practice,FAR,far-inventory-cost,n,M-far-inventory-cost,0
far-inventory-valuation,lesson,FAR,far-inventory-valuation,n,M-far-inventory-valuation,0
far-iv-pre1,mcq-lesson,FAR,far-inventory-valuation,n,M-far-inventory-valuation,0
far-iv-chk1,mcq-lesson,FAR,far-inventory-valuation,n,M-far-inventory-valuation,0
far-iv-chk2,mcq-lesson,FAR,far-inventory-valuation,n,M-far-inventory-valuation,0
far-iv-01,mcq-practice,FAR,far-inventory-valuation,n,M-far-inventory-valuation,0
far-iv-02,mcq-practice,FAR,far-inventory-valuation,n,M-far-inventory-valuation,0
far-iv-03,mcq-practice,FAR,far-inventory-valuation,n,M-far-inventory-valuation,0
far-iv-04,mcq-practice,FAR,far-inventory-valuation,n,M-far-inventory-valuation,0
far-iv-05,mcq-practice,FAR,far-inventory-valuation,n,M-far-inventory-valuation,0
far-iv-06,mcq-practice,FAR,far-inventory-valuation,n,M-far-inventory-valuation,0
far-iv-07,mcq-practice,FAR,far-inventory-valuation,n,M-far-inventory-valuation,0
far-iv-08,mcq-practice,FAR,far-inventory-valuation,n,M-far-inventory-valuation,0
far-iv-09,mcq-practice,FAR,far-inventory-valuation,n,M-far-inventory-valuation,0
far-iv-10,mcq-practice,FAR,far-inventory-valuation,n,M-far-inventory-valuation,0
far-iv-11,mcq-practice,FAR,far-inventory-valuation,n,M-far-inventory-valuation,0
far-iv-12,mcq-practice,FAR,far-inventory-valuation,n,M-far-inventory-valuation,0
far-iv-13,mcq-practice,FAR,far-inventory-valuation,n,M-far-inventory-valuation,0
far-iv-14,mcq-practice,FAR,far-inventory-valuation,n,M-far-inventory-valuation,0
far-iv-15,mcq-practice,FAR,far-inventory-valuation,n,M-far-inventory-valuation,0
far-iv-16,mcq-practice,FAR,far-inventory-valuation,n,M-far-inventory-valuation,0
far-iv-17,mcq-practice,FAR,far-inventory-valuation,n,M-far-inventory-valuation,0
far-iv-18,mcq-practice,FAR,far-inventory-valuation,n,M-far-inventory-valuation,0
far-iv-19,mcq-practice,FAR,far-inventory-valuation,n,M-far-inventory-valuation,0
far-iv-20,mcq-practice,FAR,far-inventory-valuation,n,M-far-inventory-valuation,0
far-iv-21,mcq-practice,FAR,far-inventory-valuation,n,M-far-inventory-valuation,0
far-iv-22,mcq-practice,FAR,far-inventory-valuation,n,M-far-inventory-valuation,0
far-iv-23,mcq-practice,FAR,far-inventory-valuation,n,M-far-inventory-valuation,0
far-iv-24,mcq-practice,FAR,far-inventory-valuation,n,M-far-inventory-valuation,0
far-iv-25,mcq-practice,FAR,far-inventory-valuation,n,M-far-inventory-valuation,0
far-iv-26,mcq-practice,FAR,far-inventory-valuation,n,M-far-inventory-valuation,0
far-iv-27,mcq-practice,FAR,far-inventory-valuation,n,M-far-inventory-valuation,0
far-iv-28,mcq-practice,FAR,far-inventory-valuation,n,M-far-inventory-valuation,0
far-x2-04,mcq-exam,FAR,far-inventory-valuation,n,M-far-inventory-valuation,0
far-x2-20,mcq-exam,FAR,far-inventory-valuation,n,M-far-inventory-valuation,0
far-iv-fc1,flashcard,FAR,far-inventory-valuation,n,M-far-inventory-valuation,0
far-iv-fc2,flashcard,FAR,far-inventory-valuation,n,M-far-inventory-valuation,0
far-iv-fc3,flashcard,FAR,far-inventory-valuation,n,M-far-inventory-valuation,0
far-iv-fc4,flashcard,FAR,far-inventory-valuation,n,M-far-inventory-valuation,0
far-iv-fc5,flashcard,FAR,far-inventory-valuation,n,M-far-inventory-valuation,0
far-iv-fc6,flashcard,FAR,far-inventory-valuation,n,M-far-inventory-valuation,0
far-tbs-r3-lcnrv-review,tbs-practice,FAR,far-inventory-valuation,n,M-far-inventory-valuation,0
far-leases-finance,lesson,FAR,far-leases-finance,n,M-far-leases-finance,0
far-lsf-pre1,mcq-lesson,FAR,far-leases-finance,n,M-far-leases-finance,0
far-lsf-chk1,mcq-lesson,FAR,far-leases-finance,n,M-far-leases-finance,0
far-lsf-chk2,mcq-lesson,FAR,far-leases-finance,n,M-far-leases-finance,0
far-lsf-01,mcq-practice,FAR,far-leases-finance,n,M-far-leases-finance,0
far-lsf-02,mcq-practice,FAR,far-leases-finance,n,M-far-leases-finance,0
far-lsf-03,mcq-practice,FAR,far-leases-finance,n,M-far-leases-finance,0
far-lsf-04,mcq-practice,FAR,far-leases-finance,n,M-far-leases-finance,0
far-lsf-05,mcq-practice,FAR,far-leases-finance,n,M-far-leases-finance,0
far-lsf-06,mcq-practice,FAR,far-leases-finance,n,M-far-leases-finance,0
far-lsf-07,mcq-practice,FAR,far-leases-finance,n,M-far-leases-finance,0
far-lsf-08,mcq-practice,FAR,far-leases-finance,n,M-far-leases-finance,0
far-lsf-09,mcq-practice,FAR,far-leases-finance,n,M-far-leases-finance,0
far-lsf-10,mcq-practice,FAR,far-leases-finance,n,M-far-leases-finance,0
far-lsf-11,mcq-practice,FAR,far-leases-finance,n,M-far-leases-finance,0
far-lsf-12,mcq-practice,FAR,far-leases-finance,n,M-far-leases-finance,0
far-lsf-13,mcq-practice,FAR,far-leases-finance,n,M-far-leases-finance,0
far-lsf-14,mcq-practice,FAR,far-leases-finance,n,M-far-leases-finance,0
far-lsf-15,mcq-practice,FAR,far-leases-finance,n,M-far-leases-finance,0
far-lsf-16,mcq-practice,FAR,far-leases-finance,n,M-far-leases-finance,0
far-lsf-17,mcq-practice,FAR,far-leases-finance,n,M-far-leases-finance,0
far-lsf-18,mcq-practice,FAR,far-leases-finance,n,M-far-leases-finance,0
far-lsf-19,mcq-practice,FAR,far-leases-finance,n,M-far-leases-finance,0
far-lsf-20,mcq-practice,FAR,far-leases-finance,n,M-far-leases-finance,0
far-lsf-21,mcq-practice,FAR,far-leases-finance,n,M-far-leases-finance,0
far-lsf-22,mcq-practice,FAR,far-leases-finance,n,M-far-leases-finance,0
far-lsf-23,mcq-practice,FAR,far-leases-finance,n,M-far-leases-finance,0
far-lsf-24,mcq-practice,FAR,far-leases-finance,n,M-far-leases-finance,0
far-lsf-25,mcq-practice,FAR,far-leases-finance,n,M-far-leases-finance,0
far-lsf-26,mcq-practice,FAR,far-leases-finance,n,M-far-leases-finance,0
far-lsf-27,mcq-practice,FAR,far-leases-finance,n,M-far-leases-finance,0
far-lsf-28,mcq-practice,FAR,far-leases-finance,n,M-far-leases-finance,0
far-x3-10,mcq-exam,FAR,far-leases-finance,n,M-far-leases-finance,0
far-x3-12,mcq-exam,FAR,far-leases-finance,n,M-far-leases-finance,0
far-x3-27,mcq-exam,FAR,far-leases-finance,n,M-far-leases-finance,0
far-lsf-fc1,flashcard,FAR,far-leases-finance,n,M-far-leases-finance,0
far-lsf-fc2,flashcard,FAR,far-leases-finance,n,M-far-leases-finance,0
far-lsf-fc3,flashcard,FAR,far-leases-finance,n,M-far-leases-finance,0
far-lsf-fc4,flashcard,FAR,far-leases-finance,n,M-far-leases-finance,0
far-lsf-fc5,flashcard,FAR,far-leases-finance,n,M-far-leases-finance,0
far-lsf-fc6,flashcard,FAR,far-leases-finance,n,M-far-leases-finance,0
far-lsf-fc7,flashcard,FAR,far-leases-finance,n,M-far-leases-finance,0
far-tbs-r3-sales-type-lease,tbs-practice,FAR,far-leases-finance,n,M-far-leases-finance,0
far-tbs-u11-finance-lease,tbs-practice,FAR,far-leases-finance,n,M-far-leases-finance,0
far-tbs-x3-lease,tbs-exam,FAR,far-leases-finance,n,M-far-leases-finance,0
far-leases-operating,lesson,FAR,far-leases-operating,n,M-far-leases-operating,0
far-lso-pre1,mcq-lesson,FAR,far-leases-operating,n,M-far-leases-operating,0
far-lso-chk1,mcq-lesson,FAR,far-leases-operating,n,M-far-leases-operating,0
far-lso-chk2,mcq-lesson,FAR,far-leases-operating,n,M-far-leases-operating,0
far-lso-01,mcq-practice,FAR,far-leases-operating,n,M-far-leases-operating,0
far-lso-02,mcq-practice,FAR,far-leases-operating,n,M-far-leases-operating,0
far-lso-03,mcq-practice,FAR,far-leases-operating,n,M-far-leases-operating,0
far-lso-04,mcq-practice,FAR,far-leases-operating,n,M-far-leases-operating,0
far-lso-05,mcq-practice,FAR,far-leases-operating,n,M-far-leases-operating,0
far-lso-06,mcq-practice,FAR,far-leases-operating,n,M-far-leases-operating,0
far-lso-07,mcq-practice,FAR,far-leases-operating,n,M-far-leases-operating,0
far-lso-08,mcq-practice,FAR,far-leases-operating,n,M-far-leases-operating,0
far-lso-09,mcq-practice,FAR,far-leases-operating,n,M-far-leases-operating,0
far-lso-10,mcq-practice,FAR,far-leases-operating,n,M-far-leases-operating,0
far-lso-11,mcq-practice,FAR,far-leases-operating,n,M-far-leases-operating,0
far-lso-12,mcq-practice,FAR,far-leases-operating,n,M-far-leases-operating,0
far-lso-13,mcq-practice,FAR,far-leases-operating,n,M-far-leases-operating,0
far-lso-14,mcq-practice,FAR,far-leases-operating,n,M-far-leases-operating,0
far-lso-15,mcq-practice,FAR,far-leases-operating,n,M-far-leases-operating,0
far-lso-16,mcq-practice,FAR,far-leases-operating,n,M-far-leases-operating,0
far-lso-17,mcq-practice,FAR,far-leases-operating,n,M-far-leases-operating,0
far-lso-18,mcq-practice,FAR,far-leases-operating,n,M-far-leases-operating,0
far-lso-19,mcq-practice,FAR,far-leases-operating,n,M-far-leases-operating,0
far-lso-20,mcq-practice,FAR,far-leases-operating,n,M-far-leases-operating,0
far-lso-21,mcq-practice,FAR,far-leases-operating,n,M-far-leases-operating,0
far-lso-22,mcq-practice,FAR,far-leases-operating,n,M-far-leases-operating,0
far-lso-23,mcq-practice,FAR,far-leases-operating,n,M-far-leases-operating,0
far-lso-24,mcq-practice,FAR,far-leases-operating,n,M-far-leases-operating,0
far-lso-25,mcq-practice,FAR,far-leases-operating,n,M-far-leases-operating,0
far-lso-26,mcq-practice,FAR,far-leases-operating,n,M-far-leases-operating,0
far-lso-27,mcq-practice,FAR,far-leases-operating,n,M-far-leases-operating,0
far-lso-28,mcq-practice,FAR,far-leases-operating,n,M-far-leases-operating,0
far-x3-11,mcq-exam,FAR,far-leases-operating,n,M-far-leases-operating,0
far-x3-20,mcq-exam,FAR,far-leases-operating,n,M-far-leases-operating,0
far-lso-fc1,flashcard,FAR,far-leases-operating,n,M-far-leases-operating,0
far-lso-fc2,flashcard,FAR,far-leases-operating,n,M-far-leases-operating,0
far-lso-fc3,flashcard,FAR,far-leases-operating,n,M-far-leases-operating,0
far-lso-fc4,flashcard,FAR,far-leases-operating,n,M-far-leases-operating,0
far-lso-fc5,flashcard,FAR,far-leases-operating,n,M-far-leases-operating,0
far-lso-fc6,flashcard,FAR,far-leases-operating,n,M-far-leases-operating,0
far-tbs-u11-operating-lease,tbs-practice,FAR,far-leases-operating,n,M-far-leases-operating,0
far-tbs-x3-operating-lease,tbs-exam,FAR,far-leases-operating,n,M-far-leases-operating,0
far-nfp-revenue,lesson,FAR,far-nfp-revenue,n,M-far-nfp-revenue,0
far-nfr-pre1,mcq-lesson,FAR,far-nfp-revenue,n,M-far-nfp-revenue,0
far-nfr-chk1,mcq-lesson,FAR,far-nfp-revenue,n,M-far-nfp-revenue,0
far-nfr-chk2,mcq-lesson,FAR,far-nfp-revenue,n,M-far-nfp-revenue,0
far-nfr-01,mcq-practice,FAR,far-nfp-revenue,n,M-far-nfp-revenue,0
far-nfr-02,mcq-practice,FAR,far-nfp-revenue,n,M-far-nfp-revenue,0
far-nfr-03,mcq-practice,FAR,far-nfp-revenue,n,M-far-nfp-revenue,0
far-nfr-04,mcq-practice,FAR,far-nfp-revenue,n,M-far-nfp-revenue,0
far-nfr-05,mcq-practice,FAR,far-nfp-revenue,n,M-far-nfp-revenue,0
far-nfr-06,mcq-practice,FAR,far-nfp-revenue,n,M-far-nfp-revenue,0
far-nfr-07,mcq-practice,FAR,far-nfp-revenue,n,M-far-nfp-revenue,0
far-nfr-08,mcq-practice,FAR,far-nfp-revenue,n,M-far-nfp-revenue,0
far-nfr-09,mcq-practice,FAR,far-nfp-revenue,n,M-far-nfp-revenue,0
far-nfr-10,mcq-practice,FAR,far-nfp-revenue,n,M-far-nfp-revenue,0
far-nfr-11,mcq-practice,FAR,far-nfp-revenue,n,M-far-nfp-revenue,0
far-nfr-12,mcq-practice,FAR,far-nfp-revenue,n,M-far-nfp-revenue,0
far-nfr-13,mcq-practice,FAR,far-nfp-revenue,n,M-far-nfp-revenue,0
far-nfr-14,mcq-practice,FAR,far-nfp-revenue,n,M-far-nfp-revenue,0
far-nfr-15,mcq-practice,FAR,far-nfp-revenue,n,M-far-nfp-revenue,0
far-nfr-16,mcq-practice,FAR,far-nfp-revenue,n,M-far-nfp-revenue,0
far-nfr-17,mcq-practice,FAR,far-nfp-revenue,n,M-far-nfp-revenue,0
far-nfr-18,mcq-practice,FAR,far-nfp-revenue,n,M-far-nfp-revenue,0
far-nfr-19,mcq-practice,FAR,far-nfp-revenue,n,M-far-nfp-revenue,0
far-nfr-20,mcq-practice,FAR,far-nfp-revenue,n,M-far-nfp-revenue,0
far-nfr-21,mcq-practice,FAR,far-nfp-revenue,n,M-far-nfp-revenue,0
far-nfr-22,mcq-practice,FAR,far-nfp-revenue,n,M-far-nfp-revenue,0
far-nfr-23,mcq-practice,FAR,far-nfp-revenue,n,M-far-nfp-revenue,0
far-nfr-24,mcq-practice,FAR,far-nfp-revenue,n,M-far-nfp-revenue,0
far-nfr-25,mcq-practice,FAR,far-nfp-revenue,n,M-far-nfp-revenue,0
far-nfr-26,mcq-practice,FAR,far-nfp-revenue,n,M-far-nfp-revenue,0
far-nfr-27,mcq-practice,FAR,far-nfp-revenue,n,M-far-nfp-revenue,0
far-nfr-28,mcq-practice,FAR,far-nfp-revenue,n,M-far-nfp-revenue,0
far-x1-16,mcq-exam,FAR,far-nfp-revenue,n,M-far-nfp-revenue,0
far-x1-34,mcq-exam,FAR,far-nfp-revenue,n,M-far-nfp-revenue,0
far-nfr-fc1,flashcard,FAR,far-nfp-revenue,n,M-far-nfp-revenue,0
far-nfr-fc2,flashcard,FAR,far-nfp-revenue,n,M-far-nfp-revenue,0
far-nfr-fc3,flashcard,FAR,far-nfp-revenue,n,M-far-nfp-revenue,0
far-nfr-fc4,flashcard,FAR,far-nfp-revenue,n,M-far-nfp-revenue,0
far-nfr-fc5,flashcard,FAR,far-nfp-revenue,n,M-far-nfp-revenue,0
far-nfr-fc6,flashcard,FAR,far-nfp-revenue,n,M-far-nfp-revenue,0
far-nfr-fc7,flashcard,FAR,far-nfp-revenue,n,M-far-nfp-revenue,0
far-tbs-u4-nfp,tbs-practice,FAR,far-nfp-revenue,n,M-far-nfp-revenue,0
far-tbs-x1-nfp,tbs-exam,FAR,far-nfp-revenue,n,M-far-nfp-revenue,0
far-nfp-statements,lesson,FAR,far-nfp-statements,n,M-far-nfp-statements,0
far-nfs-pre1,mcq-lesson,FAR,far-nfp-statements,n,M-far-nfp-statements,0
far-nfs-chk1,mcq-lesson,FAR,far-nfp-statements,n,M-far-nfp-statements,0
far-nfs-chk2,mcq-lesson,FAR,far-nfp-statements,n,M-far-nfp-statements,0
far-nfs-01,mcq-practice,FAR,far-nfp-statements,n,M-far-nfp-statements,0
far-nfs-02,mcq-practice,FAR,far-nfp-statements,n,M-far-nfp-statements,0
far-nfs-03,mcq-practice,FAR,far-nfp-statements,n,M-far-nfp-statements,0
far-nfs-04,mcq-practice,FAR,far-nfp-statements,n,M-far-nfp-statements,0
far-nfs-05,mcq-practice,FAR,far-nfp-statements,n,M-far-nfp-statements,0
far-nfs-06,mcq-practice,FAR,far-nfp-statements,n,M-far-nfp-statements,0
far-nfs-07,mcq-practice,FAR,far-nfp-statements,n,M-far-nfp-statements,0
far-nfs-08,mcq-practice,FAR,far-nfp-statements,n,M-far-nfp-statements,0
far-nfs-09,mcq-practice,FAR,far-nfp-statements,n,M-far-nfp-statements,0
far-nfs-10,mcq-practice,FAR,far-nfp-statements,n,M-far-nfp-statements,0
far-nfs-11,mcq-practice,FAR,far-nfp-statements,n,M-far-nfp-statements,0
far-nfs-12,mcq-practice,FAR,far-nfp-statements,n,M-far-nfp-statements,0
far-nfs-13,mcq-practice,FAR,far-nfp-statements,n,M-far-nfp-statements,0
far-nfs-14,mcq-practice,FAR,far-nfp-statements,n,M-far-nfp-statements,0
far-nfs-15,mcq-practice,FAR,far-nfp-statements,n,M-far-nfp-statements,0
far-nfs-16,mcq-practice,FAR,far-nfp-statements,n,M-far-nfp-statements,0
far-nfs-17,mcq-practice,FAR,far-nfp-statements,n,M-far-nfp-statements,0
far-nfs-18,mcq-practice,FAR,far-nfp-statements,n,M-far-nfp-statements,0
far-nfs-19,mcq-practice,FAR,far-nfp-statements,n,M-far-nfp-statements,0
far-nfs-20,mcq-practice,FAR,far-nfp-statements,n,M-far-nfp-statements,0
far-nfs-21,mcq-practice,FAR,far-nfp-statements,n,M-far-nfp-statements,0
far-nfs-22,mcq-practice,FAR,far-nfp-statements,n,M-far-nfp-statements,0
far-nfs-23,mcq-practice,FAR,far-nfp-statements,n,M-far-nfp-statements,0
far-nfs-24,mcq-practice,FAR,far-nfp-statements,n,M-far-nfp-statements,0
far-nfs-25,mcq-practice,FAR,far-nfp-statements,n,M-far-nfp-statements,0
far-nfs-26,mcq-practice,FAR,far-nfp-statements,n,M-far-nfp-statements,0
far-nfs-27,mcq-practice,FAR,far-nfp-statements,n,M-far-nfp-statements,0
far-nfs-28,mcq-practice,FAR,far-nfp-statements,n,M-far-nfp-statements,0
far-x1-26,mcq-exam,FAR,far-nfp-statements,n,M-far-nfp-statements,0
far-nfs-fc1,flashcard,FAR,far-nfp-statements,n,M-far-nfp-statements,0
far-nfs-fc2,flashcard,FAR,far-nfp-statements,n,M-far-nfp-statements,0
far-nfs-fc3,flashcard,FAR,far-nfp-statements,n,M-far-nfp-statements,0
far-nfs-fc4,flashcard,FAR,far-nfp-statements,n,M-far-nfp-statements,0
far-nfs-fc5,flashcard,FAR,far-nfp-statements,n,M-far-nfp-statements,0
far-nfs-fc6,flashcard,FAR,far-nfp-statements,n,M-far-nfp-statements,0
far-nfs-fc7,flashcard,FAR,far-nfp-statements,n,M-far-nfp-statements,0
far-notes-disclosures,lesson,FAR,far-notes-disclosures,n,M-far-notes-disclosures,0
far-nd-pre1,mcq-lesson,FAR,far-notes-disclosures,n,M-far-notes-disclosures,0
far-nd-chk1,mcq-lesson,FAR,far-notes-disclosures,n,M-far-notes-disclosures,0
far-nd-chk2,mcq-lesson,FAR,far-notes-disclosures,n,M-far-notes-disclosures,0
far-nd-01,mcq-practice,FAR,far-notes-disclosures,n,M-far-notes-disclosures,0
far-nd-02,mcq-practice,FAR,far-notes-disclosures,n,M-far-notes-disclosures,0
far-nd-03,mcq-practice,FAR,far-notes-disclosures,n,M-far-notes-disclosures,0
far-nd-04,mcq-practice,FAR,far-notes-disclosures,n,M-far-notes-disclosures,0
far-nd-05,mcq-practice,FAR,far-notes-disclosures,n,M-far-notes-disclosures,0
far-nd-06,mcq-practice,FAR,far-notes-disclosures,n,M-far-notes-disclosures,0
far-nd-07,mcq-practice,FAR,far-notes-disclosures,n,M-far-notes-disclosures,0
far-nd-08,mcq-practice,FAR,far-notes-disclosures,n,M-far-notes-disclosures,0
far-nd-09,mcq-practice,FAR,far-notes-disclosures,n,M-far-notes-disclosures,0
far-nd-10,mcq-practice,FAR,far-notes-disclosures,n,M-far-notes-disclosures,0
far-nd-11,mcq-practice,FAR,far-notes-disclosures,n,M-far-notes-disclosures,0
far-nd-12,mcq-practice,FAR,far-notes-disclosures,n,M-far-notes-disclosures,0
far-nd-13,mcq-practice,FAR,far-notes-disclosures,n,M-far-notes-disclosures,0
far-nd-14,mcq-practice,FAR,far-notes-disclosures,n,M-far-notes-disclosures,0
far-nd-15,mcq-practice,FAR,far-notes-disclosures,n,M-far-notes-disclosures,0
far-nd-16,mcq-practice,FAR,far-notes-disclosures,n,M-far-notes-disclosures,0
far-nd-17,mcq-practice,FAR,far-notes-disclosures,n,M-far-notes-disclosures,0
far-nd-18,mcq-practice,FAR,far-notes-disclosures,n,M-far-notes-disclosures,0
far-nd-19,mcq-practice,FAR,far-notes-disclosures,n,M-far-notes-disclosures,0
far-nd-20,mcq-practice,FAR,far-notes-disclosures,n,M-far-notes-disclosures,0
far-nd-21,mcq-practice,FAR,far-notes-disclosures,n,M-far-notes-disclosures,0
far-nd-22,mcq-practice,FAR,far-notes-disclosures,n,M-far-notes-disclosures,0
far-nd-23,mcq-practice,FAR,far-notes-disclosures,n,M-far-notes-disclosures,0
far-nd-24,mcq-practice,FAR,far-notes-disclosures,n,M-far-notes-disclosures,0
far-nd-25,mcq-practice,FAR,far-notes-disclosures,n,M-far-notes-disclosures,0
far-nd-26,mcq-practice,FAR,far-notes-disclosures,n,M-far-notes-disclosures,0
far-nd-27,mcq-practice,FAR,far-notes-disclosures,n,M-far-notes-disclosures,0
far-nd-28,mcq-practice,FAR,far-notes-disclosures,n,M-far-notes-disclosures,0
far-x1-12,mcq-exam,FAR,far-notes-disclosures,n,M-far-notes-disclosures,0
far-x1-31,mcq-exam,FAR,far-notes-disclosures,n,M-far-notes-disclosures,0
far-nd-fc1,flashcard,FAR,far-notes-disclosures,n,M-far-notes-disclosures,0
far-nd-fc2,flashcard,FAR,far-notes-disclosures,n,M-far-notes-disclosures,0
far-nd-fc3,flashcard,FAR,far-notes-disclosures,n,M-far-notes-disclosures,0
far-nd-fc4,flashcard,FAR,far-notes-disclosures,n,M-far-notes-disclosures,0
far-nd-fc5,flashcard,FAR,far-notes-disclosures,n,M-far-notes-disclosures,0
far-nd-fc6,flashcard,FAR,far-notes-disclosures,n,M-far-notes-disclosures,0
far-nd-fc7,flashcard,FAR,far-notes-disclosures,n,M-far-notes-disclosures,0
far-nd-fc8,flashcard,FAR,far-notes-disclosures,n,M-far-notes-disclosures,0
far-tbs-u2-notes-review,tbs-practice,FAR,far-notes-disclosures,n,M-far-notes-disclosures,0
far-payables,lesson,FAR,far-payables,n,M-far-payables,0
far-pay-pre1,mcq-lesson,FAR,far-payables,n,M-far-payables,0
far-pay-chk1,mcq-lesson,FAR,far-payables,n,M-far-payables,0
far-pay-chk2,mcq-lesson,FAR,far-payables,n,M-far-payables,0
far-pay-01,mcq-practice,FAR,far-payables,n,M-far-payables,0
far-pay-02,mcq-practice,FAR,far-payables,n,M-far-payables,0
far-pay-03,mcq-practice,FAR,far-payables,n,M-far-payables,0
far-pay-04,mcq-practice,FAR,far-payables,n,M-far-payables,0
far-pay-05,mcq-practice,FAR,far-payables,n,M-far-payables,0
far-pay-06,mcq-practice,FAR,far-payables,n,M-far-payables,0
far-pay-07,mcq-practice,FAR,far-payables,n,M-far-payables,0
far-pay-08,mcq-practice,FAR,far-payables,n,M-far-payables,0
far-pay-09,mcq-practice,FAR,far-payables,n,M-far-payables,0
far-pay-10,mcq-practice,FAR,far-payables,n,M-far-payables,0
far-pay-11,mcq-practice,FAR,far-payables,n,M-far-payables,0
far-pay-12,mcq-practice,FAR,far-payables,n,M-far-payables,0
far-pay-13,mcq-practice,FAR,far-payables,n,M-far-payables,0
far-pay-14,mcq-practice,FAR,far-payables,n,M-far-payables,0
far-pay-15,mcq-practice,FAR,far-payables,n,M-far-payables,0
far-pay-16,mcq-practice,FAR,far-payables,n,M-far-payables,0
far-pay-17,mcq-practice,FAR,far-payables,n,M-far-payables,0
far-pay-18,mcq-practice,FAR,far-payables,n,M-far-payables,0
far-pay-19,mcq-practice,FAR,far-payables,n,M-far-payables,0
far-pay-20,mcq-practice,FAR,far-payables,n,M-far-payables,0
far-pay-21,mcq-practice,FAR,far-payables,n,M-far-payables,0
far-pay-22,mcq-practice,FAR,far-payables,n,M-far-payables,0
far-pay-23,mcq-practice,FAR,far-payables,n,M-far-payables,0
far-pay-24,mcq-practice,FAR,far-payables,n,M-far-payables,0
far-pay-25,mcq-practice,FAR,far-payables,n,M-far-payables,0
far-pay-26,mcq-practice,FAR,far-payables,n,M-far-payables,0
far-pay-27,mcq-practice,FAR,far-payables,n,M-far-payables,0
far-pay-28,mcq-practice,FAR,far-payables,n,M-far-payables,0
far-x2-05,mcq-exam,FAR,far-payables,n,M-far-payables,0
far-x2-31,mcq-exam,FAR,far-payables,n,M-far-payables,0
far-pay-fc1,flashcard,FAR,far-payables,n,M-far-payables,0
far-pay-fc2,flashcard,FAR,far-payables,n,M-far-payables,0
far-pay-fc3,flashcard,FAR,far-payables,n,M-far-payables,0
far-pay-fc4,flashcard,FAR,far-payables,n,M-far-payables,0
far-pay-fc5,flashcard,FAR,far-payables,n,M-far-payables,0
far-tbs-u8-accruals-review,tbs-practice,FAR,far-payables,n,M-far-payables,0
far-tbs-u8-ap-recon,tbs-practice,FAR,far-payables,n,M-far-payables,0
far-ppe-acquisition,lesson,FAR,far-ppe-acquisition,n,M-far-ppe-acquisition,0
far-ppe-pre1,mcq-lesson,FAR,far-ppe-acquisition,n,M-far-ppe-acquisition,0
far-ppe-chk1,mcq-lesson,FAR,far-ppe-acquisition,n,M-far-ppe-acquisition,0
far-ppe-chk2,mcq-lesson,FAR,far-ppe-acquisition,n,M-far-ppe-acquisition,0
far-ppe-01,mcq-practice,FAR,far-ppe-acquisition,n,M-far-ppe-acquisition,0
far-ppe-02,mcq-practice,FAR,far-ppe-acquisition,n,M-far-ppe-acquisition,0
far-ppe-03,mcq-practice,FAR,far-ppe-acquisition,n,M-far-ppe-acquisition,0
far-ppe-04,mcq-practice,FAR,far-ppe-acquisition,n,M-far-ppe-acquisition,0
far-ppe-05,mcq-practice,FAR,far-ppe-acquisition,n,M-far-ppe-acquisition,0
far-ppe-06,mcq-practice,FAR,far-ppe-acquisition,n,M-far-ppe-acquisition,0
far-ppe-07,mcq-practice,FAR,far-ppe-acquisition,n,M-far-ppe-acquisition,0
far-ppe-08,mcq-practice,FAR,far-ppe-acquisition,n,M-far-ppe-acquisition,0
far-ppe-09,mcq-practice,FAR,far-ppe-acquisition,n,M-far-ppe-acquisition,0
far-ppe-10,mcq-practice,FAR,far-ppe-acquisition,n,M-far-ppe-acquisition,0
far-ppe-11,mcq-practice,FAR,far-ppe-acquisition,n,M-far-ppe-acquisition,0
far-ppe-12,mcq-practice,FAR,far-ppe-acquisition,n,M-far-ppe-acquisition,0
far-ppe-13,mcq-practice,FAR,far-ppe-acquisition,n,M-far-ppe-acquisition,0
far-ppe-14,mcq-practice,FAR,far-ppe-acquisition,n,M-far-ppe-acquisition,0
far-ppe-15,mcq-practice,FAR,far-ppe-acquisition,n,M-far-ppe-acquisition,0
far-ppe-16,mcq-practice,FAR,far-ppe-acquisition,n,M-far-ppe-acquisition,0
far-ppe-17,mcq-practice,FAR,far-ppe-acquisition,n,M-far-ppe-acquisition,0
far-ppe-18,mcq-practice,FAR,far-ppe-acquisition,n,M-far-ppe-acquisition,0
far-ppe-19,mcq-practice,FAR,far-ppe-acquisition,n,M-far-ppe-acquisition,0
far-ppe-20,mcq-practice,FAR,far-ppe-acquisition,n,M-far-ppe-acquisition,0
far-ppe-21,mcq-practice,FAR,far-ppe-acquisition,n,M-far-ppe-acquisition,0
far-ppe-22,mcq-practice,FAR,far-ppe-acquisition,n,M-far-ppe-acquisition,0
far-ppe-23,mcq-practice,FAR,far-ppe-acquisition,n,M-far-ppe-acquisition,0
far-ppe-24,mcq-practice,FAR,far-ppe-acquisition,n,M-far-ppe-acquisition,0
far-ppe-25,mcq-practice,FAR,far-ppe-acquisition,n,M-far-ppe-acquisition,0
far-ppe-26,mcq-practice,FAR,far-ppe-acquisition,n,M-far-ppe-acquisition,0
far-ppe-27,mcq-practice,FAR,far-ppe-acquisition,n,M-far-ppe-acquisition,0
far-ppe-28,mcq-practice,FAR,far-ppe-acquisition,n,M-far-ppe-acquisition,0
far-x2-06,mcq-exam,FAR,far-ppe-acquisition,n,M-far-ppe-acquisition,0
far-x2-07,mcq-exam,FAR,far-ppe-acquisition,n,M-far-ppe-acquisition,0
far-x2-21,mcq-exam,FAR,far-ppe-acquisition,n,M-far-ppe-acquisition,0
far-x2-34,mcq-exam,FAR,far-ppe-acquisition,n,M-far-ppe-acquisition,0
far-ppe-fc1,flashcard,FAR,far-ppe-acquisition,n,M-far-ppe-acquisition,0
far-ppe-fc2,flashcard,FAR,far-ppe-acquisition,n,M-far-ppe-acquisition,0
far-ppe-fc3,flashcard,FAR,far-ppe-acquisition,n,M-far-ppe-acquisition,0
far-ppe-fc4,flashcard,FAR,far-ppe-acquisition,n,M-far-ppe-acquisition,0
far-ppe-fc5,flashcard,FAR,far-ppe-acquisition,n,M-far-ppe-acquisition,0
far-ppe-fc6,flashcard,FAR,far-ppe-acquisition,n,M-far-ppe-acquisition,0
far-ppe-fc7,flashcard,FAR,far-ppe-acquisition,n,M-far-ppe-acquisition,0
far-tbs-u6-ppe-rollforward,tbs-practice,FAR,far-ppe-acquisition,n,M-far-ppe-acquisition,0
far-tbs-u6-ppe-subledger,tbs-practice,FAR,far-ppe-acquisition,n,M-far-ppe-acquisition,0
far-tbs-u6-ppe,tbs-practice,FAR,far-ppe-acquisition,n,M-far-ppe-acquisition,0
far-tbs-x2-ppe,tbs-exam,FAR,far-ppe-acquisition,n,M-far-ppe-acquisition,0
far-ratios,lesson,FAR,far-ratios,n,M-far-ratios,0
far-rat-pre1,mcq-lesson,FAR,far-ratios,n,M-far-ratios,0
far-rat-chk1,mcq-lesson,FAR,far-ratios,n,M-far-ratios,0
far-rat-chk2,mcq-lesson,FAR,far-ratios,n,M-far-ratios,0
far-rat-01,mcq-practice,FAR,far-ratios,n,M-far-ratios,0
far-rat-02,mcq-practice,FAR,far-ratios,n,M-far-ratios,0
far-rat-03,mcq-practice,FAR,far-ratios,n,M-far-ratios,0
far-rat-04,mcq-practice,FAR,far-ratios,n,M-far-ratios,0
far-rat-05,mcq-practice,FAR,far-ratios,n,M-far-ratios,0
far-rat-06,mcq-practice,FAR,far-ratios,n,M-far-ratios,0
far-rat-07,mcq-practice,FAR,far-ratios,n,M-far-ratios,0
far-rat-08,mcq-practice,FAR,far-ratios,n,M-far-ratios,0
far-rat-09,mcq-practice,FAR,far-ratios,n,M-far-ratios,0
far-rat-10,mcq-practice,FAR,far-ratios,n,M-far-ratios,0
far-rat-11,mcq-practice,FAR,far-ratios,n,M-far-ratios,0
far-rat-12,mcq-practice,FAR,far-ratios,n,M-far-ratios,0
far-rat-13,mcq-practice,FAR,far-ratios,n,M-far-ratios,0
far-rat-14,mcq-practice,FAR,far-ratios,n,M-far-ratios,0
far-rat-15,mcq-practice,FAR,far-ratios,n,M-far-ratios,0
far-rat-16,mcq-practice,FAR,far-ratios,n,M-far-ratios,0
far-rat-17,mcq-practice,FAR,far-ratios,n,M-far-ratios,0
far-rat-18,mcq-practice,FAR,far-ratios,n,M-far-ratios,0
far-rat-19,mcq-practice,FAR,far-ratios,n,M-far-ratios,0
far-rat-20,mcq-practice,FAR,far-ratios,n,M-far-ratios,0
far-rat-21,mcq-practice,FAR,far-ratios,n,M-far-ratios,0
far-rat-22,mcq-practice,FAR,far-ratios,n,M-far-ratios,0
far-rat-23,mcq-practice,FAR,far-ratios,n,M-far-ratios,0
far-rat-24,mcq-practice,FAR,far-ratios,n,M-far-ratios,0
far-rat-25,mcq-practice,FAR,far-ratios,n,M-far-ratios,0
far-rat-26,mcq-practice,FAR,far-ratios,n,M-far-ratios,0
far-rat-27,mcq-practice,FAR,far-ratios,n,M-far-ratios,0
far-rat-28,mcq-practice,FAR,far-ratios,n,M-far-ratios,0
far-x1-09,mcq-exam,FAR,far-ratios,n,M-far-ratios,0
far-x1-10,mcq-exam,FAR,far-ratios,n,M-far-ratios,0
far-x1-24,mcq-exam,FAR,far-ratios,n,M-far-ratios,0
far-x1-36,mcq-exam,FAR,far-ratios,n,M-far-ratios,0
far-rat-fc1,flashcard,FAR,far-ratios,n,M-far-ratios,0
far-rat-fc2,flashcard,FAR,far-ratios,n,M-far-ratios,0
far-rat-fc3,flashcard,FAR,far-ratios,n,M-far-ratios,0
far-rat-fc4,flashcard,FAR,far-ratios,n,M-far-ratios,0
far-rat-fc5,flashcard,FAR,far-ratios,n,M-far-ratios,0
far-rat-fc6,flashcard,FAR,far-ratios,n,M-far-ratios,0
far-rat-fc7,flashcard,FAR,far-ratios,n,M-far-ratios,0
far-rat-fc8,flashcard,FAR,far-ratios,n,M-far-ratios,0
far-tbs-r3-ratio-review,tbs-practice,FAR,far-ratios,n,M-far-ratios,0
far-tbs-u2-analysis,tbs-practice,FAR,far-ratios,n,M-far-ratios,0
far-receivables,lesson,FAR,far-receivables,n,M-far-receivables,0
far-rec-pre1,mcq-lesson,FAR,far-receivables,n,M-far-receivables,0
far-rec-chk1,mcq-lesson,FAR,far-receivables,n,M-far-receivables,0
far-rec-chk2,mcq-lesson,FAR,far-receivables,n,M-far-receivables,0
far-rec-01,mcq-practice,FAR,far-receivables,n,M-far-receivables,0
far-rec-02,mcq-practice,FAR,far-receivables,n,M-far-receivables,0
far-rec-03,mcq-practice,FAR,far-receivables,n,M-far-receivables,0
far-rec-04,mcq-practice,FAR,far-receivables,n,M-far-receivables,0
far-rec-05,mcq-practice,FAR,far-receivables,n,M-far-receivables,0
far-rec-06,mcq-practice,FAR,far-receivables,n,M-far-receivables,0
far-rec-08,mcq-practice,FAR,far-receivables,n,M-far-receivables,0
far-rec-09,mcq-practice,FAR,far-receivables,n,M-far-receivables,0
far-rec-10,mcq-practice,FAR,far-receivables,n,M-far-receivables,0
far-rec-11,mcq-practice,FAR,far-receivables,n,M-far-receivables,0
far-rec-12,mcq-practice,FAR,far-receivables,n,M-far-receivables,0
far-rec-13,mcq-practice,FAR,far-receivables,n,M-far-receivables,0
far-rec-14,mcq-practice,FAR,far-receivables,n,M-far-receivables,0
far-rec-15,mcq-practice,FAR,far-receivables,n,M-far-receivables,0
far-rec-16,mcq-practice,FAR,far-receivables,n,M-far-receivables,0
far-rec-17,mcq-practice,FAR,far-receivables,n,M-far-receivables,0
far-rec-18,mcq-practice,FAR,far-receivables,n,M-far-receivables,0
far-rec-19,mcq-practice,FAR,far-receivables,n,M-far-receivables,0
far-rec-20,mcq-practice,FAR,far-receivables,n,M-far-receivables,0
far-rec-21,mcq-practice,FAR,far-receivables,n,M-far-receivables,0
far-rec-22,mcq-practice,FAR,far-receivables,n,M-far-receivables,0
far-rec-23,mcq-practice,FAR,far-receivables,n,M-far-receivables,0
far-rec-24,mcq-practice,FAR,far-receivables,n,M-far-receivables,0
far-rec-25,mcq-practice,FAR,far-receivables,n,M-far-receivables,0
far-rec-26,mcq-practice,FAR,far-receivables,n,M-far-receivables,0
far-rec-27,mcq-practice,FAR,far-receivables,n,M-far-receivables,0
far-rec-28,mcq-practice,FAR,far-receivables,n,M-far-receivables,0
far-rec-29,mcq-practice,FAR,far-receivables,n,M-far-receivables,0
far-x2-02,mcq-exam,FAR,far-receivables,n,M-far-receivables,0
far-rec-07,mcq-exam,FAR,far-receivables,n,M-far-receivables,0
far-x2-19,mcq-exam,FAR,far-receivables,n,M-far-receivables,0
far-x2-26,mcq-exam,FAR,far-receivables,n,M-far-receivables,0
far-rec-fc1,flashcard,FAR,far-receivables,n,M-far-receivables,0
far-rec-fc2,flashcard,FAR,far-receivables,n,M-far-receivables,0
far-rec-fc3,flashcard,FAR,far-receivables,n,M-far-receivables,0
far-rec-fc4,flashcard,FAR,far-receivables,n,M-far-receivables,0
far-rec-fc5,flashcard,FAR,far-receivables,n,M-far-receivables,0
far-rec-fc6,flashcard,FAR,far-receivables,n,M-far-receivables,0
far-rec-fc7,flashcard,FAR,far-receivables,n,M-far-receivables,0
far-tbs-u5-ar-review,tbs-practice,FAR,far-receivables,n,M-far-receivables,0
far-tbs-x2-receivables-inventory,tbs-exam,FAR,far-receivables,n,M-far-receivables,0
far-revenue-contracts,lesson,FAR,far-revenue-contracts,n,M-far-revenue-contracts,0
far-rev1-pre1,mcq-lesson,FAR,far-revenue-contracts,n,M-far-revenue-contracts,0
far-rev1-chk1,mcq-lesson,FAR,far-revenue-contracts,n,M-far-revenue-contracts,0
far-rev1-chk2,mcq-lesson,FAR,far-revenue-contracts,n,M-far-revenue-contracts,0
far-rev1-01,mcq-practice,FAR,far-revenue-contracts,n,M-far-revenue-contracts,0
far-rev1-02,mcq-practice,FAR,far-revenue-contracts,n,M-far-revenue-contracts,0
far-rev1-03,mcq-practice,FAR,far-revenue-contracts,n,M-far-revenue-contracts,0
far-rev1-04,mcq-practice,FAR,far-revenue-contracts,n,M-far-revenue-contracts,0
far-rev1-05,mcq-practice,FAR,far-revenue-contracts,n,M-far-revenue-contracts,0
far-rev1-06,mcq-practice,FAR,far-revenue-contracts,n,M-far-revenue-contracts,0
far-rev1-07,mcq-practice,FAR,far-revenue-contracts,n,M-far-revenue-contracts,0
far-rev1-08,mcq-practice,FAR,far-revenue-contracts,n,M-far-revenue-contracts,0
far-rev1-09,mcq-practice,FAR,far-revenue-contracts,n,M-far-revenue-contracts,0
far-rev1-10,mcq-practice,FAR,far-revenue-contracts,n,M-far-revenue-contracts,0
far-rev1-11,mcq-practice,FAR,far-revenue-contracts,n,M-far-revenue-contracts,0
far-rev1-12,mcq-practice,FAR,far-revenue-contracts,n,M-far-revenue-contracts,0
far-rev1-13,mcq-practice,FAR,far-revenue-contracts,n,M-far-revenue-contracts,0
far-rev1-14,mcq-practice,FAR,far-revenue-contracts,n,M-far-revenue-contracts,0
far-rev1-15,mcq-practice,FAR,far-revenue-contracts,n,M-far-revenue-contracts,0
far-rev1-16,mcq-practice,FAR,far-revenue-contracts,n,M-far-revenue-contracts,0
far-rev1-17,mcq-practice,FAR,far-revenue-contracts,n,M-far-revenue-contracts,0
far-rev1-18,mcq-practice,FAR,far-revenue-contracts,n,M-far-revenue-contracts,0
far-rev1-19,mcq-practice,FAR,far-revenue-contracts,n,M-far-revenue-contracts,0
far-rev1-20,mcq-practice,FAR,far-revenue-contracts,n,M-far-revenue-contracts,0
far-rev1-21,mcq-practice,FAR,far-revenue-contracts,n,M-far-revenue-contracts,0
far-rev1-22,mcq-practice,FAR,far-revenue-contracts,n,M-far-revenue-contracts,0
far-rev1-23,mcq-practice,FAR,far-revenue-contracts,n,M-far-revenue-contracts,0
far-rev1-24,mcq-practice,FAR,far-revenue-contracts,n,M-far-revenue-contracts,0
far-rev1-25,mcq-practice,FAR,far-revenue-contracts,n,M-far-revenue-contracts,0
far-rev1-26,mcq-practice,FAR,far-revenue-contracts,n,M-far-revenue-contracts,0
far-rev1-27,mcq-practice,FAR,far-revenue-contracts,n,M-far-revenue-contracts,0
far-rev1-28,mcq-practice,FAR,far-revenue-contracts,n,M-far-revenue-contracts,0
far-x3-01,mcq-exam,FAR,far-revenue-contracts,n,M-far-revenue-contracts,0
far-x3-02,mcq-exam,FAR,far-revenue-contracts,n,M-far-revenue-contracts,0
far-x3-16,mcq-exam,FAR,far-revenue-contracts,n,M-far-revenue-contracts,0
far-x3-24,mcq-exam,FAR,far-revenue-contracts,n,M-far-revenue-contracts,0
far-rev1-fc1,flashcard,FAR,far-revenue-contracts,n,M-far-revenue-contracts,0
far-rev1-fc2,flashcard,FAR,far-revenue-contracts,n,M-far-revenue-contracts,0
far-rev1-fc3,flashcard,FAR,far-revenue-contracts,n,M-far-revenue-contracts,0
far-rev1-fc4,flashcard,FAR,far-revenue-contracts,n,M-far-revenue-contracts,0
far-rev1-fc5,flashcard,FAR,far-revenue-contracts,n,M-far-revenue-contracts,0
far-rev1-fc6,flashcard,FAR,far-revenue-contracts,n,M-far-revenue-contracts,0
far-tbs-u9-bundle,tbs-practice,FAR,far-revenue-contracts,n,M-far-revenue-contracts,0
far-tbs-x3-revenue,tbs-exam,FAR,far-revenue-contracts,n,M-far-revenue-contracts,0
far-revenue-measurement,lesson,FAR,far-revenue-measurement,n,M-far-revenue-measurement,0
far-rev2-pre1,mcq-lesson,FAR,far-revenue-measurement,n,M-far-revenue-measurement,0
far-rev2-chk1,mcq-lesson,FAR,far-revenue-measurement,n,M-far-revenue-measurement,0
far-rev2-chk2,mcq-lesson,FAR,far-revenue-measurement,n,M-far-revenue-measurement,0
far-rev2-01,mcq-practice,FAR,far-revenue-measurement,n,M-far-revenue-measurement,0
far-rev2-02,mcq-practice,FAR,far-revenue-measurement,n,M-far-revenue-measurement,0
far-rev2-03,mcq-practice,FAR,far-revenue-measurement,n,M-far-revenue-measurement,0
far-rev2-04,mcq-practice,FAR,far-revenue-measurement,n,M-far-revenue-measurement,0
far-rev2-05,mcq-practice,FAR,far-revenue-measurement,n,M-far-revenue-measurement,0
far-rev2-06,mcq-practice,FAR,far-revenue-measurement,n,M-far-revenue-measurement,0
far-rev2-07,mcq-practice,FAR,far-revenue-measurement,n,M-far-revenue-measurement,0
far-rev2-08,mcq-practice,FAR,far-revenue-measurement,n,M-far-revenue-measurement,0
far-rev2-09,mcq-practice,FAR,far-revenue-measurement,n,M-far-revenue-measurement,0
far-rev2-10,mcq-practice,FAR,far-revenue-measurement,n,M-far-revenue-measurement,0
far-rev2-11,mcq-practice,FAR,far-revenue-measurement,n,M-far-revenue-measurement,0
far-rev2-12,mcq-practice,FAR,far-revenue-measurement,n,M-far-revenue-measurement,0
far-rev2-13,mcq-practice,FAR,far-revenue-measurement,n,M-far-revenue-measurement,0
far-rev2-14,mcq-practice,FAR,far-revenue-measurement,n,M-far-revenue-measurement,0
far-rev2-15,mcq-practice,FAR,far-revenue-measurement,n,M-far-revenue-measurement,0
far-rev2-16,mcq-practice,FAR,far-revenue-measurement,n,M-far-revenue-measurement,0
far-rev2-17,mcq-practice,FAR,far-revenue-measurement,n,M-far-revenue-measurement,0
far-rev2-18,mcq-practice,FAR,far-revenue-measurement,n,M-far-revenue-measurement,0
far-rev2-19,mcq-practice,FAR,far-revenue-measurement,n,M-far-revenue-measurement,0
far-rev2-20,mcq-practice,FAR,far-revenue-measurement,n,M-far-revenue-measurement,0
far-rev2-21,mcq-practice,FAR,far-revenue-measurement,n,M-far-revenue-measurement,0
far-rev2-22,mcq-practice,FAR,far-revenue-measurement,n,M-far-revenue-measurement,0
far-rev2-23,mcq-practice,FAR,far-revenue-measurement,n,M-far-revenue-measurement,0
far-rev2-24,mcq-practice,FAR,far-revenue-measurement,n,M-far-revenue-measurement,0
far-rev2-25,mcq-practice,FAR,far-revenue-measurement,n,M-far-revenue-measurement,0
far-rev2-26,mcq-practice,FAR,far-revenue-measurement,n,M-far-revenue-measurement,0
far-rev2-27,mcq-practice,FAR,far-revenue-measurement,n,M-far-revenue-measurement,0
far-rev2-28,mcq-practice,FAR,far-revenue-measurement,n,M-far-revenue-measurement,0
far-x3-03,mcq-exam,FAR,far-revenue-measurement,n,M-far-revenue-measurement,0
far-x3-04,mcq-exam,FAR,far-revenue-measurement,n,M-far-revenue-measurement,0
far-x3-05,mcq-exam,FAR,far-revenue-measurement,n,M-far-revenue-measurement,0
far-x3-17,mcq-exam,FAR,far-revenue-measurement,n,M-far-revenue-measurement,0
far-x3-25,mcq-exam,FAR,far-revenue-measurement,n,M-far-revenue-measurement,0
far-rev2-fc1,flashcard,FAR,far-revenue-measurement,n,M-far-revenue-measurement,0
far-rev2-fc2,flashcard,FAR,far-revenue-measurement,n,M-far-revenue-measurement,0
far-rev2-fc3,flashcard,FAR,far-revenue-measurement,n,M-far-revenue-measurement,0
far-rev2-fc4,flashcard,FAR,far-revenue-measurement,n,M-far-revenue-measurement,0
far-rev2-fc5,flashcard,FAR,far-revenue-measurement,n,M-far-revenue-measurement,0
far-rev2-fc6,flashcard,FAR,far-revenue-measurement,n,M-far-revenue-measurement,0
far-rev2-fc7,flashcard,FAR,far-revenue-measurement,n,M-far-revenue-measurement,0
far-rev2-fc8,flashcard,FAR,far-revenue-measurement,n,M-far-revenue-measurement,0
far-tbs-r3-revenue-allocation,tbs-practice,FAR,far-revenue-measurement,n,M-far-revenue-measurement,0
far-tbs-u9-construction,tbs-practice,FAR,far-revenue-measurement,n,M-far-revenue-measurement,0
far-sec-segments,lesson,FAR,far-sec-segments,n,M-far-sec-segments,0
far-sec-pre1,mcq-lesson,FAR,far-sec-segments,n,M-far-sec-segments,0
far-sec-chk1,mcq-lesson,FAR,far-sec-segments,n,M-far-sec-segments,0
far-sec-chk2,mcq-lesson,FAR,far-sec-segments,n,M-far-sec-segments,0
far-sec-01,mcq-practice,FAR,far-sec-segments,n,M-far-sec-segments,0
far-sec-02,mcq-practice,FAR,far-sec-segments,n,M-far-sec-segments,0
far-sec-03,mcq-practice,FAR,far-sec-segments,n,M-far-sec-segments,0
far-sec-04,mcq-practice,FAR,far-sec-segments,n,M-far-sec-segments,0
far-sec-05,mcq-practice,FAR,far-sec-segments,n,M-far-sec-segments,0
far-sec-06,mcq-practice,FAR,far-sec-segments,n,M-far-sec-segments,0
far-sec-07,mcq-practice,FAR,far-sec-segments,n,M-far-sec-segments,0
far-sec-08,mcq-practice,FAR,far-sec-segments,n,M-far-sec-segments,0
far-sec-09,mcq-practice,FAR,far-sec-segments,n,M-far-sec-segments,0
far-sec-10,mcq-practice,FAR,far-sec-segments,n,M-far-sec-segments,0
far-sec-11,mcq-practice,FAR,far-sec-segments,n,M-far-sec-segments,0
far-sec-12,mcq-practice,FAR,far-sec-segments,n,M-far-sec-segments,0
far-sec-13,mcq-practice,FAR,far-sec-segments,n,M-far-sec-segments,0
far-sec-14,mcq-practice,FAR,far-sec-segments,n,M-far-sec-segments,0
far-sec-15,mcq-practice,FAR,far-sec-segments,n,M-far-sec-segments,0
far-sec-16,mcq-practice,FAR,far-sec-segments,n,M-far-sec-segments,0
far-sec-17,mcq-practice,FAR,far-sec-segments,n,M-far-sec-segments,0
far-sec-18,mcq-practice,FAR,far-sec-segments,n,M-far-sec-segments,0
far-sec-19,mcq-practice,FAR,far-sec-segments,n,M-far-sec-segments,0
far-sec-20,mcq-practice,FAR,far-sec-segments,n,M-far-sec-segments,0
far-sec-21,mcq-practice,FAR,far-sec-segments,n,M-far-sec-segments,0
far-sec-22,mcq-practice,FAR,far-sec-segments,n,M-far-sec-segments,0
far-sec-23,mcq-practice,FAR,far-sec-segments,n,M-far-sec-segments,0
far-sec-24,mcq-practice,FAR,far-sec-segments,n,M-far-sec-segments,0
far-sec-25,mcq-practice,FAR,far-sec-segments,n,M-far-sec-segments,0
far-sec-26,mcq-practice,FAR,far-sec-segments,n,M-far-sec-segments,0
far-sec-27,mcq-practice,FAR,far-sec-segments,n,M-far-sec-segments,0
far-sec-28,mcq-practice,FAR,far-sec-segments,n,M-far-sec-segments,0
far-sec-29,mcq-practice,FAR,far-sec-segments,n,M-far-sec-segments,0
far-sec-30,mcq-practice,FAR,far-sec-segments,n,M-far-sec-segments,0
far-sec-31,mcq-practice,FAR,far-sec-segments,n,M-far-sec-segments,0
far-sec-32,mcq-practice,FAR,far-sec-segments,n,M-far-sec-segments,0
far-sec-33,mcq-practice,FAR,far-sec-segments,n,M-far-sec-segments,0
far-sec-34,mcq-practice,FAR,far-sec-segments,n,M-far-sec-segments,0
far-x1-11,mcq-exam,FAR,far-sec-segments,n,M-far-sec-segments,0
far-x1-27,mcq-exam,FAR,far-sec-segments,n,M-far-sec-segments,0
far-sec-fc1,flashcard,FAR,far-sec-segments,n,M-far-sec-segments,0
far-sec-fc2,flashcard,FAR,far-sec-segments,n,M-far-sec-segments,0
far-sec-fc3,flashcard,FAR,far-sec-segments,n,M-far-sec-segments,0
far-sec-fc4,flashcard,FAR,far-sec-segments,n,M-far-sec-segments,0
far-sec-fc5,flashcard,FAR,far-sec-segments,n,M-far-sec-segments,0
far-sec-fc6,flashcard,FAR,far-sec-segments,n,M-far-sec-segments,0
far-sec-fc7,flashcard,FAR,far-sec-segments,n,M-far-sec-segments,0
far-sec-fc8,flashcard,FAR,far-sec-segments,n,M-far-sec-segments,0
far-special-purpose,lesson,FAR,far-special-purpose,n,M-far-special-purpose,0
far-spf-pre1,mcq-lesson,FAR,far-special-purpose,n,M-far-special-purpose,0
far-spf-chk1,mcq-lesson,FAR,far-special-purpose,n,M-far-special-purpose,0
far-spf-chk2,mcq-lesson,FAR,far-special-purpose,n,M-far-special-purpose,0
far-spf-01,mcq-practice,FAR,far-special-purpose,n,M-far-special-purpose,0
far-spf-02,mcq-practice,FAR,far-special-purpose,n,M-far-special-purpose,0
far-spf-03,mcq-practice,FAR,far-special-purpose,n,M-far-special-purpose,0
far-spf-04,mcq-practice,FAR,far-special-purpose,n,M-far-special-purpose,0
far-spf-05,mcq-practice,FAR,far-special-purpose,n,M-far-special-purpose,0
far-spf-06,mcq-practice,FAR,far-special-purpose,n,M-far-special-purpose,0
far-spf-07,mcq-practice,FAR,far-special-purpose,n,M-far-special-purpose,0
far-spf-08,mcq-practice,FAR,far-special-purpose,n,M-far-special-purpose,0
far-spf-09,mcq-practice,FAR,far-special-purpose,n,M-far-special-purpose,0
far-spf-10,mcq-practice,FAR,far-special-purpose,n,M-far-special-purpose,0
far-spf-11,mcq-practice,FAR,far-special-purpose,n,M-far-special-purpose,0
far-spf-12,mcq-practice,FAR,far-special-purpose,n,M-far-special-purpose,0
far-spf-13,mcq-practice,FAR,far-special-purpose,n,M-far-special-purpose,0
far-spf-14,mcq-practice,FAR,far-special-purpose,n,M-far-special-purpose,0
far-spf-15,mcq-practice,FAR,far-special-purpose,n,M-far-special-purpose,0
far-spf-16,mcq-practice,FAR,far-special-purpose,n,M-far-special-purpose,0
far-spf-17,mcq-practice,FAR,far-special-purpose,n,M-far-special-purpose,0
far-spf-18,mcq-practice,FAR,far-special-purpose,n,M-far-special-purpose,0
far-spf-19,mcq-practice,FAR,far-special-purpose,n,M-far-special-purpose,0
far-spf-20,mcq-practice,FAR,far-special-purpose,n,M-far-special-purpose,0
far-spf-21,mcq-practice,FAR,far-special-purpose,n,M-far-special-purpose,0
far-spf-22,mcq-practice,FAR,far-special-purpose,n,M-far-special-purpose,0
far-spf-23,mcq-practice,FAR,far-special-purpose,n,M-far-special-purpose,0
far-spf-24,mcq-practice,FAR,far-special-purpose,n,M-far-special-purpose,0
far-spf-25,mcq-practice,FAR,far-special-purpose,n,M-far-special-purpose,0
far-spf-26,mcq-practice,FAR,far-special-purpose,n,M-far-special-purpose,0
far-spf-27,mcq-practice,FAR,far-special-purpose,n,M-far-special-purpose,0
far-spf-28,mcq-practice,FAR,far-special-purpose,n,M-far-special-purpose,0
far-x1-15,mcq-exam,FAR,far-special-purpose,n,M-far-special-purpose,0
far-spf-fc1,flashcard,FAR,far-special-purpose,n,M-far-special-purpose,0
far-spf-fc2,flashcard,FAR,far-special-purpose,n,M-far-special-purpose,0
far-spf-fc3,flashcard,FAR,far-special-purpose,n,M-far-special-purpose,0
far-spf-fc4,flashcard,FAR,far-special-purpose,n,M-far-special-purpose,0
far-spf-fc5,flashcard,FAR,far-special-purpose,n,M-far-special-purpose,0
far-spf-fc6,flashcard,FAR,far-special-purpose,n,M-far-special-purpose,0
far-spf-fc7,flashcard,FAR,far-special-purpose,n,M-far-special-purpose,0
far-tbs-u3-special-purpose,tbs-practice,FAR,far-special-purpose,n,M-far-special-purpose,0
far-subsequent-events,lesson,FAR,far-subsequent-events,n,M-far-subsequent-events,0
far-se-pre1,mcq-lesson,FAR,far-subsequent-events,n,M-far-subsequent-events,0
far-se-chk1,mcq-lesson,FAR,far-subsequent-events,n,M-far-subsequent-events,0
far-se-chk2,mcq-lesson,FAR,far-subsequent-events,n,M-far-subsequent-events,0
far-se-01,mcq-practice,FAR,far-subsequent-events,n,M-far-subsequent-events,0
far-se-02,mcq-practice,FAR,far-subsequent-events,n,M-far-subsequent-events,0
far-se-03,mcq-practice,FAR,far-subsequent-events,n,M-far-subsequent-events,0
far-se-04,mcq-practice,FAR,far-subsequent-events,n,M-far-subsequent-events,0
far-se-05,mcq-practice,FAR,far-subsequent-events,n,M-far-subsequent-events,0
far-se-06,mcq-practice,FAR,far-subsequent-events,n,M-far-subsequent-events,0
far-se-07,mcq-practice,FAR,far-subsequent-events,n,M-far-subsequent-events,0
far-se-08,mcq-practice,FAR,far-subsequent-events,n,M-far-subsequent-events,0
far-se-09,mcq-practice,FAR,far-subsequent-events,n,M-far-subsequent-events,0
far-se-10,mcq-practice,FAR,far-subsequent-events,n,M-far-subsequent-events,0
far-se-11,mcq-practice,FAR,far-subsequent-events,n,M-far-subsequent-events,0
far-se-12,mcq-practice,FAR,far-subsequent-events,n,M-far-subsequent-events,0
far-se-13,mcq-practice,FAR,far-subsequent-events,n,M-far-subsequent-events,0
far-se-14,mcq-practice,FAR,far-subsequent-events,n,M-far-subsequent-events,0
far-se-15,mcq-practice,FAR,far-subsequent-events,n,M-far-subsequent-events,0
far-se-16,mcq-practice,FAR,far-subsequent-events,n,M-far-subsequent-events,0
far-se-17,mcq-practice,FAR,far-subsequent-events,n,M-far-subsequent-events,0
far-se-18,mcq-practice,FAR,far-subsequent-events,n,M-far-subsequent-events,0
far-se-19,mcq-practice,FAR,far-subsequent-events,n,M-far-subsequent-events,0
far-se-20,mcq-practice,FAR,far-subsequent-events,n,M-far-subsequent-events,0
far-se-21,mcq-practice,FAR,far-subsequent-events,n,M-far-subsequent-events,0
far-se-22,mcq-practice,FAR,far-subsequent-events,n,M-far-subsequent-events,0
far-se-23,mcq-practice,FAR,far-subsequent-events,n,M-far-subsequent-events,0
far-se-24,mcq-practice,FAR,far-subsequent-events,n,M-far-subsequent-events,0
far-se-25,mcq-practice,FAR,far-subsequent-events,n,M-far-subsequent-events,0
far-se-26,mcq-practice,FAR,far-subsequent-events,n,M-far-subsequent-events,0
far-se-27,mcq-practice,FAR,far-subsequent-events,n,M-far-subsequent-events,0
far-se-28,mcq-practice,FAR,far-subsequent-events,n,M-far-subsequent-events,0
far-x3-15,mcq-exam,FAR,far-subsequent-events,n,M-far-subsequent-events,0
far-x3-23,mcq-exam,FAR,far-subsequent-events,n,M-far-subsequent-events,0
far-se-fc1,flashcard,FAR,far-subsequent-events,n,M-far-subsequent-events,0
far-se-fc2,flashcard,FAR,far-subsequent-events,n,M-far-subsequent-events,0
far-se-fc3,flashcard,FAR,far-subsequent-events,n,M-far-subsequent-events,0
far-se-fc4,flashcard,FAR,far-subsequent-events,n,M-far-subsequent-events,0
far-se-fc5,flashcard,FAR,far-subsequent-events,n,M-far-subsequent-events,0
reg-accountant-liability,lesson,REG,reg-accountant-liability,n,M-reg-accountant-liability,0
reg-al-pre1,mcq-lesson,REG,reg-accountant-liability,n,M-reg-accountant-liability,0
reg-al-chk1,mcq-lesson,REG,reg-accountant-liability,n,M-reg-accountant-liability,0
reg-al-chk2,mcq-lesson,REG,reg-accountant-liability,n,M-reg-accountant-liability,0
reg-al-01,mcq-practice,REG,reg-accountant-liability,n,M-reg-accountant-liability,0
reg-al-02,mcq-practice,REG,reg-accountant-liability,n,M-reg-accountant-liability,0
reg-al-03,mcq-practice,REG,reg-accountant-liability,n,M-reg-accountant-liability,0
reg-al-04,mcq-practice,REG,reg-accountant-liability,n,M-reg-accountant-liability,0
reg-al-05,mcq-practice,REG,reg-accountant-liability,n,M-reg-accountant-liability,0
reg-al-06,mcq-practice,REG,reg-accountant-liability,n,M-reg-accountant-liability,0
reg-al-07,mcq-practice,REG,reg-accountant-liability,n,M-reg-accountant-liability,0
reg-al-08,mcq-practice,REG,reg-accountant-liability,n,M-reg-accountant-liability,0
reg-al-09,mcq-practice,REG,reg-accountant-liability,n,M-reg-accountant-liability,0
reg-al-10,mcq-practice,REG,reg-accountant-liability,n,M-reg-accountant-liability,0
reg-al-11,mcq-practice,REG,reg-accountant-liability,n,M-reg-accountant-liability,0
reg-al-12,mcq-practice,REG,reg-accountant-liability,n,M-reg-accountant-liability,0
reg-al-13,mcq-practice,REG,reg-accountant-liability,n,M-reg-accountant-liability,0
reg-al-14,mcq-practice,REG,reg-accountant-liability,n,M-reg-accountant-liability,0
reg-al-15,mcq-practice,REG,reg-accountant-liability,n,M-reg-accountant-liability,0
reg-al-16,mcq-practice,REG,reg-accountant-liability,n,M-reg-accountant-liability,0
reg-al-17,mcq-practice,REG,reg-accountant-liability,n,M-reg-accountant-liability,0
reg-al-18,mcq-practice,REG,reg-accountant-liability,n,M-reg-accountant-liability,0
reg-al-19,mcq-practice,REG,reg-accountant-liability,n,M-reg-accountant-liability,0
reg-al-20,mcq-practice,REG,reg-accountant-liability,n,M-reg-accountant-liability,0
reg-al-21,mcq-practice,REG,reg-accountant-liability,n,M-reg-accountant-liability,0
reg-al-22,mcq-practice,REG,reg-accountant-liability,n,M-reg-accountant-liability,0
reg-al-23,mcq-practice,REG,reg-accountant-liability,n,M-reg-accountant-liability,0
reg-al-24,mcq-practice,REG,reg-accountant-liability,n,M-reg-accountant-liability,0
reg-al-25,mcq-practice,REG,reg-accountant-liability,n,M-reg-accountant-liability,0
reg-al-26,mcq-practice,REG,reg-accountant-liability,n,M-reg-accountant-liability,0
reg-al-27,mcq-practice,REG,reg-accountant-liability,n,M-reg-accountant-liability,0
reg-al-28,mcq-practice,REG,reg-accountant-liability,n,M-reg-accountant-liability,0
reg-al-29,mcq-practice,REG,reg-accountant-liability,n,M-reg-accountant-liability,0
reg-al-30,mcq-practice,REG,reg-accountant-liability,n,M-reg-accountant-liability,0
reg-al-31,mcq-practice,REG,reg-accountant-liability,n,M-reg-accountant-liability,0
reg-al-32,mcq-practice,REG,reg-accountant-liability,n,M-reg-accountant-liability,0
reg-al-33,mcq-practice,REG,reg-accountant-liability,n,M-reg-accountant-liability,0
reg-al-34,mcq-practice,REG,reg-accountant-liability,n,M-reg-accountant-liability,0
reg-al-35,mcq-practice,REG,reg-accountant-liability,n,M-reg-accountant-liability,0
reg-al-36,mcq-practice,REG,reg-accountant-liability,n,M-reg-accountant-liability,0
reg-x1-10,mcq-exam,REG,reg-accountant-liability,n,M-reg-accountant-liability,0
reg-x1-11,mcq-exam,REG,reg-accountant-liability,n,M-reg-accountant-liability,0
reg-x1-18,mcq-exam,REG,reg-accountant-liability,n,M-reg-accountant-liability,0
reg-x1-22,mcq-exam,REG,reg-accountant-liability,n,M-reg-accountant-liability,0
reg-al-f1,flashcard,REG,reg-accountant-liability,n,M-reg-accountant-liability,0
reg-al-f2,flashcard,REG,reg-accountant-liability,n,M-reg-accountant-liability,0
reg-al-f3,flashcard,REG,reg-accountant-liability,n,M-reg-accountant-liability,0
reg-al-f4,flashcard,REG,reg-accountant-liability,n,M-reg-accountant-liability,0
reg-al-f5,flashcard,REG,reg-accountant-liability,n,M-reg-accountant-liability,0
reg-al-f6,flashcard,REG,reg-accountant-liability,n,M-reg-accountant-liability,0
reg-tbs-r3-liability,tbs-practice,REG,reg-accountant-liability,n,M-reg-accountant-liability,0
reg-adjustments,lesson,REG,reg-adjustments,n,M-reg-adjustments,0
reg-adj-pre1,mcq-lesson,REG,reg-adjustments,n,M-reg-adjustments,0
reg-adj-chk1,mcq-lesson,REG,reg-adjustments,n,M-reg-adjustments,0
reg-adj-chk2,mcq-lesson,REG,reg-adjustments,n,M-reg-adjustments,0
reg-adj-01,mcq-practice,REG,reg-adjustments,n,M-reg-adjustments,0
reg-adj-02,mcq-practice,REG,reg-adjustments,n,M-reg-adjustments,0
reg-adj-03,mcq-practice,REG,reg-adjustments,n,M-reg-adjustments,0
reg-adj-04,mcq-practice,REG,reg-adjustments,n,M-reg-adjustments,0
reg-adj-05,mcq-practice,REG,reg-adjustments,n,M-reg-adjustments,0
reg-adj-06,mcq-practice,REG,reg-adjustments,n,M-reg-adjustments,0
reg-adj-07,mcq-practice,REG,reg-adjustments,n,M-reg-adjustments,0
reg-adj-08,mcq-practice,REG,reg-adjustments,n,M-reg-adjustments,0
reg-adj-09,mcq-practice,REG,reg-adjustments,n,M-reg-adjustments,0
reg-adj-10,mcq-practice,REG,reg-adjustments,n,M-reg-adjustments,0
reg-adj-11,mcq-practice,REG,reg-adjustments,n,M-reg-adjustments,0
reg-adj-12,mcq-practice,REG,reg-adjustments,n,M-reg-adjustments,0
reg-adj-13,mcq-practice,REG,reg-adjustments,n,M-reg-adjustments,0
reg-adj-14,mcq-practice,REG,reg-adjustments,n,M-reg-adjustments,0
reg-adj-15,mcq-practice,REG,reg-adjustments,n,M-reg-adjustments,0
reg-adj-16,mcq-practice,REG,reg-adjustments,n,M-reg-adjustments,0
reg-adj-17,mcq-practice,REG,reg-adjustments,n,M-reg-adjustments,0
reg-adj-18,mcq-practice,REG,reg-adjustments,n,M-reg-adjustments,0
reg-adj-19,mcq-practice,REG,reg-adjustments,n,M-reg-adjustments,0
reg-adj-20,mcq-practice,REG,reg-adjustments,n,M-reg-adjustments,0
reg-adj-21,mcq-practice,REG,reg-adjustments,n,M-reg-adjustments,0
reg-adj-22,mcq-practice,REG,reg-adjustments,n,M-reg-adjustments,0
reg-adj-23,mcq-practice,REG,reg-adjustments,n,M-reg-adjustments,0
reg-adj-24,mcq-practice,REG,reg-adjustments,n,M-reg-adjustments,0
reg-adj-25,mcq-practice,REG,reg-adjustments,n,M-reg-adjustments,0
reg-adj-26,mcq-practice,REG,reg-adjustments,n,M-reg-adjustments,0
reg-adj-27,mcq-practice,REG,reg-adjustments,n,M-reg-adjustments,0
reg-adj-28,mcq-practice,REG,reg-adjustments,n,M-reg-adjustments,0
reg-adj-29,mcq-practice,REG,reg-adjustments,n,M-reg-adjustments,0
reg-adj-30,mcq-practice,REG,reg-adjustments,n,M-reg-adjustments,0
reg-adj-31,mcq-practice,REG,reg-adjustments,n,M-reg-adjustments,0
reg-adj-32,mcq-practice,REG,reg-adjustments,n,M-reg-adjustments,0
reg-adj-33,mcq-practice,REG,reg-adjustments,n,M-reg-adjustments,0
reg-x4-11,mcq-exam,REG,reg-adjustments,n,M-reg-adjustments,0
reg-x4-12,mcq-exam,REG,reg-adjustments,n,M-reg-adjustments,0
reg-x4-29,mcq-exam,REG,reg-adjustments,n,M-reg-adjustments,0
reg-x4-38,mcq-exam,REG,reg-adjustments,n,M-reg-adjustments,0
reg-adj-f1,flashcard,REG,reg-adjustments,n,M-reg-adjustments,0
reg-adj-f2,flashcard,REG,reg-adjustments,n,M-reg-adjustments,0
reg-adj-f3,flashcard,REG,reg-adjustments,n,M-reg-adjustments,0
reg-adj-f4,flashcard,REG,reg-adjustments,n,M-reg-adjustments,0
reg-adj-f5,flashcard,REG,reg-adjustments,n,M-reg-adjustments,0
reg-adj-f6,flashcard,REG,reg-adjustments,n,M-reg-adjustments,0
reg-tbs-r3-agi,tbs-practice,REG,reg-adjustments,n,M-reg-adjustments,0
reg-tbs-u5-agi-review,tbs-practice,REG,reg-adjustments,n,M-reg-adjustments,0
reg-tbs-u5-taxable-income,tbs-practice,REG,reg-adjustments,n,M-reg-adjustments,0
reg-tbs-x4-individual,tbs-exam,REG,reg-adjustments,n,M-reg-adjustments,0
reg-tbs-x4-return-review,tbs-exam,REG,reg-adjustments,n,M-reg-adjustments,0
reg-agency,lesson,REG,reg-agency,n,M-reg-agency,0
reg-ag-pre1,mcq-lesson,REG,reg-agency,n,M-reg-agency,0
reg-ag-chk1,mcq-lesson,REG,reg-agency,n,M-reg-agency,0
reg-ag-chk2,mcq-lesson,REG,reg-agency,n,M-reg-agency,0
reg-ag-01,mcq-practice,REG,reg-agency,n,M-reg-agency,0
reg-ag-02,mcq-practice,REG,reg-agency,n,M-reg-agency,0
reg-ag-03,mcq-practice,REG,reg-agency,n,M-reg-agency,0
reg-ag-04,mcq-practice,REG,reg-agency,n,M-reg-agency,0
reg-ag-05,mcq-practice,REG,reg-agency,n,M-reg-agency,0
reg-ag-06,mcq-practice,REG,reg-agency,n,M-reg-agency,0
reg-ag-07,mcq-practice,REG,reg-agency,n,M-reg-agency,0
reg-ag-08,mcq-practice,REG,reg-agency,n,M-reg-agency,0
reg-ag-09,mcq-practice,REG,reg-agency,n,M-reg-agency,0
reg-ag-10,mcq-practice,REG,reg-agency,n,M-reg-agency,0
reg-ag-11,mcq-practice,REG,reg-agency,n,M-reg-agency,0
reg-ag-12,mcq-practice,REG,reg-agency,n,M-reg-agency,0
reg-ag-13,mcq-practice,REG,reg-agency,n,M-reg-agency,0
reg-ag-14,mcq-practice,REG,reg-agency,n,M-reg-agency,0
reg-ag-15,mcq-practice,REG,reg-agency,n,M-reg-agency,0
reg-ag-16,mcq-practice,REG,reg-agency,n,M-reg-agency,0
reg-ag-17,mcq-practice,REG,reg-agency,n,M-reg-agency,0
reg-ag-18,mcq-practice,REG,reg-agency,n,M-reg-agency,0
reg-ag-19,mcq-practice,REG,reg-agency,n,M-reg-agency,0
reg-ag-20,mcq-practice,REG,reg-agency,n,M-reg-agency,0
reg-ag-21,mcq-practice,REG,reg-agency,n,M-reg-agency,0
reg-ag-22,mcq-practice,REG,reg-agency,n,M-reg-agency,0
reg-ag-23,mcq-practice,REG,reg-agency,n,M-reg-agency,0
reg-ag-24,mcq-practice,REG,reg-agency,n,M-reg-agency,0
reg-ag-25,mcq-practice,REG,reg-agency,n,M-reg-agency,0
reg-ag-26,mcq-practice,REG,reg-agency,n,M-reg-agency,0
reg-ag-27,mcq-practice,REG,reg-agency,n,M-reg-agency,0
reg-ag-28,mcq-practice,REG,reg-agency,n,M-reg-agency,0
reg-ag-29,mcq-practice,REG,reg-agency,n,M-reg-agency,0
reg-ag-30,mcq-practice,REG,reg-agency,n,M-reg-agency,0
reg-ag-31,mcq-practice,REG,reg-agency,n,M-reg-agency,0
reg-ag-32,mcq-practice,REG,reg-agency,n,M-reg-agency,0
reg-ag-33,mcq-practice,REG,reg-agency,n,M-reg-agency,0
reg-x2-01,mcq-exam,REG,reg-agency,n,M-reg-agency,0
reg-x2-02,mcq-exam,REG,reg-agency,n,M-reg-agency,0
reg-x2-03,mcq-exam,REG,reg-agency,n,M-reg-agency,0
reg-x2-17,mcq-exam,REG,reg-agency,n,M-reg-agency,0
reg-x2-18,mcq-exam,REG,reg-agency,n,M-reg-agency,0
reg-x2-24,mcq-exam,REG,reg-agency,n,M-reg-agency,0
reg-ag-f1,flashcard,REG,reg-agency,n,M-reg-agency,0
reg-ag-f2,flashcard,REG,reg-agency,n,M-reg-agency,0
reg-ag-f3,flashcard,REG,reg-agency,n,M-reg-agency,0
reg-ag-f4,flashcard,REG,reg-agency,n,M-reg-agency,0
reg-ag-f5,flashcard,REG,reg-agency,n,M-reg-agency,0
reg-ag-f6,flashcard,REG,reg-agency,n,M-reg-agency,0
reg-amt-other-taxes,lesson,REG,reg-amt-other-taxes,n,M-reg-amt-other-taxes,0
reg-ot-pre1,mcq-lesson,REG,reg-amt-other-taxes,n,M-reg-amt-other-taxes,0
reg-ot-chk1,mcq-lesson,REG,reg-amt-other-taxes,n,M-reg-amt-other-taxes,0
reg-ot-chk2,mcq-lesson,REG,reg-amt-other-taxes,n,M-reg-amt-other-taxes,0
reg-ot-01,mcq-practice,REG,reg-amt-other-taxes,n,M-reg-amt-other-taxes,0
reg-ot-02,mcq-practice,REG,reg-amt-other-taxes,n,M-reg-amt-other-taxes,0
reg-ot-03,mcq-practice,REG,reg-amt-other-taxes,n,M-reg-amt-other-taxes,0
reg-ot-04,mcq-practice,REG,reg-amt-other-taxes,n,M-reg-amt-other-taxes,0
reg-ot-05,mcq-practice,REG,reg-amt-other-taxes,n,M-reg-amt-other-taxes,0
reg-ot-06,mcq-practice,REG,reg-amt-other-taxes,n,M-reg-amt-other-taxes,0
reg-ot-07,mcq-practice,REG,reg-amt-other-taxes,n,M-reg-amt-other-taxes,0
reg-ot-08,mcq-practice,REG,reg-amt-other-taxes,n,M-reg-amt-other-taxes,0
reg-ot-09,mcq-practice,REG,reg-amt-other-taxes,n,M-reg-amt-other-taxes,0
reg-ot-10,mcq-practice,REG,reg-amt-other-taxes,n,M-reg-amt-other-taxes,0
reg-ot-11,mcq-practice,REG,reg-amt-other-taxes,n,M-reg-amt-other-taxes,0
reg-ot-12,mcq-practice,REG,reg-amt-other-taxes,n,M-reg-amt-other-taxes,0
reg-ot-13,mcq-practice,REG,reg-amt-other-taxes,n,M-reg-amt-other-taxes,0
reg-ot-14,mcq-practice,REG,reg-amt-other-taxes,n,M-reg-amt-other-taxes,0
reg-ot-15,mcq-practice,REG,reg-amt-other-taxes,n,M-reg-amt-other-taxes,0
reg-ot-16,mcq-practice,REG,reg-amt-other-taxes,n,M-reg-amt-other-taxes,0
reg-ot-17,mcq-practice,REG,reg-amt-other-taxes,n,M-reg-amt-other-taxes,0
reg-ot-18,mcq-practice,REG,reg-amt-other-taxes,n,M-reg-amt-other-taxes,0
reg-ot-19,mcq-practice,REG,reg-amt-other-taxes,n,M-reg-amt-other-taxes,0
reg-ot-20,mcq-practice,REG,reg-amt-other-taxes,n,M-reg-amt-other-taxes,0
reg-ot-21,mcq-practice,REG,reg-amt-other-taxes,n,M-reg-amt-other-taxes,0
reg-ot-22,mcq-practice,REG,reg-amt-other-taxes,n,M-reg-amt-other-taxes,0
reg-ot-23,mcq-practice,REG,reg-amt-other-taxes,n,M-reg-amt-other-taxes,0
reg-ot-24,mcq-practice,REG,reg-amt-other-taxes,n,M-reg-amt-other-taxes,0
reg-ot-25,mcq-practice,REG,reg-amt-other-taxes,n,M-reg-amt-other-taxes,0
reg-ot-26,mcq-practice,REG,reg-amt-other-taxes,n,M-reg-amt-other-taxes,0
reg-ot-27,mcq-practice,REG,reg-amt-other-taxes,n,M-reg-amt-other-taxes,0
reg-ot-28,mcq-practice,REG,reg-amt-other-taxes,n,M-reg-amt-other-taxes,0
reg-ot-29,mcq-practice,REG,reg-amt-other-taxes,n,M-reg-amt-other-taxes,0
reg-ot-30,mcq-practice,REG,reg-amt-other-taxes,n,M-reg-amt-other-taxes,0
reg-ot-31,mcq-practice,REG,reg-amt-other-taxes,n,M-reg-amt-other-taxes,0
reg-ot-32,mcq-practice,REG,reg-amt-other-taxes,n,M-reg-amt-other-taxes,0
reg-ot-33,mcq-practice,REG,reg-amt-other-taxes,n,M-reg-amt-other-taxes,0
reg-ot-34,mcq-practice,REG,reg-amt-other-taxes,n,M-reg-amt-other-taxes,0
reg-ot-35,mcq-practice,REG,reg-amt-other-taxes,n,M-reg-amt-other-taxes,0
reg-ot-36,mcq-practice,REG,reg-amt-other-taxes,n,M-reg-amt-other-taxes,0
reg-ot-37,mcq-practice,REG,reg-amt-other-taxes,n,M-reg-amt-other-taxes,0
reg-ot-38,mcq-practice,REG,reg-amt-other-taxes,n,M-reg-amt-other-taxes,0
reg-x4-19,mcq-exam,REG,reg-amt-other-taxes,n,M-reg-amt-other-taxes,0
reg-x4-21,mcq-exam,REG,reg-amt-other-taxes,n,M-reg-amt-other-taxes,0
reg-x4-22,mcq-exam,REG,reg-amt-other-taxes,n,M-reg-amt-other-taxes,0
reg-x4-32,mcq-exam,REG,reg-amt-other-taxes,n,M-reg-amt-other-taxes,0
reg-x4-42,mcq-exam,REG,reg-amt-other-taxes,n,M-reg-amt-other-taxes,0
reg-ot-f1,flashcard,REG,reg-amt-other-taxes,n,M-reg-amt-other-taxes,0
reg-ot-f2,flashcard,REG,reg-amt-other-taxes,n,M-reg-amt-other-taxes,0
reg-ot-f3,flashcard,REG,reg-amt-other-taxes,n,M-reg-amt-other-taxes,0
reg-ot-f4,flashcard,REG,reg-amt-other-taxes,n,M-reg-amt-other-taxes,0
reg-ot-f5,flashcard,REG,reg-amt-other-taxes,n,M-reg-amt-other-taxes,0
reg-ot-f6,flashcard,REG,reg-amt-other-taxes,n,M-reg-amt-other-taxes,0
reg-tbs-x4-self-employed,tbs-exam,REG,reg-amt-other-taxes,n,M-reg-amt-other-taxes,0
reg-business-rental-income,lesson,REG,reg-business-rental-income,n,M-reg-business-rental-income,0
reg-bri-pre1,mcq-lesson,REG,reg-business-rental-income,n,M-reg-business-rental-income,0
reg-bri-chk1,mcq-lesson,REG,reg-business-rental-income,n,M-reg-business-rental-income,0
reg-bri-chk2,mcq-lesson,REG,reg-business-rental-income,n,M-reg-business-rental-income,0
reg-bri-01,mcq-practice,REG,reg-business-rental-income,n,M-reg-business-rental-income,0
reg-bri-02,mcq-practice,REG,reg-business-rental-income,n,M-reg-business-rental-income,0
reg-bri-03,mcq-practice,REG,reg-business-rental-income,n,M-reg-business-rental-income,0
reg-bri-04,mcq-practice,REG,reg-business-rental-income,n,M-reg-business-rental-income,0
reg-bri-05,mcq-practice,REG,reg-business-rental-income,n,M-reg-business-rental-income,0
reg-bri-06,mcq-practice,REG,reg-business-rental-income,n,M-reg-business-rental-income,0
reg-bri-07,mcq-practice,REG,reg-business-rental-income,n,M-reg-business-rental-income,0
reg-bri-08,mcq-practice,REG,reg-business-rental-income,n,M-reg-business-rental-income,0
reg-bri-09,mcq-practice,REG,reg-business-rental-income,n,M-reg-business-rental-income,0
reg-bri-10,mcq-practice,REG,reg-business-rental-income,n,M-reg-business-rental-income,0
reg-bri-11,mcq-practice,REG,reg-business-rental-income,n,M-reg-business-rental-income,0
reg-bri-12,mcq-practice,REG,reg-business-rental-income,n,M-reg-business-rental-income,0
reg-bri-13,mcq-practice,REG,reg-business-rental-income,n,M-reg-business-rental-income,0
reg-bri-14,mcq-practice,REG,reg-business-rental-income,n,M-reg-business-rental-income,0
reg-bri-15,mcq-practice,REG,reg-business-rental-income,n,M-reg-business-rental-income,0
reg-bri-16,mcq-practice,REG,reg-business-rental-income,n,M-reg-business-rental-income,0
reg-bri-17,mcq-practice,REG,reg-business-rental-income,n,M-reg-business-rental-income,0
reg-bri-18,mcq-practice,REG,reg-business-rental-income,n,M-reg-business-rental-income,0
reg-bri-19,mcq-practice,REG,reg-business-rental-income,n,M-reg-business-rental-income,0
reg-bri-20,mcq-practice,REG,reg-business-rental-income,n,M-reg-business-rental-income,0
reg-bri-21,mcq-practice,REG,reg-business-rental-income,n,M-reg-business-rental-income,0
reg-bri-22,mcq-practice,REG,reg-business-rental-income,n,M-reg-business-rental-income,0
reg-bri-23,mcq-practice,REG,reg-business-rental-income,n,M-reg-business-rental-income,0
reg-bri-24,mcq-practice,REG,reg-business-rental-income,n,M-reg-business-rental-income,0
reg-bri-25,mcq-practice,REG,reg-business-rental-income,n,M-reg-business-rental-income,0
reg-bri-26,mcq-practice,REG,reg-business-rental-income,n,M-reg-business-rental-income,0
reg-bri-27,mcq-practice,REG,reg-business-rental-income,n,M-reg-business-rental-income,0
reg-bri-28,mcq-practice,REG,reg-business-rental-income,n,M-reg-business-rental-income,0
reg-bri-29,mcq-practice,REG,reg-business-rental-income,n,M-reg-business-rental-income,0
reg-bri-30,mcq-practice,REG,reg-business-rental-income,n,M-reg-business-rental-income,0
reg-bri-31,mcq-practice,REG,reg-business-rental-income,n,M-reg-business-rental-income,0
reg-bri-32,mcq-practice,REG,reg-business-rental-income,n,M-reg-business-rental-income,0
reg-bri-33,mcq-practice,REG,reg-business-rental-income,n,M-reg-business-rental-income,0
reg-bri-34,mcq-practice,REG,reg-business-rental-income,n,M-reg-business-rental-income,0
reg-bri-35,mcq-practice,REG,reg-business-rental-income,n,M-reg-business-rental-income,0
reg-bri-36,mcq-practice,REG,reg-business-rental-income,n,M-reg-business-rental-income,0
reg-x4-08,mcq-exam,REG,reg-business-rental-income,n,M-reg-business-rental-income,0
reg-x4-10,mcq-exam,REG,reg-business-rental-income,n,M-reg-business-rental-income,0
reg-x4-28,mcq-exam,REG,reg-business-rental-income,n,M-reg-business-rental-income,0
reg-x4-36,mcq-exam,REG,reg-business-rental-income,n,M-reg-business-rental-income,0
reg-x4-37,mcq-exam,REG,reg-business-rental-income,n,M-reg-business-rental-income,0
reg-bri-f1,flashcard,REG,reg-business-rental-income,n,M-reg-business-rental-income,0
reg-bri-f2,flashcard,REG,reg-business-rental-income,n,M-reg-business-rental-income,0
reg-bri-f3,flashcard,REG,reg-business-rental-income,n,M-reg-business-rental-income,0
reg-bri-f4,flashcard,REG,reg-business-rental-income,n,M-reg-business-rental-income,0
reg-bri-f5,flashcard,REG,reg-business-rental-income,n,M-reg-business-rental-income,0
reg-bri-f6,flashcard,REG,reg-business-rental-income,n,M-reg-business-rental-income,0
reg-tbs-r3-schedule-c,tbs-practice,REG,reg-business-rental-income,n,M-reg-business-rental-income,0
reg-tbs-r3-vacation-home,tbs-practice,REG,reg-business-rental-income,n,M-reg-business-rental-income,0
reg-tbs-u4-loss-review,tbs-practice,REG,reg-business-rental-income,n,M-reg-business-rental-income,0
reg-tbs-u4-schedule-c-rental,tbs-practice,REG,reg-business-rental-income,n,M-reg-business-rental-income,0
reg-business-structures,lesson,REG,reg-business-structures,n,M-reg-business-structures,0
reg-bs-pre1,mcq-lesson,REG,reg-business-structures,n,M-reg-business-structures,0
reg-bs-chk1,mcq-lesson,REG,reg-business-structures,n,M-reg-business-structures,0
reg-bs-chk2,mcq-lesson,REG,reg-business-structures,n,M-reg-business-structures,0
reg-bs-01,mcq-practice,REG,reg-business-structures,n,M-reg-business-structures,0
reg-bs-02,mcq-practice,REG,reg-business-structures,n,M-reg-business-structures,0
reg-bs-03,mcq-practice,REG,reg-business-structures,n,M-reg-business-structures,0
reg-bs-04,mcq-practice,REG,reg-business-structures,n,M-reg-business-structures,0
reg-bs-05,mcq-practice,REG,reg-business-structures,n,M-reg-business-structures,0
reg-bs-06,mcq-practice,REG,reg-business-structures,n,M-reg-business-structures,0
reg-bs-07,mcq-practice,REG,reg-business-structures,n,M-reg-business-structures,0
reg-bs-08,mcq-practice,REG,reg-business-structures,n,M-reg-business-structures,0
reg-bs-09,mcq-practice,REG,reg-business-structures,n,M-reg-business-structures,0
reg-bs-10,mcq-practice,REG,reg-business-structures,n,M-reg-business-structures,0
reg-bs-11,mcq-practice,REG,reg-business-structures,n,M-reg-business-structures,0
reg-bs-12,mcq-practice,REG,reg-business-structures,n,M-reg-business-structures,0
reg-bs-13,mcq-practice,REG,reg-business-structures,n,M-reg-business-structures,0
reg-bs-14,mcq-practice,REG,reg-business-structures,n,M-reg-business-structures,0
reg-bs-15,mcq-practice,REG,reg-business-structures,n,M-reg-business-structures,0
reg-bs-16,mcq-practice,REG,reg-business-structures,n,M-reg-business-structures,0
reg-bs-17,mcq-practice,REG,reg-business-structures,n,M-reg-business-structures,0
reg-bs-18,mcq-practice,REG,reg-business-structures,n,M-reg-business-structures,0
reg-bs-19,mcq-practice,REG,reg-business-structures,n,M-reg-business-structures,0
reg-bs-20,mcq-practice,REG,reg-business-structures,n,M-reg-business-structures,0
reg-bs-21,mcq-practice,REG,reg-business-structures,n,M-reg-business-structures,0
reg-bs-22,mcq-practice,REG,reg-business-structures,n,M-reg-business-structures,0
reg-bs-23,mcq-practice,REG,reg-business-structures,n,M-reg-business-structures,0
reg-bs-24,mcq-practice,REG,reg-business-structures,n,M-reg-business-structures,0
reg-bs-25,mcq-practice,REG,reg-business-structures,n,M-reg-business-structures,0
reg-bs-26,mcq-practice,REG,reg-business-structures,n,M-reg-business-structures,0
reg-bs-27,mcq-practice,REG,reg-business-structures,n,M-reg-business-structures,0
reg-bs-28,mcq-practice,REG,reg-business-structures,n,M-reg-business-structures,0
reg-bs-29,mcq-practice,REG,reg-business-structures,n,M-reg-business-structures,0
reg-bs-30,mcq-practice,REG,reg-business-structures,n,M-reg-business-structures,0
reg-bs-31,mcq-practice,REG,reg-business-structures,n,M-reg-business-structures,0
reg-bs-32,mcq-practice,REG,reg-business-structures,n,M-reg-business-structures,0
reg-bs-33,mcq-practice,REG,reg-business-structures,n,M-reg-business-structures,0
reg-x2-13,mcq-exam,REG,reg-business-structures,n,M-reg-business-structures,0
reg-x2-14,mcq-exam,REG,reg-business-structures,n,M-reg-business-structures,0
reg-x2-23,mcq-exam,REG,reg-business-structures,n,M-reg-business-structures,0
reg-x2-30,mcq-exam,REG,reg-business-structures,n,M-reg-business-structures,0
reg-bs-f1,flashcard,REG,reg-business-structures,n,M-reg-business-structures,0
reg-bs-f2,flashcard,REG,reg-business-structures,n,M-reg-business-structures,0
reg-bs-f3,flashcard,REG,reg-business-structures,n,M-reg-business-structures,0
reg-bs-f4,flashcard,REG,reg-business-structures,n,M-reg-business-structures,0
reg-bs-f5,flashcard,REG,reg-business-structures,n,M-reg-business-structures,0
reg-bs-f6,flashcard,REG,reg-business-structures,n,M-reg-business-structures,0
reg-c-corp-income,lesson,REG,reg-c-corp-income,n,M-reg-c-corp-income,0
reg-cc-pre1,mcq-lesson,REG,reg-c-corp-income,n,M-reg-c-corp-income,0
reg-cc-chk1,mcq-lesson,REG,reg-c-corp-income,n,M-reg-c-corp-income,0
reg-cc-chk2,mcq-lesson,REG,reg-c-corp-income,n,M-reg-c-corp-income,0
reg-cc-01,mcq-practice,REG,reg-c-corp-income,n,M-reg-c-corp-income,0
reg-cc-02,mcq-practice,REG,reg-c-corp-income,n,M-reg-c-corp-income,0
reg-cc-03,mcq-practice,REG,reg-c-corp-income,n,M-reg-c-corp-income,0
reg-cc-04,mcq-practice,REG,reg-c-corp-income,n,M-reg-c-corp-income,0
reg-cc-05,mcq-practice,REG,reg-c-corp-income,n,M-reg-c-corp-income,0
reg-cc-06,mcq-practice,REG,reg-c-corp-income,n,M-reg-c-corp-income,0
reg-cc-07,mcq-practice,REG,reg-c-corp-income,n,M-reg-c-corp-income,0
reg-cc-08,mcq-practice,REG,reg-c-corp-income,n,M-reg-c-corp-income,0
reg-cc-09,mcq-practice,REG,reg-c-corp-income,n,M-reg-c-corp-income,0
reg-cc-10,mcq-practice,REG,reg-c-corp-income,n,M-reg-c-corp-income,0
reg-cc-11,mcq-practice,REG,reg-c-corp-income,n,M-reg-c-corp-income,0
reg-cc-12,mcq-practice,REG,reg-c-corp-income,n,M-reg-c-corp-income,0
reg-cc-13,mcq-practice,REG,reg-c-corp-income,n,M-reg-c-corp-income,0
reg-cc-14,mcq-practice,REG,reg-c-corp-income,n,M-reg-c-corp-income,0
reg-cc-15,mcq-practice,REG,reg-c-corp-income,n,M-reg-c-corp-income,0
reg-cc-16,mcq-practice,REG,reg-c-corp-income,n,M-reg-c-corp-income,0
reg-cc-17,mcq-practice,REG,reg-c-corp-income,n,M-reg-c-corp-income,0
reg-cc-18,mcq-practice,REG,reg-c-corp-income,n,M-reg-c-corp-income,0
reg-cc-19,mcq-practice,REG,reg-c-corp-income,n,M-reg-c-corp-income,0
reg-cc-20,mcq-practice,REG,reg-c-corp-income,n,M-reg-c-corp-income,0
reg-cc-21,mcq-practice,REG,reg-c-corp-income,n,M-reg-c-corp-income,0
reg-cc-22,mcq-practice,REG,reg-c-corp-income,n,M-reg-c-corp-income,0
reg-cc-23,mcq-practice,REG,reg-c-corp-income,n,M-reg-c-corp-income,0
reg-cc-24,mcq-practice,REG,reg-c-corp-income,n,M-reg-c-corp-income,0
reg-cc-25,mcq-practice,REG,reg-c-corp-income,n,M-reg-c-corp-income,0
reg-cc-26,mcq-practice,REG,reg-c-corp-income,n,M-reg-c-corp-income,0
reg-cc-27,mcq-practice,REG,reg-c-corp-income,n,M-reg-c-corp-income,0
reg-cc-28,mcq-practice,REG,reg-c-corp-income,n,M-reg-c-corp-income,0
reg-cc-29,mcq-practice,REG,reg-c-corp-income,n,M-reg-c-corp-income,0
reg-cc-30,mcq-practice,REG,reg-c-corp-income,n,M-reg-c-corp-income,0
reg-cc-31,mcq-practice,REG,reg-c-corp-income,n,M-reg-c-corp-income,0
reg-cc-32,mcq-practice,REG,reg-c-corp-income,n,M-reg-c-corp-income,0
reg-cc-33,mcq-practice,REG,reg-c-corp-income,n,M-reg-c-corp-income,0
reg-x5-01,mcq-exam,REG,reg-c-corp-income,n,M-reg-c-corp-income,0
reg-x5-02,mcq-exam,REG,reg-c-corp-income,n,M-reg-c-corp-income,0
reg-x5-03,mcq-exam,REG,reg-c-corp-income,n,M-reg-c-corp-income,0
reg-x5-04,mcq-exam,REG,reg-c-corp-income,n,M-reg-c-corp-income,0
reg-x5-05,mcq-exam,REG,reg-c-corp-income,n,M-reg-c-corp-income,0
tcp-x2-01,mcq-exam,REG,reg-c-corp-income,n,M-reg-c-corp-income,0
tcp-x2-02,mcq-exam,REG,reg-c-corp-income,n,M-reg-c-corp-income,0
tcp-x2-23,mcq-exam,REG,reg-c-corp-income,n,M-reg-c-corp-income,0
reg-x5-23,mcq-exam,REG,reg-c-corp-income,n,M-reg-c-corp-income,0
reg-x5-24,mcq-exam,REG,reg-c-corp-income,n,M-reg-c-corp-income,0
reg-x5-27,mcq-exam,REG,reg-c-corp-income,n,M-reg-c-corp-income,0
reg-x5-28,mcq-exam,REG,reg-c-corp-income,n,M-reg-c-corp-income,0
reg-x5-29,mcq-exam,REG,reg-c-corp-income,n,M-reg-c-corp-income,0
reg-x5-30,mcq-exam,REG,reg-c-corp-income,n,M-reg-c-corp-income,0
reg-x5-31,mcq-exam,REG,reg-c-corp-income,n,M-reg-c-corp-income,0
reg-x5-37,mcq-exam,REG,reg-c-corp-income,n,M-reg-c-corp-income,0
reg-x5-38,mcq-exam,REG,reg-c-corp-income,n,M-reg-c-corp-income,0
reg-x5-39,mcq-exam,REG,reg-c-corp-income,n,M-reg-c-corp-income,0
reg-x5-40,mcq-exam,REG,reg-c-corp-income,n,M-reg-c-corp-income,0
reg-cc-f1,flashcard,REG,reg-c-corp-income,n,M-reg-c-corp-income,0
reg-cc-f2,flashcard,REG,reg-c-corp-income,n,M-reg-c-corp-income,0
reg-cc-f3,flashcard,REG,reg-c-corp-income,n,M-reg-c-corp-income,0
reg-cc-f4,flashcard,REG,reg-c-corp-income,n,M-reg-c-corp-income,0
reg-cc-f5,flashcard,REG,reg-c-corp-income,n,M-reg-c-corp-income,0
reg-cc-f6,flashcard,REG,reg-c-corp-income,n,M-reg-c-corp-income,0
reg-tbs-r3-corporate-ti,tbs-practice,REG,reg-c-corp-income,n,M-reg-c-corp-income,0
reg-tbs-r3-nol-estimates,tbs-practice,REG,reg-c-corp-income,n,M-reg-c-corp-income,0
reg-tbs-u6-book-tax-review,tbs-practice,REG,reg-c-corp-income,n,M-reg-c-corp-income,0
reg-tbs-u6-corporate-ti,tbs-practice,REG,reg-c-corp-income,n,M-reg-c-corp-income,0
reg-tbs-x5-corporate,tbs-exam,REG,reg-c-corp-income,n,M-reg-c-corp-income,0
tcp-tbs-u3-m1,tbs-practice,REG,reg-c-corp-income,n,M-reg-c-corp-income,0
reg-capital-gains,lesson,REG,reg-capital-gains,n,M-reg-capital-gains,0
reg-cg-pre1,mcq-lesson,REG,reg-capital-gains,n,M-reg-capital-gains,0
reg-cg-chk1,mcq-lesson,REG,reg-capital-gains,n,M-reg-capital-gains,0
reg-cg-chk2,mcq-lesson,REG,reg-capital-gains,n,M-reg-capital-gains,0
reg-cg-01,mcq-practice,REG,reg-capital-gains,n,M-reg-capital-gains,0
reg-cg-02,mcq-practice,REG,reg-capital-gains,n,M-reg-capital-gains,0
reg-cg-03,mcq-practice,REG,reg-capital-gains,n,M-reg-capital-gains,0
reg-cg-04,mcq-practice,REG,reg-capital-gains,n,M-reg-capital-gains,0
reg-cg-05,mcq-practice,REG,reg-capital-gains,n,M-reg-capital-gains,0
reg-cg-06,mcq-practice,REG,reg-capital-gains,n,M-reg-capital-gains,0
reg-cg-07,mcq-practice,REG,reg-capital-gains,n,M-reg-capital-gains,0
reg-cg-08,mcq-practice,REG,reg-capital-gains,n,M-reg-capital-gains,0
reg-cg-09,mcq-practice,REG,reg-capital-gains,n,M-reg-capital-gains,0
reg-cg-10,mcq-practice,REG,reg-capital-gains,n,M-reg-capital-gains,0
reg-cg-11,mcq-practice,REG,reg-capital-gains,n,M-reg-capital-gains,0
reg-cg-12,mcq-practice,REG,reg-capital-gains,n,M-reg-capital-gains,0
reg-cg-13,mcq-practice,REG,reg-capital-gains,n,M-reg-capital-gains,0
reg-cg-14,mcq-practice,REG,reg-capital-gains,n,M-reg-capital-gains,0
reg-cg-15,mcq-practice,REG,reg-capital-gains,n,M-reg-capital-gains,0
reg-cg-16,mcq-practice,REG,reg-capital-gains,n,M-reg-capital-gains,0
reg-cg-17,mcq-practice,REG,reg-capital-gains,n,M-reg-capital-gains,0
reg-cg-18,mcq-practice,REG,reg-capital-gains,n,M-reg-capital-gains,0
reg-cg-19,mcq-practice,REG,reg-capital-gains,n,M-reg-capital-gains,0
reg-cg-20,mcq-practice,REG,reg-capital-gains,n,M-reg-capital-gains,0
reg-cg-21,mcq-practice,REG,reg-capital-gains,n,M-reg-capital-gains,0
reg-cg-22,mcq-practice,REG,reg-capital-gains,n,M-reg-capital-gains,0
reg-cg-23,mcq-practice,REG,reg-capital-gains,n,M-reg-capital-gains,0
reg-cg-24,mcq-practice,REG,reg-capital-gains,n,M-reg-capital-gains,0
reg-cg-25,mcq-practice,REG,reg-capital-gains,n,M-reg-capital-gains,0
reg-cg-26,mcq-practice,REG,reg-capital-gains,n,M-reg-capital-gains,0
reg-cg-27,mcq-practice,REG,reg-capital-gains,n,M-reg-capital-gains,0
reg-cg-28,mcq-practice,REG,reg-capital-gains,n,M-reg-capital-gains,0
reg-cg-29,mcq-practice,REG,reg-capital-gains,n,M-reg-capital-gains,0
reg-cg-30,mcq-practice,REG,reg-capital-gains,n,M-reg-capital-gains,0
reg-cg-31,mcq-practice,REG,reg-capital-gains,n,M-reg-capital-gains,0
reg-cg-32,mcq-practice,REG,reg-capital-gains,n,M-reg-capital-gains,0
reg-cg-33,mcq-practice,REG,reg-capital-gains,n,M-reg-capital-gains,0
reg-cg-34,mcq-practice,REG,reg-capital-gains,n,M-reg-capital-gains,0
reg-cg-35,mcq-practice,REG,reg-capital-gains,n,M-reg-capital-gains,0
reg-cg-36,mcq-practice,REG,reg-capital-gains,n,M-reg-capital-gains,0
reg-cg-37,mcq-practice,REG,reg-capital-gains,n,M-reg-capital-gains,0
reg-cg-38,mcq-practice,REG,reg-capital-gains,n,M-reg-capital-gains,0
reg-cg-39,mcq-practice,REG,reg-capital-gains,n,M-reg-capital-gains,0
reg-x3-03,mcq-exam,REG,reg-capital-gains,n,M-reg-capital-gains,0
reg-x3-13,mcq-exam,REG,reg-capital-gains,n,M-reg-capital-gains,0
reg-cg-f1,flashcard,REG,reg-capital-gains,n,M-reg-capital-gains,0
reg-cg-f2,flashcard,REG,reg-capital-gains,n,M-reg-capital-gains,0
reg-cg-f3,flashcard,REG,reg-capital-gains,n,M-reg-capital-gains,0
reg-cg-f4,flashcard,REG,reg-capital-gains,n,M-reg-capital-gains,0
reg-cg-f5,flashcard,REG,reg-capital-gains,n,M-reg-capital-gains,0
reg-cg-f6,flashcard,REG,reg-capital-gains,n,M-reg-capital-gains,0
reg-tbs-r3-capital-netting,tbs-practice,REG,reg-capital-gains,n,M-reg-capital-gains,0
reg-tbs-x3-capital-gains,tbs-exam,REG,reg-capital-gains,n,M-reg-capital-gains,0
reg-circular-230,lesson,REG,reg-circular-230,n,M-reg-circular-230,0
reg-c230-pre1,mcq-lesson,REG,reg-circular-230,n,M-reg-circular-230,0
reg-c230-chk1,mcq-lesson,REG,reg-circular-230,n,M-reg-circular-230,0
reg-c230-chk2,mcq-lesson,REG,reg-circular-230,n,M-reg-circular-230,0
reg-c230-01,mcq-practice,REG,reg-circular-230,n,M-reg-circular-230,0
reg-c230-02,mcq-practice,REG,reg-circular-230,n,M-reg-circular-230,0
reg-c230-03,mcq-practice,REG,reg-circular-230,n,M-reg-circular-230,0
reg-c230-04,mcq-practice,REG,reg-circular-230,n,M-reg-circular-230,0
reg-c230-05,mcq-practice,REG,reg-circular-230,n,M-reg-circular-230,0
reg-c230-06,mcq-practice,REG,reg-circular-230,n,M-reg-circular-230,0
reg-c230-07,mcq-practice,REG,reg-circular-230,n,M-reg-circular-230,0
reg-c230-08,mcq-practice,REG,reg-circular-230,n,M-reg-circular-230,0
reg-c230-09,mcq-practice,REG,reg-circular-230,n,M-reg-circular-230,0
reg-c230-10,mcq-practice,REG,reg-circular-230,n,M-reg-circular-230,0
reg-c230-11,mcq-practice,REG,reg-circular-230,n,M-reg-circular-230,0
reg-c230-12,mcq-practice,REG,reg-circular-230,n,M-reg-circular-230,0
reg-c230-13,mcq-practice,REG,reg-circular-230,n,M-reg-circular-230,0
reg-c230-14,mcq-practice,REG,reg-circular-230,n,M-reg-circular-230,0
reg-c230-15,mcq-practice,REG,reg-circular-230,n,M-reg-circular-230,0
reg-c230-16,mcq-practice,REG,reg-circular-230,n,M-reg-circular-230,0
reg-c230-17,mcq-practice,REG,reg-circular-230,n,M-reg-circular-230,0
reg-c230-18,mcq-practice,REG,reg-circular-230,n,M-reg-circular-230,0
reg-c230-19,mcq-practice,REG,reg-circular-230,n,M-reg-circular-230,0
reg-c230-20,mcq-practice,REG,reg-circular-230,n,M-reg-circular-230,0
reg-c230-21,mcq-practice,REG,reg-circular-230,n,M-reg-circular-230,0
reg-c230-22,mcq-practice,REG,reg-circular-230,n,M-reg-circular-230,0
reg-c230-23,mcq-practice,REG,reg-circular-230,n,M-reg-circular-230,0
reg-c230-24,mcq-practice,REG,reg-circular-230,n,M-reg-circular-230,0
reg-c230-25,mcq-practice,REG,reg-circular-230,n,M-reg-circular-230,0
reg-c230-26,mcq-practice,REG,reg-circular-230,n,M-reg-circular-230,0
reg-c230-27,mcq-practice,REG,reg-circular-230,n,M-reg-circular-230,0
reg-c230-28,mcq-practice,REG,reg-circular-230,n,M-reg-circular-230,0
reg-c230-29,mcq-practice,REG,reg-circular-230,n,M-reg-circular-230,0
reg-c230-30,mcq-practice,REG,reg-circular-230,n,M-reg-circular-230,0
reg-c230-31,mcq-practice,REG,reg-circular-230,n,M-reg-circular-230,0
reg-c230-32,mcq-practice,REG,reg-circular-230,n,M-reg-circular-230,0
reg-c230-33,mcq-practice,REG,reg-circular-230,n,M-reg-circular-230,0
reg-c230-34,mcq-practice,REG,reg-circular-230,n,M-reg-circular-230,0
reg-c230-35,mcq-practice,REG,reg-circular-230,n,M-reg-circular-230,0
reg-c230-36,mcq-practice,REG,reg-circular-230,n,M-reg-circular-230,0
reg-x1-01,mcq-exam,REG,reg-circular-230,n,M-reg-circular-230,0
reg-x1-02,mcq-exam,REG,reg-circular-230,n,M-reg-circular-230,0
reg-x1-03,mcq-exam,REG,reg-circular-230,n,M-reg-circular-230,0
reg-x1-13,mcq-exam,REG,reg-circular-230,n,M-reg-circular-230,0
reg-x1-14,mcq-exam,REG,reg-circular-230,n,M-reg-circular-230,0
reg-x1-21,mcq-exam,REG,reg-circular-230,n,M-reg-circular-230,0
reg-c230-f1,flashcard,REG,reg-circular-230,n,M-reg-circular-230,0
reg-c230-f2,flashcard,REG,reg-circular-230,n,M-reg-circular-230,0
reg-c230-f3,flashcard,REG,reg-circular-230,n,M-reg-circular-230,0
reg-c230-f4,flashcard,REG,reg-circular-230,n,M-reg-circular-230,0
reg-c230-f5,flashcard,REG,reg-circular-230,n,M-reg-circular-230,0
reg-c230-f6,flashcard,REG,reg-circular-230,n,M-reg-circular-230,0
reg-tbs-r3-circular230,tbs-practice,REG,reg-circular-230,n,M-reg-circular-230,0
reg-tbs-x1-practice-rules,tbs-exam,REG,reg-circular-230,n,M-reg-circular-230,0
reg-contracts,lesson,REG,reg-contracts,n,M-reg-contracts,0
reg-ct-pre1,mcq-lesson,REG,reg-contracts,n,M-reg-contracts,0
reg-ct-chk1,mcq-lesson,REG,reg-contracts,n,M-reg-contracts,0
reg-ct-chk2,mcq-lesson,REG,reg-contracts,n,M-reg-contracts,0
reg-ct-01,mcq-practice,REG,reg-contracts,n,M-reg-contracts,0
reg-ct-02,mcq-practice,REG,reg-contracts,n,M-reg-contracts,0
reg-ct-03,mcq-practice,REG,reg-contracts,n,M-reg-contracts,0
reg-ct-04,mcq-practice,REG,reg-contracts,n,M-reg-contracts,0
reg-ct-05,mcq-practice,REG,reg-contracts,n,M-reg-contracts,0
reg-ct-06,mcq-practice,REG,reg-contracts,n,M-reg-contracts,0
reg-ct-07,mcq-practice,REG,reg-contracts,n,M-reg-contracts,0
reg-ct-08,mcq-practice,REG,reg-contracts,n,M-reg-contracts,0
reg-ct-09,mcq-practice,REG,reg-contracts,n,M-reg-contracts,0
reg-ct-10,mcq-practice,REG,reg-contracts,n,M-reg-contracts,0
reg-ct-11,mcq-practice,REG,reg-contracts,n,M-reg-contracts,0
reg-ct-12,mcq-practice,REG,reg-contracts,n,M-reg-contracts,0
reg-ct-13,mcq-practice,REG,reg-contracts,n,M-reg-contracts,0
reg-ct-14,mcq-practice,REG,reg-contracts,n,M-reg-contracts,0
reg-ct-15,mcq-practice,REG,reg-contracts,n,M-reg-contracts,0
reg-ct-16,mcq-practice,REG,reg-contracts,n,M-reg-contracts,0
reg-ct-17,mcq-practice,REG,reg-contracts,n,M-reg-contracts,0
reg-ct-18,mcq-practice,REG,reg-contracts,n,M-reg-contracts,0
reg-ct-19,mcq-practice,REG,reg-contracts,n,M-reg-contracts,0
reg-ct-20,mcq-practice,REG,reg-contracts,n,M-reg-contracts,0
reg-ct-21,mcq-practice,REG,reg-contracts,n,M-reg-contracts,0
reg-ct-22,mcq-practice,REG,reg-contracts,n,M-reg-contracts,0
reg-ct-23,mcq-practice,REG,reg-contracts,n,M-reg-contracts,0
reg-ct-24,mcq-practice,REG,reg-contracts,n,M-reg-contracts,0
reg-ct-25,mcq-practice,REG,reg-contracts,n,M-reg-contracts,0
reg-ct-26,mcq-practice,REG,reg-contracts,n,M-reg-contracts,0
reg-ct-27,mcq-practice,REG,reg-contracts,n,M-reg-contracts,0
reg-ct-28,mcq-practice,REG,reg-contracts,n,M-reg-contracts,0
reg-ct-29,mcq-practice,REG,reg-contracts,n,M-reg-contracts,0
reg-ct-30,mcq-practice,REG,reg-contracts,n,M-reg-contracts,0
reg-ct-31,mcq-practice,REG,reg-contracts,n,M-reg-contracts,0
reg-ct-32,mcq-practice,REG,reg-contracts,n,M-reg-contracts,0
reg-ct-33,mcq-practice,REG,reg-contracts,n,M-reg-contracts,0
reg-x2-04,mcq-exam,REG,reg-contracts,n,M-reg-contracts,0
reg-x2-05,mcq-exam,REG,reg-contracts,n,M-reg-contracts,0
reg-x2-06,mcq-exam,REG,reg-contracts,n,M-reg-contracts,0
reg-x2-07,mcq-exam,REG,reg-contracts,n,M-reg-contracts,0
reg-x2-19,mcq-exam,REG,reg-contracts,n,M-reg-contracts,0
reg-x2-20,mcq-exam,REG,reg-contracts,n,M-reg-contracts,0
reg-x2-25,mcq-exam,REG,reg-contracts,n,M-reg-contracts,0
reg-x2-26,mcq-exam,REG,reg-contracts,n,M-reg-contracts,0
reg-ct-f1,flashcard,REG,reg-contracts,n,M-reg-contracts,0
reg-ct-f2,flashcard,REG,reg-contracts,n,M-reg-contracts,0
reg-ct-f3,flashcard,REG,reg-contracts,n,M-reg-contracts,0
reg-ct-f4,flashcard,REG,reg-contracts,n,M-reg-contracts,0
reg-ct-f5,flashcard,REG,reg-contracts,n,M-reg-contracts,0
reg-ct-f6,flashcard,REG,reg-contracts,n,M-reg-contracts,0
reg-tbs-r3-contracts,tbs-practice,REG,reg-contracts,n,M-reg-contracts,0
reg-tbs-u2-contracts-agency,tbs-practice,REG,reg-contracts,n,M-reg-contracts,0
reg-tbs-x2-business-law,tbs-exam,REG,reg-contracts,n,M-reg-contracts,0
reg-corp-distributions,lesson,REG,reg-corp-distributions,n,M-reg-corp-distributions,0
reg-ep-pre1,mcq-lesson,REG,reg-corp-distributions,n,M-reg-corp-distributions,0
reg-ep-chk1,mcq-lesson,REG,reg-corp-distributions,n,M-reg-corp-distributions,0
reg-ep-chk2,mcq-lesson,REG,reg-corp-distributions,n,M-reg-corp-distributions,0
reg-ep-01,mcq-practice,REG,reg-corp-distributions,n,M-reg-corp-distributions,0
reg-ep-02,mcq-practice,REG,reg-corp-distributions,n,M-reg-corp-distributions,0
reg-ep-03,mcq-practice,REG,reg-corp-distributions,n,M-reg-corp-distributions,0
reg-ep-04,mcq-practice,REG,reg-corp-distributions,n,M-reg-corp-distributions,0
reg-ep-05,mcq-practice,REG,reg-corp-distributions,n,M-reg-corp-distributions,0
reg-ep-06,mcq-practice,REG,reg-corp-distributions,n,M-reg-corp-distributions,0
reg-ep-07,mcq-practice,REG,reg-corp-distributions,n,M-reg-corp-distributions,0
reg-ep-08,mcq-practice,REG,reg-corp-distributions,n,M-reg-corp-distributions,0
reg-ep-09,mcq-practice,REG,reg-corp-distributions,n,M-reg-corp-distributions,0
reg-ep-10,mcq-practice,REG,reg-corp-distributions,n,M-reg-corp-distributions,0
reg-ep-11,mcq-practice,REG,reg-corp-distributions,n,M-reg-corp-distributions,0
reg-ep-12,mcq-practice,REG,reg-corp-distributions,n,M-reg-corp-distributions,0
reg-ep-13,mcq-practice,REG,reg-corp-distributions,n,M-reg-corp-distributions,0
reg-ep-14,mcq-practice,REG,reg-corp-distributions,n,M-reg-corp-distributions,0
reg-ep-15,mcq-practice,REG,reg-corp-distributions,n,M-reg-corp-distributions,0
reg-ep-f1,flashcard,REG,reg-corp-distributions,n,M-reg-corp-distributions,0
reg-ep-f2,flashcard,REG,reg-corp-distributions,n,M-reg-corp-distributions,0
reg-ep-f3,flashcard,REG,reg-corp-distributions,n,M-reg-corp-distributions,0
reg-ep-f4,flashcard,REG,reg-corp-distributions,n,M-reg-corp-distributions,0
reg-ep-f5,flashcard,REG,reg-corp-distributions,n,M-reg-corp-distributions,0
reg-ep-f6,flashcard,REG,reg-corp-distributions,n,M-reg-corp-distributions,0
reg-corp-formation-liquidation,lesson,REG,reg-corp-formation-liquidation,n,M-reg-corp-formation-liquidation,0
reg-fl-pre1,mcq-lesson,REG,reg-corp-formation-liquidation,n,M-reg-corp-formation-liquidation,0
reg-fl-chk1,mcq-lesson,REG,reg-corp-formation-liquidation,n,M-reg-corp-formation-liquidation,0
reg-fl-chk2,mcq-lesson,REG,reg-corp-formation-liquidation,n,M-reg-corp-formation-liquidation,0
reg-fl-01,mcq-practice,REG,reg-corp-formation-liquidation,n,M-reg-corp-formation-liquidation,0
reg-fl-02,mcq-practice,REG,reg-corp-formation-liquidation,n,M-reg-corp-formation-liquidation,0
reg-fl-03,mcq-practice,REG,reg-corp-formation-liquidation,n,M-reg-corp-formation-liquidation,0
reg-fl-04,mcq-practice,REG,reg-corp-formation-liquidation,n,M-reg-corp-formation-liquidation,0
reg-fl-05,mcq-practice,REG,reg-corp-formation-liquidation,n,M-reg-corp-formation-liquidation,0
reg-fl-06,mcq-practice,REG,reg-corp-formation-liquidation,n,M-reg-corp-formation-liquidation,0
reg-fl-07,mcq-practice,REG,reg-corp-formation-liquidation,n,M-reg-corp-formation-liquidation,0
reg-fl-08,mcq-practice,REG,reg-corp-formation-liquidation,n,M-reg-corp-formation-liquidation,0
reg-fl-09,mcq-practice,REG,reg-corp-formation-liquidation,n,M-reg-corp-formation-liquidation,0
reg-fl-10,mcq-practice,REG,reg-corp-formation-liquidation,n,M-reg-corp-formation-liquidation,0
reg-fl-11,mcq-practice,REG,reg-corp-formation-liquidation,n,M-reg-corp-formation-liquidation,0
reg-fl-12,mcq-practice,REG,reg-corp-formation-liquidation,n,M-reg-corp-formation-liquidation,0
reg-fl-13,mcq-practice,REG,reg-corp-formation-liquidation,n,M-reg-corp-formation-liquidation,0
reg-fl-14,mcq-practice,REG,reg-corp-formation-liquidation,n,M-reg-corp-formation-liquidation,0
reg-fl-15,mcq-practice,REG,reg-corp-formation-liquidation,n,M-reg-corp-formation-liquidation,0
reg-fl-f1,flashcard,REG,reg-corp-formation-liquidation,n,M-reg-corp-formation-liquidation,0
reg-fl-f2,flashcard,REG,reg-corp-formation-liquidation,n,M-reg-corp-formation-liquidation,0
reg-fl-f3,flashcard,REG,reg-corp-formation-liquidation,n,M-reg-corp-formation-liquidation,0
reg-fl-f4,flashcard,REG,reg-corp-formation-liquidation,n,M-reg-corp-formation-liquidation,0
reg-fl-f5,flashcard,REG,reg-corp-formation-liquidation,n,M-reg-corp-formation-liquidation,0
reg-fl-f6,flashcard,REG,reg-corp-formation-liquidation,n,M-reg-corp-formation-liquidation,0
reg-cost-recovery,lesson,REG,reg-cost-recovery,n,M-reg-cost-recovery,0
tcp-cr2-pre1,mcq-lesson,REG,reg-cost-recovery,n,M-reg-cost-recovery,0
tcp-cr2-chk1,mcq-lesson,REG,reg-cost-recovery,n,M-reg-cost-recovery,0
tcp-cr2-chk2,mcq-lesson,REG,reg-cost-recovery,n,M-reg-cost-recovery,0
tcp-cr2-01,mcq-practice,REG,reg-cost-recovery,n,M-reg-cost-recovery,0
tcp-cr2-02,mcq-practice,REG,reg-cost-recovery,n,M-reg-cost-recovery,0
tcp-cr2-03,mcq-practice,REG,reg-cost-recovery,n,M-reg-cost-recovery,0
tcp-cr2-04,mcq-practice,REG,reg-cost-recovery,n,M-reg-cost-recovery,0
tcp-cr2-05,mcq-practice,REG,reg-cost-recovery,n,M-reg-cost-recovery,0
tcp-cr2-06,mcq-practice,REG,reg-cost-recovery,n,M-reg-cost-recovery,0
tcp-cr2-07,mcq-practice,REG,reg-cost-recovery,n,M-reg-cost-recovery,0
tcp-cr2-08,mcq-practice,REG,reg-cost-recovery,n,M-reg-cost-recovery,0
tcp-cr2-10,mcq-practice,REG,reg-cost-recovery,n,M-reg-cost-recovery,0
reg-dep-01,mcq-practice,REG,reg-cost-recovery,n,M-reg-cost-recovery,0
reg-dep-02,mcq-practice,REG,reg-cost-recovery,n,M-reg-cost-recovery,0
reg-dep-03,mcq-practice,REG,reg-cost-recovery,n,M-reg-cost-recovery,0
reg-dep-04,mcq-practice,REG,reg-cost-recovery,n,M-reg-cost-recovery,0
reg-dep-05,mcq-practice,REG,reg-cost-recovery,n,M-reg-cost-recovery,0
reg-dep-06,mcq-practice,REG,reg-cost-recovery,n,M-reg-cost-recovery,0
tcp-cr2-11,mcq-practice,REG,reg-cost-recovery,n,M-reg-cost-recovery,0
tcp-cr2-12,mcq-practice,REG,reg-cost-recovery,n,M-reg-cost-recovery,0
tcp-cr2-13,mcq-practice,REG,reg-cost-recovery,n,M-reg-cost-recovery,0
tcp-cr2-14,mcq-practice,REG,reg-cost-recovery,n,M-reg-cost-recovery,0
tcp-cr2-15,mcq-practice,REG,reg-cost-recovery,n,M-reg-cost-recovery,0
tcp-cr2-16,mcq-practice,REG,reg-cost-recovery,n,M-reg-cost-recovery,0
tcp-cr2-17,mcq-practice,REG,reg-cost-recovery,n,M-reg-cost-recovery,0
tcp-cr2-18,mcq-practice,REG,reg-cost-recovery,n,M-reg-cost-recovery,0
tcp-cr2-19,mcq-practice,REG,reg-cost-recovery,n,M-reg-cost-recovery,0
tcp-cr2-20,mcq-practice,REG,reg-cost-recovery,n,M-reg-cost-recovery,0
tcp-cr2-21,mcq-practice,REG,reg-cost-recovery,n,M-reg-cost-recovery,0
tcp-cr2-22,mcq-practice,REG,reg-cost-recovery,n,M-reg-cost-recovery,0
tcp-cr2-23,mcq-practice,REG,reg-cost-recovery,n,M-reg-cost-recovery,0
tcp-cr2-24,mcq-practice,REG,reg-cost-recovery,n,M-reg-cost-recovery,0
tcp-cr2-25,mcq-practice,REG,reg-cost-recovery,n,M-reg-cost-recovery,0
tcp-cr2-26,mcq-practice,REG,reg-cost-recovery,n,M-reg-cost-recovery,0
tcp-cr2-27,mcq-practice,REG,reg-cost-recovery,n,M-reg-cost-recovery,0
tcp-cr2-28,mcq-practice,REG,reg-cost-recovery,n,M-reg-cost-recovery,0
tcp-x4-08,mcq-exam,REG,reg-cost-recovery,n,M-reg-cost-recovery,0
tcp-x4-09,mcq-exam,REG,reg-cost-recovery,n,M-reg-cost-recovery,0
tcp-x4-10,mcq-exam,REG,reg-cost-recovery,n,M-reg-cost-recovery,0
reg-x3-08,mcq-exam,REG,reg-cost-recovery,n,M-reg-cost-recovery,0
reg-x3-11,mcq-exam,REG,reg-cost-recovery,n,M-reg-cost-recovery,0
reg-x3-14,mcq-exam,REG,reg-cost-recovery,n,M-reg-cost-recovery,0
tcp-cr2-f1,flashcard,REG,reg-cost-recovery,n,M-reg-cost-recovery,0
tcp-cr2-f2,flashcard,REG,reg-cost-recovery,n,M-reg-cost-recovery,0
tcp-cr2-f3,flashcard,REG,reg-cost-recovery,n,M-reg-cost-recovery,0
tcp-cr2-f4,flashcard,REG,reg-cost-recovery,n,M-reg-cost-recovery,0
tcp-cr2-f5,flashcard,REG,reg-cost-recovery,n,M-reg-cost-recovery,0
tcp-cr2-f6,flashcard,REG,reg-cost-recovery,n,M-reg-cost-recovery,0
tcp-cr2-f7,flashcard,REG,reg-cost-recovery,n,M-reg-cost-recovery,0
tcp-cr2-f8,flashcard,REG,reg-cost-recovery,n,M-reg-cost-recovery,0
reg-tbs-u3-depreciation-review,tbs-practice,REG,reg-cost-recovery,n,M-reg-cost-recovery,0
reg-tbs-u3-depreciation,tbs-practice,REG,reg-cost-recovery,n,M-reg-cost-recovery,0
reg-tbs-x3-cost-recovery,tbs-exam,REG,reg-cost-recovery,n,M-reg-cost-recovery,0
reg-tbs-x3-depreciation-review,tbs-exam,REG,reg-cost-recovery,n,M-reg-cost-recovery,0
reg-debtor-creditor,lesson,REG,reg-debtor-creditor,n,M-reg-debtor-creditor,0
reg-dc-pre1,mcq-lesson,REG,reg-debtor-creditor,n,M-reg-debtor-creditor,0
reg-dc-chk1,mcq-lesson,REG,reg-debtor-creditor,n,M-reg-debtor-creditor,0
reg-dc-chk2,mcq-lesson,REG,reg-debtor-creditor,n,M-reg-debtor-creditor,0
reg-dc-01,mcq-practice,REG,reg-debtor-creditor,n,M-reg-debtor-creditor,0
reg-dc-02,mcq-practice,REG,reg-debtor-creditor,n,M-reg-debtor-creditor,0
reg-dc-03,mcq-practice,REG,reg-debtor-creditor,n,M-reg-debtor-creditor,0
reg-dc-04,mcq-practice,REG,reg-debtor-creditor,n,M-reg-debtor-creditor,0
reg-dc-05,mcq-practice,REG,reg-debtor-creditor,n,M-reg-debtor-creditor,0
reg-dc-06,mcq-practice,REG,reg-debtor-creditor,n,M-reg-debtor-creditor,0
reg-dc-07,mcq-practice,REG,reg-debtor-creditor,n,M-reg-debtor-creditor,0
reg-dc-08,mcq-practice,REG,reg-debtor-creditor,n,M-reg-debtor-creditor,0
reg-dc-09,mcq-practice,REG,reg-debtor-creditor,n,M-reg-debtor-creditor,0
reg-dc-10,mcq-practice,REG,reg-debtor-creditor,n,M-reg-debtor-creditor,0
reg-dc-11,mcq-practice,REG,reg-debtor-creditor,n,M-reg-debtor-creditor,0
reg-dc-12,mcq-practice,REG,reg-debtor-creditor,n,M-reg-debtor-creditor,0
reg-dc-13,mcq-practice,REG,reg-debtor-creditor,n,M-reg-debtor-creditor,0
reg-dc-14,mcq-practice,REG,reg-debtor-creditor,n,M-reg-debtor-creditor,0
reg-dc-15,mcq-practice,REG,reg-debtor-creditor,n,M-reg-debtor-creditor,0
reg-dc-16,mcq-practice,REG,reg-debtor-creditor,n,M-reg-debtor-creditor,0
reg-dc-17,mcq-practice,REG,reg-debtor-creditor,n,M-reg-debtor-creditor,0
reg-dc-18,mcq-practice,REG,reg-debtor-creditor,n,M-reg-debtor-creditor,0
reg-dc-19,mcq-practice,REG,reg-debtor-creditor,n,M-reg-debtor-creditor,0
reg-dc-20,mcq-practice,REG,reg-debtor-creditor,n,M-reg-debtor-creditor,0
reg-dc-21,mcq-practice,REG,reg-debtor-creditor,n,M-reg-debtor-creditor,0
reg-dc-22,mcq-practice,REG,reg-debtor-creditor,n,M-reg-debtor-creditor,0
reg-dc-23,mcq-practice,REG,reg-debtor-creditor,n,M-reg-debtor-creditor,0
reg-dc-24,mcq-practice,REG,reg-debtor-creditor,n,M-reg-debtor-creditor,0
reg-dc-25,mcq-practice,REG,reg-debtor-creditor,n,M-reg-debtor-creditor,0
reg-dc-26,mcq-practice,REG,reg-debtor-creditor,n,M-reg-debtor-creditor,0
reg-dc-27,mcq-practice,REG,reg-debtor-creditor,n,M-reg-debtor-creditor,0
reg-dc-28,mcq-practice,REG,reg-debtor-creditor,n,M-reg-debtor-creditor,0
reg-dc-29,mcq-practice,REG,reg-debtor-creditor,n,M-reg-debtor-creditor,0
reg-dc-30,mcq-practice,REG,reg-debtor-creditor,n,M-reg-debtor-creditor,0
reg-dc-31,mcq-practice,REG,reg-debtor-creditor,n,M-reg-debtor-creditor,0
reg-dc-32,mcq-practice,REG,reg-debtor-creditor,n,M-reg-debtor-creditor,0
reg-dc-33,mcq-practice,REG,reg-debtor-creditor,n,M-reg-debtor-creditor,0
reg-x2-08,mcq-exam,REG,reg-debtor-creditor,n,M-reg-debtor-creditor,0
reg-x2-09,mcq-exam,REG,reg-debtor-creditor,n,M-reg-debtor-creditor,0
reg-x2-10,mcq-exam,REG,reg-debtor-creditor,n,M-reg-debtor-creditor,0
reg-x2-21,mcq-exam,REG,reg-debtor-creditor,n,M-reg-debtor-creditor,0
reg-x2-22,mcq-exam,REG,reg-debtor-creditor,n,M-reg-debtor-creditor,0
reg-x2-27,mcq-exam,REG,reg-debtor-creditor,n,M-reg-debtor-creditor,0
reg-x2-28,mcq-exam,REG,reg-debtor-creditor,n,M-reg-debtor-creditor,0
reg-dc-f1,flashcard,REG,reg-debtor-creditor,n,M-reg-debtor-creditor,0
reg-dc-f2,flashcard,REG,reg-debtor-creditor,n,M-reg-debtor-creditor,0
reg-dc-f3,flashcard,REG,reg-debtor-creditor,n,M-reg-debtor-creditor,0
reg-dc-f4,flashcard,REG,reg-debtor-creditor,n,M-reg-debtor-creditor,0
reg-dc-f5,flashcard,REG,reg-debtor-creditor,n,M-reg-debtor-creditor,0
reg-dc-f6,flashcard,REG,reg-debtor-creditor,n,M-reg-debtor-creditor,0
reg-tbs-r3-chapter7,tbs-practice,REG,reg-debtor-creditor,n,M-reg-debtor-creditor,0
reg-tbs-r3-secured,tbs-practice,REG,reg-debtor-creditor,n,M-reg-debtor-creditor,0
reg-tbs-u2-bankruptcy,tbs-practice,REG,reg-debtor-creditor,n,M-reg-debtor-creditor,0
reg-tbs-x2-secured-bankruptcy,tbs-exam,REG,reg-debtor-creditor,n,M-reg-debtor-creditor,0
reg-federal-regulation,lesson,REG,reg-federal-regulation,n,M-reg-federal-regulation,0
reg-fr-pre1,mcq-lesson,REG,reg-federal-regulation,n,M-reg-federal-regulation,0
reg-fr-chk1,mcq-lesson,REG,reg-federal-regulation,n,M-reg-federal-regulation,0
reg-fr-chk2,mcq-lesson,REG,reg-federal-regulation,n,M-reg-federal-regulation,0
reg-fr-01,mcq-practice,REG,reg-federal-regulation,n,M-reg-federal-regulation,0
reg-fr-02,mcq-practice,REG,reg-federal-regulation,n,M-reg-federal-regulation,0
reg-fr-03,mcq-practice,REG,reg-federal-regulation,n,M-reg-federal-regulation,0
reg-fr-04,mcq-practice,REG,reg-federal-regulation,n,M-reg-federal-regulation,0
reg-fr-05,mcq-practice,REG,reg-federal-regulation,n,M-reg-federal-regulation,0
reg-fr-06,mcq-practice,REG,reg-federal-regulation,n,M-reg-federal-regulation,0
reg-fr-07,mcq-practice,REG,reg-federal-regulation,n,M-reg-federal-regulation,0
reg-fr-08,mcq-practice,REG,reg-federal-regulation,n,M-reg-federal-regulation,0
reg-fr-09,mcq-practice,REG,reg-federal-regulation,n,M-reg-federal-regulation,0
reg-fr-10,mcq-practice,REG,reg-federal-regulation,n,M-reg-federal-regulation,0
reg-fr-11,mcq-practice,REG,reg-federal-regulation,n,M-reg-federal-regulation,0
reg-fr-12,mcq-practice,REG,reg-federal-regulation,n,M-reg-federal-regulation,0
reg-fr-13,mcq-practice,REG,reg-federal-regulation,n,M-reg-federal-regulation,0
reg-fr-14,mcq-practice,REG,reg-federal-regulation,n,M-reg-federal-regulation,0
reg-fr-15,mcq-practice,REG,reg-federal-regulation,n,M-reg-federal-regulation,0
reg-fr-16,mcq-practice,REG,reg-federal-regulation,n,M-reg-federal-regulation,0
reg-fr-17,mcq-practice,REG,reg-federal-regulation,n,M-reg-federal-regulation,0
reg-fr-18,mcq-practice,REG,reg-federal-regulation,n,M-reg-federal-regulation,0
reg-fr-19,mcq-practice,REG,reg-federal-regulation,n,M-reg-federal-regulation,0
reg-fr-20,mcq-practice,REG,reg-federal-regulation,n,M-reg-federal-regulation,0
reg-fr-21,mcq-practice,REG,reg-federal-regulation,n,M-reg-federal-regulation,0
reg-fr-22,mcq-practice,REG,reg-federal-regulation,n,M-reg-federal-regulation,0
reg-fr-23,mcq-practice,REG,reg-federal-regulation,n,M-reg-federal-regulation,0
reg-fr-24,mcq-practice,REG,reg-federal-regulation,n,M-reg-federal-regulation,0
reg-fr-25,mcq-practice,REG,reg-federal-regulation,n,M-reg-federal-regulation,0
reg-fr-26,mcq-practice,REG,reg-federal-regulation,n,M-reg-federal-regulation,0
reg-fr-27,mcq-practice,REG,reg-federal-regulation,n,M-reg-federal-regulation,0
reg-fr-28,mcq-practice,REG,reg-federal-regulation,n,M-reg-federal-regulation,0
reg-fr-29,mcq-practice,REG,reg-federal-regulation,n,M-reg-federal-regulation,0
reg-fr-30,mcq-practice,REG,reg-federal-regulation,n,M-reg-federal-regulation,0
reg-fr-31,mcq-practice,REG,reg-federal-regulation,n,M-reg-federal-regulation,0
reg-fr-32,mcq-practice,REG,reg-federal-regulation,n,M-reg-federal-regulation,0
reg-fr-33,mcq-practice,REG,reg-federal-regulation,n,M-reg-federal-regulation,0
reg-fr-34,mcq-practice,REG,reg-federal-regulation,n,M-reg-federal-regulation,0
reg-fr-35,mcq-practice,REG,reg-federal-regulation,n,M-reg-federal-regulation,0
reg-fr-36,mcq-practice,REG,reg-federal-regulation,n,M-reg-federal-regulation,0
reg-fr-37,mcq-practice,REG,reg-federal-regulation,n,M-reg-federal-regulation,0
reg-fr-38,mcq-practice,REG,reg-federal-regulation,n,M-reg-federal-regulation,0
reg-fr-39,mcq-practice,REG,reg-federal-regulation,n,M-reg-federal-regulation,0
reg-fr-40,mcq-practice,REG,reg-federal-regulation,n,M-reg-federal-regulation,0
reg-fr-41,mcq-practice,REG,reg-federal-regulation,n,M-reg-federal-regulation,0
reg-fr-42,mcq-practice,REG,reg-federal-regulation,n,M-reg-federal-regulation,0
reg-x2-11,mcq-exam,REG,reg-federal-regulation,n,M-reg-federal-regulation,0
reg-x2-12,mcq-exam,REG,reg-federal-regulation,n,M-reg-federal-regulation,0
reg-x2-15,mcq-exam,REG,reg-federal-regulation,n,M-reg-federal-regulation,0
reg-x2-16,mcq-exam,REG,reg-federal-regulation,n,M-reg-federal-regulation,0
reg-x2-29,mcq-exam,REG,reg-federal-regulation,n,M-reg-federal-regulation,0
reg-fr-f1,flashcard,REG,reg-federal-regulation,n,M-reg-federal-regulation,0
reg-fr-f2,flashcard,REG,reg-federal-regulation,n,M-reg-federal-regulation,0
reg-fr-f3,flashcard,REG,reg-federal-regulation,n,M-reg-federal-regulation,0
reg-fr-f4,flashcard,REG,reg-federal-regulation,n,M-reg-federal-regulation,0
reg-fr-f5,flashcard,REG,reg-federal-regulation,n,M-reg-federal-regulation,0
reg-fr-f6,flashcard,REG,reg-federal-regulation,n,M-reg-federal-regulation,0
reg-tbs-r3-payroll,tbs-practice,REG,reg-federal-regulation,n,M-reg-federal-regulation,0
reg-filing-status,lesson,REG,reg-filing-status,n,M-reg-filing-status,0
reg-fs-pre1,mcq-lesson,REG,reg-filing-status,n,M-reg-filing-status,0
reg-fs-chk1,mcq-lesson,REG,reg-filing-status,n,M-reg-filing-status,0
reg-fs-chk2,mcq-lesson,REG,reg-filing-status,n,M-reg-filing-status,0
reg-fs-01,mcq-practice,REG,reg-filing-status,n,M-reg-filing-status,0
reg-fs-02,mcq-practice,REG,reg-filing-status,n,M-reg-filing-status,0
reg-fs-03,mcq-practice,REG,reg-filing-status,n,M-reg-filing-status,0
reg-fs-04,mcq-practice,REG,reg-filing-status,n,M-reg-filing-status,0
reg-fs-05,mcq-practice,REG,reg-filing-status,n,M-reg-filing-status,0
reg-fs-06,mcq-practice,REG,reg-filing-status,n,M-reg-filing-status,0
reg-fs-07,mcq-practice,REG,reg-filing-status,n,M-reg-filing-status,0
reg-fs-08,mcq-practice,REG,reg-filing-status,n,M-reg-filing-status,0
reg-fs-09,mcq-practice,REG,reg-filing-status,n,M-reg-filing-status,0
reg-fs-10,mcq-practice,REG,reg-filing-status,n,M-reg-filing-status,0
reg-fs-11,mcq-practice,REG,reg-filing-status,n,M-reg-filing-status,0
reg-fs-12,mcq-practice,REG,reg-filing-status,n,M-reg-filing-status,0
reg-fs-13,mcq-practice,REG,reg-filing-status,n,M-reg-filing-status,0
reg-fs-14,mcq-practice,REG,reg-filing-status,n,M-reg-filing-status,0
reg-fs-15,mcq-practice,REG,reg-filing-status,n,M-reg-filing-status,0
reg-fs-16,mcq-practice,REG,reg-filing-status,n,M-reg-filing-status,0
reg-fs-17,mcq-practice,REG,reg-filing-status,n,M-reg-filing-status,0
reg-fs-18,mcq-practice,REG,reg-filing-status,n,M-reg-filing-status,0
reg-fs-19,mcq-practice,REG,reg-filing-status,n,M-reg-filing-status,0
reg-fs-20,mcq-practice,REG,reg-filing-status,n,M-reg-filing-status,0
reg-fs-21,mcq-practice,REG,reg-filing-status,n,M-reg-filing-status,0
reg-fs-22,mcq-practice,REG,reg-filing-status,n,M-reg-filing-status,0
reg-fs-23,mcq-practice,REG,reg-filing-status,n,M-reg-filing-status,0
reg-fs-24,mcq-practice,REG,reg-filing-status,n,M-reg-filing-status,0
reg-fs-25,mcq-practice,REG,reg-filing-status,n,M-reg-filing-status,0
reg-fs-26,mcq-practice,REG,reg-filing-status,n,M-reg-filing-status,0
reg-fs-27,mcq-practice,REG,reg-filing-status,n,M-reg-filing-status,0
reg-fs-28,mcq-practice,REG,reg-filing-status,n,M-reg-filing-status,0
reg-fs-29,mcq-practice,REG,reg-filing-status,n,M-reg-filing-status,0
reg-fs-30,mcq-practice,REG,reg-filing-status,n,M-reg-filing-status,0
reg-fs-31,mcq-practice,REG,reg-filing-status,n,M-reg-filing-status,0
reg-fs-32,mcq-practice,REG,reg-filing-status,n,M-reg-filing-status,0
reg-fs-33,mcq-practice,REG,reg-filing-status,n,M-reg-filing-status,0
reg-x4-01,mcq-exam,REG,reg-filing-status,n,M-reg-filing-status,0
reg-x4-02,mcq-exam,REG,reg-filing-status,n,M-reg-filing-status,0
reg-x4-03,mcq-exam,REG,reg-filing-status,n,M-reg-filing-status,0
reg-x4-23,mcq-exam,REG,reg-filing-status,n,M-reg-filing-status,0
reg-x4-24,mcq-exam,REG,reg-filing-status,n,M-reg-filing-status,0
reg-x4-33,mcq-exam,REG,reg-filing-status,n,M-reg-filing-status,0
reg-fs-f1,flashcard,REG,reg-filing-status,n,M-reg-filing-status,0
reg-fs-f2,flashcard,REG,reg-filing-status,n,M-reg-filing-status,0
reg-fs-f3,flashcard,REG,reg-filing-status,n,M-reg-filing-status,0
reg-fs-f4,flashcard,REG,reg-filing-status,n,M-reg-filing-status,0
reg-fs-f5,flashcard,REG,reg-filing-status,n,M-reg-filing-status,0
reg-fs-f6,flashcard,REG,reg-filing-status,n,M-reg-filing-status,0
reg-tbs-r3-filing-status,tbs-practice,REG,reg-filing-status,n,M-reg-filing-status,0
reg-tbs-x4-family,tbs-exam,REG,reg-filing-status,n,M-reg-filing-status,0
reg-gross-income,lesson,REG,reg-gross-income,n,M-reg-gross-income,0
reg-gi-pre1,mcq-lesson,REG,reg-gross-income,n,M-reg-gross-income,0
reg-gi-chk1,mcq-lesson,REG,reg-gross-income,n,M-reg-gross-income,0
reg-gi-chk2,mcq-lesson,REG,reg-gross-income,n,M-reg-gross-income,0
reg-gi-01,mcq-practice,REG,reg-gross-income,n,M-reg-gross-income,0
reg-gi-02,mcq-practice,REG,reg-gross-income,n,M-reg-gross-income,0
reg-gi-03,mcq-practice,REG,reg-gross-income,n,M-reg-gross-income,0
reg-gi-04,mcq-practice,REG,reg-gross-income,n,M-reg-gross-income,0
reg-gi-05,mcq-practice,REG,reg-gross-income,n,M-reg-gross-income,0
reg-gi-06,mcq-practice,REG,reg-gross-income,n,M-reg-gross-income,0
reg-gi-07,mcq-practice,REG,reg-gross-income,n,M-reg-gross-income,0
reg-gi-08,mcq-practice,REG,reg-gross-income,n,M-reg-gross-income,0
reg-gi-09,mcq-practice,REG,reg-gross-income,n,M-reg-gross-income,0
reg-gi-10,mcq-practice,REG,reg-gross-income,n,M-reg-gross-income,0
reg-gi-11,mcq-practice,REG,reg-gross-income,n,M-reg-gross-income,0
reg-gi-12,mcq-practice,REG,reg-gross-income,n,M-reg-gross-income,0
reg-gi-13,mcq-practice,REG,reg-gross-income,n,M-reg-gross-income,0
reg-gi-14,mcq-practice,REG,reg-gross-income,n,M-reg-gross-income,0
reg-gi-15,mcq-practice,REG,reg-gross-income,n,M-reg-gross-income,0
reg-gi-16,mcq-practice,REG,reg-gross-income,n,M-reg-gross-income,0
reg-gi-17,mcq-practice,REG,reg-gross-income,n,M-reg-gross-income,0
reg-gi-18,mcq-practice,REG,reg-gross-income,n,M-reg-gross-income,0
reg-gi-19,mcq-practice,REG,reg-gross-income,n,M-reg-gross-income,0
reg-gi-20,mcq-practice,REG,reg-gross-income,n,M-reg-gross-income,0
reg-gi-21,mcq-practice,REG,reg-gross-income,n,M-reg-gross-income,0
reg-gi-22,mcq-practice,REG,reg-gross-income,n,M-reg-gross-income,0
reg-gi-23,mcq-practice,REG,reg-gross-income,n,M-reg-gross-income,0
reg-gi-24,mcq-practice,REG,reg-gross-income,n,M-reg-gross-income,0
reg-gi-25,mcq-practice,REG,reg-gross-income,n,M-reg-gross-income,0
reg-gi-26,mcq-practice,REG,reg-gross-income,n,M-reg-gross-income,0
reg-gi-27,mcq-practice,REG,reg-gross-income,n,M-reg-gross-income,0
reg-gi-28,mcq-practice,REG,reg-gross-income,n,M-reg-gross-income,0
reg-gi-29,mcq-practice,REG,reg-gross-income,n,M-reg-gross-income,0
reg-gi-30,mcq-practice,REG,reg-gross-income,n,M-reg-gross-income,0
reg-gi-31,mcq-practice,REG,reg-gross-income,n,M-reg-gross-income,0
reg-gi-32,mcq-practice,REG,reg-gross-income,n,M-reg-gross-income,0
reg-gi-33,mcq-practice,REG,reg-gross-income,n,M-reg-gross-income,0
reg-x4-04,mcq-exam,REG,reg-gross-income,n,M-reg-gross-income,0
reg-x4-05,mcq-exam,REG,reg-gross-income,n,M-reg-gross-income,0
reg-x4-06,mcq-exam,REG,reg-gross-income,n,M-reg-gross-income,0
reg-x4-07,mcq-exam,REG,reg-gross-income,n,M-reg-gross-income,0
reg-x4-25,mcq-exam,REG,reg-gross-income,n,M-reg-gross-income,0
reg-x4-26,mcq-exam,REG,reg-gross-income,n,M-reg-gross-income,0
reg-x4-27,mcq-exam,REG,reg-gross-income,n,M-reg-gross-income,0
reg-x4-34,mcq-exam,REG,reg-gross-income,n,M-reg-gross-income,0
reg-x4-35,mcq-exam,REG,reg-gross-income,n,M-reg-gross-income,0
reg-gi-f1,flashcard,REG,reg-gross-income,n,M-reg-gross-income,0
reg-gi-f2,flashcard,REG,reg-gross-income,n,M-reg-gross-income,0
reg-gi-f3,flashcard,REG,reg-gross-income,n,M-reg-gross-income,0
reg-gi-f4,flashcard,REG,reg-gross-income,n,M-reg-gross-income,0
reg-gi-f5,flashcard,REG,reg-gross-income,n,M-reg-gross-income,0
reg-gi-f6,flashcard,REG,reg-gross-income,n,M-reg-gross-income,0
reg-tbs-r3-gross-income,tbs-practice,REG,reg-gross-income,n,M-reg-gross-income,0
reg-tbs-u4-gross-income-review,tbs-practice,REG,reg-gross-income,n,M-reg-gross-income,0
reg-tbs-u4-gross-income,tbs-practice,REG,reg-gross-income,n,M-reg-gross-income,0
reg-individual-credits,lesson,REG,reg-individual-credits,n,M-reg-individual-credits,0
reg-cr-pre1,mcq-lesson,REG,reg-individual-credits,n,M-reg-individual-credits,0
reg-cr-chk1,mcq-lesson,REG,reg-individual-credits,n,M-reg-individual-credits,0
reg-cr-chk2,mcq-lesson,REG,reg-individual-credits,n,M-reg-individual-credits,0
reg-cr-01,mcq-practice,REG,reg-individual-credits,n,M-reg-individual-credits,0
reg-cr-02,mcq-practice,REG,reg-individual-credits,n,M-reg-individual-credits,0
reg-cr-03,mcq-practice,REG,reg-individual-credits,n,M-reg-individual-credits,0
reg-cr-04,mcq-practice,REG,reg-individual-credits,n,M-reg-individual-credits,0
reg-cr-05,mcq-practice,REG,reg-individual-credits,n,M-reg-individual-credits,0
reg-cr-06,mcq-practice,REG,reg-individual-credits,n,M-reg-individual-credits,0
reg-cr-07,mcq-practice,REG,reg-individual-credits,n,M-reg-individual-credits,0
reg-cr-08,mcq-practice,REG,reg-individual-credits,n,M-reg-individual-credits,0
reg-cr-09,mcq-practice,REG,reg-individual-credits,n,M-reg-individual-credits,0
reg-cr-10,mcq-practice,REG,reg-individual-credits,n,M-reg-individual-credits,0
reg-cr-11,mcq-practice,REG,reg-individual-credits,n,M-reg-individual-credits,0
reg-cr-12,mcq-practice,REG,reg-individual-credits,n,M-reg-individual-credits,0
reg-cr-13,mcq-practice,REG,reg-individual-credits,n,M-reg-individual-credits,0
reg-cr-14,mcq-practice,REG,reg-individual-credits,n,M-reg-individual-credits,0
reg-cr-15,mcq-practice,REG,reg-individual-credits,n,M-reg-individual-credits,0
reg-cr-16,mcq-practice,REG,reg-individual-credits,n,M-reg-individual-credits,0
reg-cr-17,mcq-practice,REG,reg-individual-credits,n,M-reg-individual-credits,0
reg-cr-18,mcq-practice,REG,reg-individual-credits,n,M-reg-individual-credits,0
reg-cr-19,mcq-practice,REG,reg-individual-credits,n,M-reg-individual-credits,0
reg-cr-20,mcq-practice,REG,reg-individual-credits,n,M-reg-individual-credits,0
reg-cr-21,mcq-practice,REG,reg-individual-credits,n,M-reg-individual-credits,0
reg-cr-22,mcq-practice,REG,reg-individual-credits,n,M-reg-individual-credits,0
reg-cr-23,mcq-practice,REG,reg-individual-credits,n,M-reg-individual-credits,0
reg-cr-24,mcq-practice,REG,reg-individual-credits,n,M-reg-individual-credits,0
reg-cr-25,mcq-practice,REG,reg-individual-credits,n,M-reg-individual-credits,0
reg-cr-26,mcq-practice,REG,reg-individual-credits,n,M-reg-individual-credits,0
reg-cr-27,mcq-practice,REG,reg-individual-credits,n,M-reg-individual-credits,0
reg-cr-28,mcq-practice,REG,reg-individual-credits,n,M-reg-individual-credits,0
reg-cr-29,mcq-practice,REG,reg-individual-credits,n,M-reg-individual-credits,0
reg-cr-30,mcq-practice,REG,reg-individual-credits,n,M-reg-individual-credits,0
reg-cr-31,mcq-practice,REG,reg-individual-credits,n,M-reg-individual-credits,0
reg-cr-32,mcq-practice,REG,reg-individual-credits,n,M-reg-individual-credits,0
reg-cr-33,mcq-practice,REG,reg-individual-credits,n,M-reg-individual-credits,0
reg-cr-34,mcq-practice,REG,reg-individual-credits,n,M-reg-individual-credits,0
reg-x4-16,mcq-exam,REG,reg-individual-credits,n,M-reg-individual-credits,0
reg-x4-17,mcq-exam,REG,reg-individual-credits,n,M-reg-individual-credits,0
reg-x4-18,mcq-exam,REG,reg-individual-credits,n,M-reg-individual-credits,0
reg-x4-31,mcq-exam,REG,reg-individual-credits,n,M-reg-individual-credits,0
reg-x4-41,mcq-exam,REG,reg-individual-credits,n,M-reg-individual-credits,0
reg-cr-f1,flashcard,REG,reg-individual-credits,n,M-reg-individual-credits,0
reg-cr-f2,flashcard,REG,reg-individual-credits,n,M-reg-individual-credits,0
reg-cr-f3,flashcard,REG,reg-individual-credits,n,M-reg-individual-credits,0
reg-cr-f4,flashcard,REG,reg-individual-credits,n,M-reg-individual-credits,0
reg-cr-f5,flashcard,REG,reg-individual-credits,n,M-reg-individual-credits,0
reg-cr-f6,flashcard,REG,reg-individual-credits,n,M-reg-individual-credits,0
reg-tbs-r3-credits-taxes,tbs-practice,REG,reg-individual-credits,n,M-reg-individual-credits,0
reg-tbs-u5-credits-amt,tbs-practice,REG,reg-individual-credits,n,M-reg-individual-credits,0
reg-irs-procedures,lesson,REG,reg-irs-procedures,n,M-reg-irs-procedures,0
reg-irs-pre1,mcq-lesson,REG,reg-irs-procedures,n,M-reg-irs-procedures,0
reg-irs-chk1,mcq-lesson,REG,reg-irs-procedures,n,M-reg-irs-procedures,0
reg-irs-chk2,mcq-lesson,REG,reg-irs-procedures,n,M-reg-irs-procedures,0
reg-irs-01,mcq-practice,REG,reg-irs-procedures,n,M-reg-irs-procedures,0
reg-irs-02,mcq-practice,REG,reg-irs-procedures,n,M-reg-irs-procedures,0
reg-irs-03,mcq-practice,REG,reg-irs-procedures,n,M-reg-irs-procedures,0
reg-irs-04,mcq-practice,REG,reg-irs-procedures,n,M-reg-irs-procedures,0
reg-irs-05,mcq-practice,REG,reg-irs-procedures,n,M-reg-irs-procedures,0
reg-irs-06,mcq-practice,REG,reg-irs-procedures,n,M-reg-irs-procedures,0
reg-irs-07,mcq-practice,REG,reg-irs-procedures,n,M-reg-irs-procedures,0
reg-irs-08,mcq-practice,REG,reg-irs-procedures,n,M-reg-irs-procedures,0
reg-irs-09,mcq-practice,REG,reg-irs-procedures,n,M-reg-irs-procedures,0
reg-irs-10,mcq-practice,REG,reg-irs-procedures,n,M-reg-irs-procedures,0
reg-irs-11,mcq-practice,REG,reg-irs-procedures,n,M-reg-irs-procedures,0
reg-irs-12,mcq-practice,REG,reg-irs-procedures,n,M-reg-irs-procedures,0
reg-irs-13,mcq-practice,REG,reg-irs-procedures,n,M-reg-irs-procedures,0
reg-irs-14,mcq-practice,REG,reg-irs-procedures,n,M-reg-irs-procedures,0
reg-irs-15,mcq-practice,REG,reg-irs-procedures,n,M-reg-irs-procedures,0
reg-irs-16,mcq-practice,REG,reg-irs-procedures,n,M-reg-irs-procedures,0
reg-irs-17,mcq-practice,REG,reg-irs-procedures,n,M-reg-irs-procedures,0
reg-irs-18,mcq-practice,REG,reg-irs-procedures,n,M-reg-irs-procedures,0
reg-irs-19,mcq-practice,REG,reg-irs-procedures,n,M-reg-irs-procedures,0
reg-irs-20,mcq-practice,REG,reg-irs-procedures,n,M-reg-irs-procedures,0
reg-irs-21,mcq-practice,REG,reg-irs-procedures,n,M-reg-irs-procedures,0
reg-irs-22,mcq-practice,REG,reg-irs-procedures,n,M-reg-irs-procedures,0
reg-irs-23,mcq-practice,REG,reg-irs-procedures,n,M-reg-irs-procedures,0
reg-irs-24,mcq-practice,REG,reg-irs-procedures,n,M-reg-irs-procedures,0
reg-irs-25,mcq-practice,REG,reg-irs-procedures,n,M-reg-irs-procedures,0
reg-irs-26,mcq-practice,REG,reg-irs-procedures,n,M-reg-irs-procedures,0
reg-irs-27,mcq-practice,REG,reg-irs-procedures,n,M-reg-irs-procedures,0
reg-irs-28,mcq-practice,REG,reg-irs-procedures,n,M-reg-irs-procedures,0
reg-irs-29,mcq-practice,REG,reg-irs-procedures,n,M-reg-irs-procedures,0
reg-irs-30,mcq-practice,REG,reg-irs-procedures,n,M-reg-irs-procedures,0
reg-irs-31,mcq-practice,REG,reg-irs-procedures,n,M-reg-irs-procedures,0
reg-irs-32,mcq-practice,REG,reg-irs-procedures,n,M-reg-irs-procedures,0
reg-irs-33,mcq-practice,REG,reg-irs-procedures,n,M-reg-irs-procedures,0
reg-irs-34,mcq-practice,REG,reg-irs-procedures,n,M-reg-irs-procedures,0
reg-x1-07,mcq-exam,REG,reg-irs-procedures,n,M-reg-irs-procedures,0
reg-x1-08,mcq-exam,REG,reg-irs-procedures,n,M-reg-irs-procedures,0
reg-x1-09,mcq-exam,REG,reg-irs-procedures,n,M-reg-irs-procedures,0
reg-x1-17,mcq-exam,REG,reg-irs-procedures,n,M-reg-irs-procedures,0
reg-x1-19,mcq-exam,REG,reg-irs-procedures,n,M-reg-irs-procedures,0
reg-x1-23,mcq-exam,REG,reg-irs-procedures,n,M-reg-irs-procedures,0
reg-irs-f1,flashcard,REG,reg-irs-procedures,n,M-reg-irs-procedures,0
reg-irs-f2,flashcard,REG,reg-irs-procedures,n,M-reg-irs-procedures,0
reg-irs-f3,flashcard,REG,reg-irs-procedures,n,M-reg-irs-procedures,0
reg-irs-f4,flashcard,REG,reg-irs-procedures,n,M-reg-irs-procedures,0
reg-irs-f5,flashcard,REG,reg-irs-procedures,n,M-reg-irs-procedures,0
reg-irs-f6,flashcard,REG,reg-irs-procedures,n,M-reg-irs-procedures,0
reg-tbs-r3-statute,tbs-practice,REG,reg-irs-procedures,n,M-reg-irs-procedures,0
reg-tbs-u1-procedures,tbs-practice,REG,reg-irs-procedures,n,M-reg-irs-procedures,0
reg-itemized-deductions,lesson,REG,reg-itemized-deductions,n,M-reg-itemized-deductions,0
reg-id-pre1,mcq-lesson,REG,reg-itemized-deductions,n,M-reg-itemized-deductions,0
reg-id-chk1,mcq-lesson,REG,reg-itemized-deductions,n,M-reg-itemized-deductions,0
reg-id-chk2,mcq-lesson,REG,reg-itemized-deductions,n,M-reg-itemized-deductions,0
reg-id-01,mcq-practice,REG,reg-itemized-deductions,n,M-reg-itemized-deductions,0
reg-id-02,mcq-practice,REG,reg-itemized-deductions,n,M-reg-itemized-deductions,0
reg-id-03,mcq-practice,REG,reg-itemized-deductions,n,M-reg-itemized-deductions,0
reg-id-04,mcq-practice,REG,reg-itemized-deductions,n,M-reg-itemized-deductions,0
reg-id-05,mcq-practice,REG,reg-itemized-deductions,n,M-reg-itemized-deductions,0
reg-id-06,mcq-practice,REG,reg-itemized-deductions,n,M-reg-itemized-deductions,0
reg-id-07,mcq-practice,REG,reg-itemized-deductions,n,M-reg-itemized-deductions,0
reg-id-08,mcq-practice,REG,reg-itemized-deductions,n,M-reg-itemized-deductions,0
reg-id-09,mcq-practice,REG,reg-itemized-deductions,n,M-reg-itemized-deductions,0
reg-id-10,mcq-practice,REG,reg-itemized-deductions,n,M-reg-itemized-deductions,0
reg-id-11,mcq-practice,REG,reg-itemized-deductions,n,M-reg-itemized-deductions,0
reg-id-12,mcq-practice,REG,reg-itemized-deductions,n,M-reg-itemized-deductions,0
reg-id-13,mcq-practice,REG,reg-itemized-deductions,n,M-reg-itemized-deductions,0
reg-id-14,mcq-practice,REG,reg-itemized-deductions,n,M-reg-itemized-deductions,0
reg-id-15,mcq-practice,REG,reg-itemized-deductions,n,M-reg-itemized-deductions,0
reg-id-16,mcq-practice,REG,reg-itemized-deductions,n,M-reg-itemized-deductions,0
reg-id-17,mcq-practice,REG,reg-itemized-deductions,n,M-reg-itemized-deductions,0
reg-id-18,mcq-practice,REG,reg-itemized-deductions,n,M-reg-itemized-deductions,0
reg-id-19,mcq-practice,REG,reg-itemized-deductions,n,M-reg-itemized-deductions,0
reg-id-20,mcq-practice,REG,reg-itemized-deductions,n,M-reg-itemized-deductions,0
reg-id-21,mcq-practice,REG,reg-itemized-deductions,n,M-reg-itemized-deductions,0
reg-id-22,mcq-practice,REG,reg-itemized-deductions,n,M-reg-itemized-deductions,0
reg-id-23,mcq-practice,REG,reg-itemized-deductions,n,M-reg-itemized-deductions,0
reg-id-24,mcq-practice,REG,reg-itemized-deductions,n,M-reg-itemized-deductions,0
reg-id-25,mcq-practice,REG,reg-itemized-deductions,n,M-reg-itemized-deductions,0
reg-id-26,mcq-practice,REG,reg-itemized-deductions,n,M-reg-itemized-deductions,0
reg-id-27,mcq-practice,REG,reg-itemized-deductions,n,M-reg-itemized-deductions,0
reg-id-28,mcq-practice,REG,reg-itemized-deductions,n,M-reg-itemized-deductions,0
reg-id-29,mcq-practice,REG,reg-itemized-deductions,n,M-reg-itemized-deductions,0
reg-id-30,mcq-practice,REG,reg-itemized-deductions,n,M-reg-itemized-deductions,0
reg-id-31,mcq-practice,REG,reg-itemized-deductions,n,M-reg-itemized-deductions,0
reg-id-32,mcq-practice,REG,reg-itemized-deductions,n,M-reg-itemized-deductions,0
reg-id-33,mcq-practice,REG,reg-itemized-deductions,n,M-reg-itemized-deductions,0
reg-id-34,mcq-practice,REG,reg-itemized-deductions,n,M-reg-itemized-deductions,0
reg-x4-13,mcq-exam,REG,reg-itemized-deductions,n,M-reg-itemized-deductions,0
reg-x4-14,mcq-exam,REG,reg-itemized-deductions,n,M-reg-itemized-deductions,0
reg-x4-15,mcq-exam,REG,reg-itemized-deductions,n,M-reg-itemized-deductions,0
reg-x4-30,mcq-exam,REG,reg-itemized-deductions,n,M-reg-itemized-deductions,0
reg-x4-39,mcq-exam,REG,reg-itemized-deductions,n,M-reg-itemized-deductions,0
reg-x4-40,mcq-exam,REG,reg-itemized-deductions,n,M-reg-itemized-deductions,0
reg-id-f1,flashcard,REG,reg-itemized-deductions,n,M-reg-itemized-deductions,0
reg-id-f2,flashcard,REG,reg-itemized-deductions,n,M-reg-itemized-deductions,0
reg-id-f3,flashcard,REG,reg-itemized-deductions,n,M-reg-itemized-deductions,0
reg-id-f4,flashcard,REG,reg-itemized-deductions,n,M-reg-itemized-deductions,0
reg-id-f5,flashcard,REG,reg-itemized-deductions,n,M-reg-itemized-deductions,0
reg-id-f6,flashcard,REG,reg-itemized-deductions,n,M-reg-itemized-deductions,0
reg-tbs-r3-itemized-review,tbs-practice,REG,reg-itemized-deductions,n,M-reg-itemized-deductions,0
reg-nontaxable-exchanges,lesson,REG,reg-nontaxable-exchanges,n,M-reg-nontaxable-exchanges,0
reg-nt-pre1,mcq-lesson,REG,reg-nontaxable-exchanges,n,M-reg-nontaxable-exchanges,0
reg-nt-chk1,mcq-lesson,REG,reg-nontaxable-exchanges,n,M-reg-nontaxable-exchanges,0
reg-nt-chk2,mcq-lesson,REG,reg-nontaxable-exchanges,n,M-reg-nontaxable-exchanges,0
reg-nt-01,mcq-practice,REG,reg-nontaxable-exchanges,n,M-reg-nontaxable-exchanges,0
reg-nt-02,mcq-practice,REG,reg-nontaxable-exchanges,n,M-reg-nontaxable-exchanges,0
reg-nt-03,mcq-practice,REG,reg-nontaxable-exchanges,n,M-reg-nontaxable-exchanges,0
reg-nt-04,mcq-practice,REG,reg-nontaxable-exchanges,n,M-reg-nontaxable-exchanges,0
reg-nt-05,mcq-practice,REG,reg-nontaxable-exchanges,n,M-reg-nontaxable-exchanges,0
reg-nt-06,mcq-practice,REG,reg-nontaxable-exchanges,n,M-reg-nontaxable-exchanges,0
reg-nt-07,mcq-practice,REG,reg-nontaxable-exchanges,n,M-reg-nontaxable-exchanges,0
reg-nt-08,mcq-practice,REG,reg-nontaxable-exchanges,n,M-reg-nontaxable-exchanges,0
reg-nt-09,mcq-practice,REG,reg-nontaxable-exchanges,n,M-reg-nontaxable-exchanges,0
reg-nt-10,mcq-practice,REG,reg-nontaxable-exchanges,n,M-reg-nontaxable-exchanges,0
reg-nt-11,mcq-practice,REG,reg-nontaxable-exchanges,n,M-reg-nontaxable-exchanges,0
reg-nt-12,mcq-practice,REG,reg-nontaxable-exchanges,n,M-reg-nontaxable-exchanges,0
reg-nt-13,mcq-practice,REG,reg-nontaxable-exchanges,n,M-reg-nontaxable-exchanges,0
reg-nt-14,mcq-practice,REG,reg-nontaxable-exchanges,n,M-reg-nontaxable-exchanges,0
reg-nt-15,mcq-practice,REG,reg-nontaxable-exchanges,n,M-reg-nontaxable-exchanges,0
reg-nt-16,mcq-practice,REG,reg-nontaxable-exchanges,n,M-reg-nontaxable-exchanges,0
reg-nt-17,mcq-practice,REG,reg-nontaxable-exchanges,n,M-reg-nontaxable-exchanges,0
reg-nt-18,mcq-practice,REG,reg-nontaxable-exchanges,n,M-reg-nontaxable-exchanges,0
reg-nt-19,mcq-practice,REG,reg-nontaxable-exchanges,n,M-reg-nontaxable-exchanges,0
reg-nt-20,mcq-practice,REG,reg-nontaxable-exchanges,n,M-reg-nontaxable-exchanges,0
reg-nt-21,mcq-practice,REG,reg-nontaxable-exchanges,n,M-reg-nontaxable-exchanges,0
reg-nt-22,mcq-practice,REG,reg-nontaxable-exchanges,n,M-reg-nontaxable-exchanges,0
reg-nt-23,mcq-practice,REG,reg-nontaxable-exchanges,n,M-reg-nontaxable-exchanges,0
reg-nt-24,mcq-practice,REG,reg-nontaxable-exchanges,n,M-reg-nontaxable-exchanges,0
reg-nt-25,mcq-practice,REG,reg-nontaxable-exchanges,n,M-reg-nontaxable-exchanges,0
reg-nt-26,mcq-practice,REG,reg-nontaxable-exchanges,n,M-reg-nontaxable-exchanges,0
reg-nt-27,mcq-practice,REG,reg-nontaxable-exchanges,n,M-reg-nontaxable-exchanges,0
reg-nt-28,mcq-practice,REG,reg-nontaxable-exchanges,n,M-reg-nontaxable-exchanges,0
reg-nt-29,mcq-practice,REG,reg-nontaxable-exchanges,n,M-reg-nontaxable-exchanges,0
reg-nt-30,mcq-practice,REG,reg-nontaxable-exchanges,n,M-reg-nontaxable-exchanges,0
reg-nt-31,mcq-practice,REG,reg-nontaxable-exchanges,n,M-reg-nontaxable-exchanges,0
reg-nt-32,mcq-practice,REG,reg-nontaxable-exchanges,n,M-reg-nontaxable-exchanges,0
reg-nt-33,mcq-practice,REG,reg-nontaxable-exchanges,n,M-reg-nontaxable-exchanges,0
reg-nt-34,mcq-practice,REG,reg-nontaxable-exchanges,n,M-reg-nontaxable-exchanges,0
reg-nt-35,mcq-practice,REG,reg-nontaxable-exchanges,n,M-reg-nontaxable-exchanges,0
reg-nt-36,mcq-practice,REG,reg-nontaxable-exchanges,n,M-reg-nontaxable-exchanges,0
reg-nt-37,mcq-practice,REG,reg-nontaxable-exchanges,n,M-reg-nontaxable-exchanges,0
reg-nt-38,mcq-practice,REG,reg-nontaxable-exchanges,n,M-reg-nontaxable-exchanges,0
reg-nt-39,mcq-practice,REG,reg-nontaxable-exchanges,n,M-reg-nontaxable-exchanges,0
reg-nt-40,mcq-practice,REG,reg-nontaxable-exchanges,n,M-reg-nontaxable-exchanges,0
reg-nt-41,mcq-practice,REG,reg-nontaxable-exchanges,n,M-reg-nontaxable-exchanges,0
reg-nt-42,mcq-practice,REG,reg-nontaxable-exchanges,n,M-reg-nontaxable-exchanges,0
reg-x3-15,mcq-exam,REG,reg-nontaxable-exchanges,n,M-reg-nontaxable-exchanges,0
reg-nt-f1,flashcard,REG,reg-nontaxable-exchanges,n,M-reg-nontaxable-exchanges,0
reg-nt-f2,flashcard,REG,reg-nontaxable-exchanges,n,M-reg-nontaxable-exchanges,0
reg-nt-f3,flashcard,REG,reg-nontaxable-exchanges,n,M-reg-nontaxable-exchanges,0
reg-nt-f4,flashcard,REG,reg-nontaxable-exchanges,n,M-reg-nontaxable-exchanges,0
reg-nt-f5,flashcard,REG,reg-nontaxable-exchanges,n,M-reg-nontaxable-exchanges,0
reg-nt-f6,flashcard,REG,reg-nontaxable-exchanges,n,M-reg-nontaxable-exchanges,0
reg-tbs-x5-research,tbs-exam,REG,reg-nontaxable-exchanges,n,M-reg-nontaxable-exchanges,0
reg-partnerships,lesson,REG,reg-partnerships,n,M-reg-partnerships,0
reg-pt-pre1,mcq-lesson,REG,reg-partnerships,n,M-reg-partnerships,0
reg-pt-chk1,mcq-lesson,REG,reg-partnerships,n,M-reg-partnerships,0
reg-pt-chk2,mcq-lesson,REG,reg-partnerships,n,M-reg-partnerships,0
reg-pt-01,mcq-practice,REG,reg-partnerships,n,M-reg-partnerships,0
reg-pt-02,mcq-practice,REG,reg-partnerships,n,M-reg-partnerships,0
reg-pt-03,mcq-practice,REG,reg-partnerships,n,M-reg-partnerships,0
reg-pt-04,mcq-practice,REG,reg-partnerships,n,M-reg-partnerships,0
reg-pt-05,mcq-practice,REG,reg-partnerships,n,M-reg-partnerships,0
reg-pt-06,mcq-practice,REG,reg-partnerships,n,M-reg-partnerships,0
reg-pt-07,mcq-practice,REG,reg-partnerships,n,M-reg-partnerships,0
reg-pt-08,mcq-practice,REG,reg-partnerships,n,M-reg-partnerships,0
reg-pt-09,mcq-practice,REG,reg-partnerships,n,M-reg-partnerships,0
reg-pt-10,mcq-practice,REG,reg-partnerships,n,M-reg-partnerships,0
reg-pt-11,mcq-practice,REG,reg-partnerships,n,M-reg-partnerships,0
reg-pt-12,mcq-practice,REG,reg-partnerships,n,M-reg-partnerships,0
reg-pt-13,mcq-practice,REG,reg-partnerships,n,M-reg-partnerships,0
reg-pt-14,mcq-practice,REG,reg-partnerships,n,M-reg-partnerships,0
reg-pt-15,mcq-practice,REG,reg-partnerships,n,M-reg-partnerships,0
reg-pt-16,mcq-practice,REG,reg-partnerships,n,M-reg-partnerships,0
reg-pt-17,mcq-practice,REG,reg-partnerships,n,M-reg-partnerships,0
reg-pt-18,mcq-practice,REG,reg-partnerships,n,M-reg-partnerships,0
reg-pt-19,mcq-practice,REG,reg-partnerships,n,M-reg-partnerships,0
reg-pt-20,mcq-practice,REG,reg-partnerships,n,M-reg-partnerships,0
reg-pt-21,mcq-practice,REG,reg-partnerships,n,M-reg-partnerships,0
reg-pt-22,mcq-practice,REG,reg-partnerships,n,M-reg-partnerships,0
reg-pt-23,mcq-practice,REG,reg-partnerships,n,M-reg-partnerships,0
reg-pt-24,mcq-practice,REG,reg-partnerships,n,M-reg-partnerships,0
reg-pt-25,mcq-practice,REG,reg-partnerships,n,M-reg-partnerships,0
reg-pt-26,mcq-practice,REG,reg-partnerships,n,M-reg-partnerships,0
reg-pt-27,mcq-practice,REG,reg-partnerships,n,M-reg-partnerships,0
reg-pt-28,mcq-practice,REG,reg-partnerships,n,M-reg-partnerships,0
reg-pt-29,mcq-practice,REG,reg-partnerships,n,M-reg-partnerships,0
reg-pt-30,mcq-practice,REG,reg-partnerships,n,M-reg-partnerships,0
reg-pt-31,mcq-practice,REG,reg-partnerships,n,M-reg-partnerships,0
reg-pt-32,mcq-practice,REG,reg-partnerships,n,M-reg-partnerships,0
reg-pt-33,mcq-practice,REG,reg-partnerships,n,M-reg-partnerships,0
reg-pt-34,mcq-practice,REG,reg-partnerships,n,M-reg-partnerships,0
reg-pt-35,mcq-practice,REG,reg-partnerships,n,M-reg-partnerships,0
reg-pt-36,mcq-practice,REG,reg-partnerships,n,M-reg-partnerships,0
reg-pt-37,mcq-practice,REG,reg-partnerships,n,M-reg-partnerships,0
reg-x5-12,mcq-exam,REG,reg-partnerships,n,M-reg-partnerships,0
reg-x5-13,mcq-exam,REG,reg-partnerships,n,M-reg-partnerships,0
reg-x5-15,mcq-exam,REG,reg-partnerships,n,M-reg-partnerships,0
reg-x5-21,mcq-exam,REG,reg-partnerships,n,M-reg-partnerships,0
reg-x5-32,mcq-exam,REG,reg-partnerships,n,M-reg-partnerships,0
reg-x5-33,mcq-exam,REG,reg-partnerships,n,M-reg-partnerships,0
reg-x5-41,mcq-exam,REG,reg-partnerships,n,M-reg-partnerships,0
reg-x5-42,mcq-exam,REG,reg-partnerships,n,M-reg-partnerships,0
reg-pt-f1,flashcard,REG,reg-partnerships,n,M-reg-partnerships,0
reg-pt-f2,flashcard,REG,reg-partnerships,n,M-reg-partnerships,0
reg-pt-f3,flashcard,REG,reg-partnerships,n,M-reg-partnerships,0
reg-pt-f4,flashcard,REG,reg-partnerships,n,M-reg-partnerships,0
reg-pt-f5,flashcard,REG,reg-partnerships,n,M-reg-partnerships,0
reg-pt-f6,flashcard,REG,reg-partnerships,n,M-reg-partnerships,0
reg-tbs-r3-partner-basis,tbs-practice,REG,reg-partnerships,n,M-reg-partnerships,0
reg-tbs-u7-1065-review,tbs-practice,REG,reg-partnerships,n,M-reg-partnerships,0
reg-tbs-u7-partnership,tbs-practice,REG,reg-partnerships,n,M-reg-partnerships,0
reg-preparer-penalties,lesson,REG,reg-preparer-penalties,n,M-reg-preparer-penalties,0
reg-pen-pre1,mcq-lesson,REG,reg-preparer-penalties,n,M-reg-preparer-penalties,0
reg-pen-chk1,mcq-lesson,REG,reg-preparer-penalties,n,M-reg-preparer-penalties,0
reg-pen-chk2,mcq-lesson,REG,reg-preparer-penalties,n,M-reg-preparer-penalties,0
reg-pen-01,mcq-practice,REG,reg-preparer-penalties,n,M-reg-preparer-penalties,0
reg-pen-02,mcq-practice,REG,reg-preparer-penalties,n,M-reg-preparer-penalties,0
reg-pen-03,mcq-practice,REG,reg-preparer-penalties,n,M-reg-preparer-penalties,0
reg-pen-04,mcq-practice,REG,reg-preparer-penalties,n,M-reg-preparer-penalties,0
reg-pen-05,mcq-practice,REG,reg-preparer-penalties,n,M-reg-preparer-penalties,0
reg-pen-06,mcq-practice,REG,reg-preparer-penalties,n,M-reg-preparer-penalties,0
reg-pen-07,mcq-practice,REG,reg-preparer-penalties,n,M-reg-preparer-penalties,0
reg-pen-08,mcq-practice,REG,reg-preparer-penalties,n,M-reg-preparer-penalties,0
reg-pen-09,mcq-practice,REG,reg-preparer-penalties,n,M-reg-preparer-penalties,0
reg-pen-10,mcq-practice,REG,reg-preparer-penalties,n,M-reg-preparer-penalties,0
reg-pen-11,mcq-practice,REG,reg-preparer-penalties,n,M-reg-preparer-penalties,0
reg-pen-12,mcq-practice,REG,reg-preparer-penalties,n,M-reg-preparer-penalties,0
reg-pen-13,mcq-practice,REG,reg-preparer-penalties,n,M-reg-preparer-penalties,0
reg-pen-14,mcq-practice,REG,reg-preparer-penalties,n,M-reg-preparer-penalties,0
reg-pen-15,mcq-practice,REG,reg-preparer-penalties,n,M-reg-preparer-penalties,0
reg-pen-16,mcq-practice,REG,reg-preparer-penalties,n,M-reg-preparer-penalties,0
reg-pen-17,mcq-practice,REG,reg-preparer-penalties,n,M-reg-preparer-penalties,0
reg-pen-18,mcq-practice,REG,reg-preparer-penalties,n,M-reg-preparer-penalties,0
reg-pen-19,mcq-practice,REG,reg-preparer-penalties,n,M-reg-preparer-penalties,0
reg-pen-20,mcq-practice,REG,reg-preparer-penalties,n,M-reg-preparer-penalties,0
reg-pen-21,mcq-practice,REG,reg-preparer-penalties,n,M-reg-preparer-penalties,0
reg-pen-22,mcq-practice,REG,reg-preparer-penalties,n,M-reg-preparer-penalties,0
reg-pen-23,mcq-practice,REG,reg-preparer-penalties,n,M-reg-preparer-penalties,0
reg-pen-24,mcq-practice,REG,reg-preparer-penalties,n,M-reg-preparer-penalties,0
reg-pen-25,mcq-practice,REG,reg-preparer-penalties,n,M-reg-preparer-penalties,0
reg-pen-26,mcq-practice,REG,reg-preparer-penalties,n,M-reg-preparer-penalties,0
reg-pen-27,mcq-practice,REG,reg-preparer-penalties,n,M-reg-preparer-penalties,0
reg-pen-28,mcq-practice,REG,reg-preparer-penalties,n,M-reg-preparer-penalties,0
reg-pen-29,mcq-practice,REG,reg-preparer-penalties,n,M-reg-preparer-penalties,0
reg-pen-30,mcq-practice,REG,reg-preparer-penalties,n,M-reg-preparer-penalties,0
reg-pen-31,mcq-practice,REG,reg-preparer-penalties,n,M-reg-preparer-penalties,0
reg-pen-32,mcq-practice,REG,reg-preparer-penalties,n,M-reg-preparer-penalties,0
reg-pen-33,mcq-practice,REG,reg-preparer-penalties,n,M-reg-preparer-penalties,0
reg-pen-34,mcq-practice,REG,reg-preparer-penalties,n,M-reg-preparer-penalties,0
reg-x1-04,mcq-exam,REG,reg-preparer-penalties,n,M-reg-preparer-penalties,0
reg-x1-05,mcq-exam,REG,reg-preparer-penalties,n,M-reg-preparer-penalties,0
reg-x1-06,mcq-exam,REG,reg-preparer-penalties,n,M-reg-preparer-penalties,0
tcp-x2-24,mcq-exam,REG,reg-preparer-penalties,n,M-reg-preparer-penalties,0
reg-x1-12,mcq-exam,REG,reg-preparer-penalties,n,M-reg-preparer-penalties,0
reg-x1-15,mcq-exam,REG,reg-preparer-penalties,n,M-reg-preparer-penalties,0
reg-x1-16,mcq-exam,REG,reg-preparer-penalties,n,M-reg-preparer-penalties,0
reg-x1-20,mcq-exam,REG,reg-preparer-penalties,n,M-reg-preparer-penalties,0
reg-pen-f1,flashcard,REG,reg-preparer-penalties,n,M-reg-preparer-penalties,0
reg-pen-f2,flashcard,REG,reg-preparer-penalties,n,M-reg-preparer-penalties,0
reg-pen-f3,flashcard,REG,reg-preparer-penalties,n,M-reg-preparer-penalties,0
reg-pen-f4,flashcard,REG,reg-preparer-penalties,n,M-reg-preparer-penalties,0
reg-pen-f5,flashcard,REG,reg-preparer-penalties,n,M-reg-preparer-penalties,0
reg-pen-f6,flashcard,REG,reg-preparer-penalties,n,M-reg-preparer-penalties,0
reg-tbs-r3-penalties,tbs-practice,REG,reg-preparer-penalties,n,M-reg-preparer-penalties,0
reg-tbs-u1-penalties,tbs-practice,REG,reg-preparer-penalties,n,M-reg-preparer-penalties,0
reg-tbs-x1-procedures,tbs-exam,REG,reg-preparer-penalties,n,M-reg-preparer-penalties,0
reg-property-basis,lesson,REG,reg-property-basis,n,M-reg-property-basis,0
reg-pb-pre1,mcq-lesson,REG,reg-property-basis,n,M-reg-property-basis,0
reg-pb-chk1,mcq-lesson,REG,reg-property-basis,n,M-reg-property-basis,0
reg-pb-chk2,mcq-lesson,REG,reg-property-basis,n,M-reg-property-basis,0
reg-pb-01,mcq-practice,REG,reg-property-basis,n,M-reg-property-basis,0
reg-pb-02,mcq-practice,REG,reg-property-basis,n,M-reg-property-basis,0
reg-pb-03,mcq-practice,REG,reg-property-basis,n,M-reg-property-basis,0
reg-pb-04,mcq-practice,REG,reg-property-basis,n,M-reg-property-basis,0
reg-pb-05,mcq-practice,REG,reg-property-basis,n,M-reg-property-basis,0
reg-pb-06,mcq-practice,REG,reg-property-basis,n,M-reg-property-basis,0
reg-pb-07,mcq-practice,REG,reg-property-basis,n,M-reg-property-basis,0
reg-pb-08,mcq-practice,REG,reg-property-basis,n,M-reg-property-basis,0
reg-pb-09,mcq-practice,REG,reg-property-basis,n,M-reg-property-basis,0
reg-pb-10,mcq-practice,REG,reg-property-basis,n,M-reg-property-basis,0
reg-pb-11,mcq-practice,REG,reg-property-basis,n,M-reg-property-basis,0
reg-pb-12,mcq-practice,REG,reg-property-basis,n,M-reg-property-basis,0
reg-pb-13,mcq-practice,REG,reg-property-basis,n,M-reg-property-basis,0
reg-pb-14,mcq-practice,REG,reg-property-basis,n,M-reg-property-basis,0
reg-pb-15,mcq-practice,REG,reg-property-basis,n,M-reg-property-basis,0
reg-pb-16,mcq-practice,REG,reg-property-basis,n,M-reg-property-basis,0
reg-pb-17,mcq-practice,REG,reg-property-basis,n,M-reg-property-basis,0
reg-pb-18,mcq-practice,REG,reg-property-basis,n,M-reg-property-basis,0
reg-pb-19,mcq-practice,REG,reg-property-basis,n,M-reg-property-basis,0
reg-pb-20,mcq-practice,REG,reg-property-basis,n,M-reg-property-basis,0
reg-pb-21,mcq-practice,REG,reg-property-basis,n,M-reg-property-basis,0
reg-pb-22,mcq-practice,REG,reg-property-basis,n,M-reg-property-basis,0
reg-pb-23,mcq-practice,REG,reg-property-basis,n,M-reg-property-basis,0
reg-pb-24,mcq-practice,REG,reg-property-basis,n,M-reg-property-basis,0
reg-pb-25,mcq-practice,REG,reg-property-basis,n,M-reg-property-basis,0
reg-pb-26,mcq-practice,REG,reg-property-basis,n,M-reg-property-basis,0
reg-pb-27,mcq-practice,REG,reg-property-basis,n,M-reg-property-basis,0
reg-pb-28,mcq-practice,REG,reg-property-basis,n,M-reg-property-basis,0
reg-pb-29,mcq-practice,REG,reg-property-basis,n,M-reg-property-basis,0
reg-pb-30,mcq-practice,REG,reg-property-basis,n,M-reg-property-basis,0
reg-pb-31,mcq-practice,REG,reg-property-basis,n,M-reg-property-basis,0
reg-pb-32,mcq-practice,REG,reg-property-basis,n,M-reg-property-basis,0
reg-pb-33,mcq-practice,REG,reg-property-basis,n,M-reg-property-basis,0
reg-pb-34,mcq-practice,REG,reg-property-basis,n,M-reg-property-basis,0
reg-pb-35,mcq-practice,REG,reg-property-basis,n,M-reg-property-basis,0
reg-x3-01,mcq-exam,REG,reg-property-basis,n,M-reg-property-basis,0
reg-x3-02,mcq-exam,REG,reg-property-basis,n,M-reg-property-basis,0
reg-x3-09,mcq-exam,REG,reg-property-basis,n,M-reg-property-basis,0
reg-x3-10,mcq-exam,REG,reg-property-basis,n,M-reg-property-basis,0
reg-x3-12,mcq-exam,REG,reg-property-basis,n,M-reg-property-basis,0
reg-pb-f1,flashcard,REG,reg-property-basis,n,M-reg-property-basis,0
reg-pb-f2,flashcard,REG,reg-property-basis,n,M-reg-property-basis,0
reg-pb-f3,flashcard,REG,reg-property-basis,n,M-reg-property-basis,0
reg-pb-f4,flashcard,REG,reg-property-basis,n,M-reg-property-basis,0
reg-pb-f5,flashcard,REG,reg-property-basis,n,M-reg-property-basis,0
reg-pb-f6,flashcard,REG,reg-property-basis,n,M-reg-property-basis,0
reg-pb-f7,flashcard,REG,reg-property-basis,n,M-reg-property-basis,0
reg-pb-f8,flashcard,REG,reg-property-basis,n,M-reg-property-basis,0
reg-tbs-r3-basis,tbs-practice,REG,reg-property-basis,n,M-reg-property-basis,0
reg-tbs-x3-basis,tbs-exam,REG,reg-property-basis,n,M-reg-property-basis,0
reg-s-corporations,lesson,REG,reg-s-corporations,n,M-reg-s-corporations,0
reg-sc-pre1,mcq-lesson,REG,reg-s-corporations,n,M-reg-s-corporations,0
reg-sc-chk1,mcq-lesson,REG,reg-s-corporations,n,M-reg-s-corporations,0
reg-sc-chk2,mcq-lesson,REG,reg-s-corporations,n,M-reg-s-corporations,0
reg-sc-01,mcq-practice,REG,reg-s-corporations,n,M-reg-s-corporations,0
reg-sc-02,mcq-practice,REG,reg-s-corporations,n,M-reg-s-corporations,0
reg-sc-03,mcq-practice,REG,reg-s-corporations,n,M-reg-s-corporations,0
reg-sc-04,mcq-practice,REG,reg-s-corporations,n,M-reg-s-corporations,0
reg-sc-05,mcq-practice,REG,reg-s-corporations,n,M-reg-s-corporations,0
reg-sc-06,mcq-practice,REG,reg-s-corporations,n,M-reg-s-corporations,0
reg-sc-07,mcq-practice,REG,reg-s-corporations,n,M-reg-s-corporations,0
reg-sc-08,mcq-practice,REG,reg-s-corporations,n,M-reg-s-corporations,0
reg-sc-09,mcq-practice,REG,reg-s-corporations,n,M-reg-s-corporations,0
reg-sc-10,mcq-practice,REG,reg-s-corporations,n,M-reg-s-corporations,0
reg-sc-11,mcq-practice,REG,reg-s-corporations,n,M-reg-s-corporations,0
reg-sc-12,mcq-practice,REG,reg-s-corporations,n,M-reg-s-corporations,0
reg-sc-13,mcq-practice,REG,reg-s-corporations,n,M-reg-s-corporations,0
reg-sc-14,mcq-practice,REG,reg-s-corporations,n,M-reg-s-corporations,0
reg-sc-15,mcq-practice,REG,reg-s-corporations,n,M-reg-s-corporations,0
reg-sc-16,mcq-practice,REG,reg-s-corporations,n,M-reg-s-corporations,0
reg-sc-17,mcq-practice,REG,reg-s-corporations,n,M-reg-s-corporations,0
reg-sc-18,mcq-practice,REG,reg-s-corporations,n,M-reg-s-corporations,0
reg-sc-19,mcq-practice,REG,reg-s-corporations,n,M-reg-s-corporations,0
reg-sc-20,mcq-practice,REG,reg-s-corporations,n,M-reg-s-corporations,0
reg-sc-21,mcq-practice,REG,reg-s-corporations,n,M-reg-s-corporations,0
reg-sc-22,mcq-practice,REG,reg-s-corporations,n,M-reg-s-corporations,0
reg-sc-23,mcq-practice,REG,reg-s-corporations,n,M-reg-s-corporations,0
reg-sc-24,mcq-practice,REG,reg-s-corporations,n,M-reg-s-corporations,0
reg-sc-25,mcq-practice,REG,reg-s-corporations,n,M-reg-s-corporations,0
reg-sc-26,mcq-practice,REG,reg-s-corporations,n,M-reg-s-corporations,0
reg-sc-27,mcq-practice,REG,reg-s-corporations,n,M-reg-s-corporations,0
reg-sc-28,mcq-practice,REG,reg-s-corporations,n,M-reg-s-corporations,0
reg-sc-29,mcq-practice,REG,reg-s-corporations,n,M-reg-s-corporations,0
reg-sc-30,mcq-practice,REG,reg-s-corporations,n,M-reg-s-corporations,0
reg-sc-31,mcq-practice,REG,reg-s-corporations,n,M-reg-s-corporations,0
reg-sc-32,mcq-practice,REG,reg-s-corporations,n,M-reg-s-corporations,0
reg-sc-33,mcq-practice,REG,reg-s-corporations,n,M-reg-s-corporations,0
reg-sc-34,mcq-practice,REG,reg-s-corporations,n,M-reg-s-corporations,0
reg-sc-35,mcq-practice,REG,reg-s-corporations,n,M-reg-s-corporations,0
reg-sc-36,mcq-practice,REG,reg-s-corporations,n,M-reg-s-corporations,0
reg-x5-16,mcq-exam,REG,reg-s-corporations,n,M-reg-s-corporations,0
reg-x5-17,mcq-exam,REG,reg-s-corporations,n,M-reg-s-corporations,0
reg-x5-18,mcq-exam,REG,reg-s-corporations,n,M-reg-s-corporations,0
reg-x5-22,mcq-exam,REG,reg-s-corporations,n,M-reg-s-corporations,0
reg-x5-34,mcq-exam,REG,reg-s-corporations,n,M-reg-s-corporations,0
reg-x5-35,mcq-exam,REG,reg-s-corporations,n,M-reg-s-corporations,0
reg-x5-43,mcq-exam,REG,reg-s-corporations,n,M-reg-s-corporations,0
reg-x5-44,mcq-exam,REG,reg-s-corporations,n,M-reg-s-corporations,0
reg-sc-f1,flashcard,REG,reg-s-corporations,n,M-reg-s-corporations,0
reg-sc-f2,flashcard,REG,reg-s-corporations,n,M-reg-s-corporations,0
reg-sc-f3,flashcard,REG,reg-s-corporations,n,M-reg-s-corporations,0
reg-sc-f4,flashcard,REG,reg-s-corporations,n,M-reg-s-corporations,0
reg-sc-f5,flashcard,REG,reg-s-corporations,n,M-reg-s-corporations,0
reg-sc-f6,flashcard,REG,reg-s-corporations,n,M-reg-s-corporations,0
reg-tbs-r3-s-basis,tbs-practice,REG,reg-s-corporations,n,M-reg-s-corporations,0
reg-tbs-u7-1120s-review,tbs-practice,REG,reg-s-corporations,n,M-reg-s-corporations,0
reg-tbs-u7-s-corp-gifts,tbs-practice,REG,reg-s-corporations,n,M-reg-s-corporations,0
reg-tbs-x5-flowthrough,tbs-exam,REG,reg-s-corporations,n,M-reg-s-corporations,0
reg-tbs-x5-s-corp-basis,tbs-exam,REG,reg-s-corporations,n,M-reg-s-corporations,0
reg-state-local-tax,lesson,REG,reg-state-local-tax,n,M-reg-state-local-tax,0
reg-slt-pre1,mcq-lesson,REG,reg-state-local-tax,n,M-reg-state-local-tax,0
reg-slt-chk1,mcq-lesson,REG,reg-state-local-tax,n,M-reg-state-local-tax,0
reg-slt-chk2,mcq-lesson,REG,reg-state-local-tax,n,M-reg-state-local-tax,0
reg-slt-01,mcq-practice,REG,reg-state-local-tax,n,M-reg-state-local-tax,0
reg-slt-02,mcq-practice,REG,reg-state-local-tax,n,M-reg-state-local-tax,0
reg-slt-03,mcq-practice,REG,reg-state-local-tax,n,M-reg-state-local-tax,0
reg-slt-04,mcq-practice,REG,reg-state-local-tax,n,M-reg-state-local-tax,0
reg-slt-05,mcq-practice,REG,reg-state-local-tax,n,M-reg-state-local-tax,0
reg-slt-06,mcq-practice,REG,reg-state-local-tax,n,M-reg-state-local-tax,0
reg-slt-07,mcq-practice,REG,reg-state-local-tax,n,M-reg-state-local-tax,0
reg-slt-08,mcq-practice,REG,reg-state-local-tax,n,M-reg-state-local-tax,0
reg-slt-09,mcq-practice,REG,reg-state-local-tax,n,M-reg-state-local-tax,0
reg-slt-10,mcq-practice,REG,reg-state-local-tax,n,M-reg-state-local-tax,0
reg-slt-11,mcq-practice,REG,reg-state-local-tax,n,M-reg-state-local-tax,0
reg-slt-12,mcq-practice,REG,reg-state-local-tax,n,M-reg-state-local-tax,0
reg-slt-13,mcq-practice,REG,reg-state-local-tax,n,M-reg-state-local-tax,0
reg-slt-14,mcq-practice,REG,reg-state-local-tax,n,M-reg-state-local-tax,0
reg-slt-15,mcq-practice,REG,reg-state-local-tax,n,M-reg-state-local-tax,0
reg-slt-16,mcq-practice,REG,reg-state-local-tax,n,M-reg-state-local-tax,0
reg-slt-17,mcq-practice,REG,reg-state-local-tax,n,M-reg-state-local-tax,0
reg-slt-18,mcq-practice,REG,reg-state-local-tax,n,M-reg-state-local-tax,0
reg-slt-19,mcq-practice,REG,reg-state-local-tax,n,M-reg-state-local-tax,0
reg-slt-20,mcq-practice,REG,reg-state-local-tax,n,M-reg-state-local-tax,0
reg-slt-21,mcq-practice,REG,reg-state-local-tax,n,M-reg-state-local-tax,0
reg-slt-22,mcq-practice,REG,reg-state-local-tax,n,M-reg-state-local-tax,0
reg-slt-23,mcq-practice,REG,reg-state-local-tax,n,M-reg-state-local-tax,0
reg-slt-24,mcq-practice,REG,reg-state-local-tax,n,M-reg-state-local-tax,0
reg-slt-25,mcq-practice,REG,reg-state-local-tax,n,M-reg-state-local-tax,0
reg-slt-26,mcq-practice,REG,reg-state-local-tax,n,M-reg-state-local-tax,0
reg-slt-27,mcq-practice,REG,reg-state-local-tax,n,M-reg-state-local-tax,0
reg-slt-28,mcq-practice,REG,reg-state-local-tax,n,M-reg-state-local-tax,0
reg-slt-29,mcq-practice,REG,reg-state-local-tax,n,M-reg-state-local-tax,0
reg-slt-30,mcq-practice,REG,reg-state-local-tax,n,M-reg-state-local-tax,0
reg-slt-31,mcq-practice,REG,reg-state-local-tax,n,M-reg-state-local-tax,0
reg-slt-32,mcq-practice,REG,reg-state-local-tax,n,M-reg-state-local-tax,0
reg-slt-33,mcq-practice,REG,reg-state-local-tax,n,M-reg-state-local-tax,0
reg-slt-34,mcq-practice,REG,reg-state-local-tax,n,M-reg-state-local-tax,0
reg-x5-25,mcq-exam,REG,reg-state-local-tax,n,M-reg-state-local-tax,0
reg-x5-26,mcq-exam,REG,reg-state-local-tax,n,M-reg-state-local-tax,0
reg-x5-36,mcq-exam,REG,reg-state-local-tax,n,M-reg-state-local-tax,0
reg-x5-46,mcq-exam,REG,reg-state-local-tax,n,M-reg-state-local-tax,0
reg-slt-f1,flashcard,REG,reg-state-local-tax,n,M-reg-state-local-tax,0
reg-slt-f2,flashcard,REG,reg-state-local-tax,n,M-reg-state-local-tax,0
reg-slt-f3,flashcard,REG,reg-state-local-tax,n,M-reg-state-local-tax,0
reg-slt-f4,flashcard,REG,reg-state-local-tax,n,M-reg-state-local-tax,0
reg-slt-f5,flashcard,REG,reg-state-local-tax,n,M-reg-state-local-tax,0
reg-slt-f6,flashcard,REG,reg-state-local-tax,n,M-reg-state-local-tax,0
reg-tbs-r3-apportionment,tbs-practice,REG,reg-state-local-tax,n,M-reg-state-local-tax,0
reg-tbs-r3-nexus,tbs-practice,REG,reg-state-local-tax,n,M-reg-state-local-tax,0
reg-trusts-exempt,lesson,REG,reg-trusts-exempt,n,M-reg-trusts-exempt,0
reg-te-pre1,mcq-lesson,REG,reg-trusts-exempt,n,M-reg-trusts-exempt,0
reg-te-chk1,mcq-lesson,REG,reg-trusts-exempt,n,M-reg-trusts-exempt,0
reg-te-chk2,mcq-lesson,REG,reg-trusts-exempt,n,M-reg-trusts-exempt,0
reg-te-01,mcq-practice,REG,reg-trusts-exempt,n,M-reg-trusts-exempt,0
reg-te-02,mcq-practice,REG,reg-trusts-exempt,n,M-reg-trusts-exempt,0
reg-te-03,mcq-practice,REG,reg-trusts-exempt,n,M-reg-trusts-exempt,0
reg-te-04,mcq-practice,REG,reg-trusts-exempt,n,M-reg-trusts-exempt,0
reg-te-05,mcq-practice,REG,reg-trusts-exempt,n,M-reg-trusts-exempt,0
reg-te-06,mcq-practice,REG,reg-trusts-exempt,n,M-reg-trusts-exempt,0
reg-te-07,mcq-practice,REG,reg-trusts-exempt,n,M-reg-trusts-exempt,0
reg-te-08,mcq-practice,REG,reg-trusts-exempt,n,M-reg-trusts-exempt,0
reg-te-09,mcq-practice,REG,reg-trusts-exempt,n,M-reg-trusts-exempt,0
reg-te-10,mcq-practice,REG,reg-trusts-exempt,n,M-reg-trusts-exempt,0
reg-te-11,mcq-practice,REG,reg-trusts-exempt,n,M-reg-trusts-exempt,0
reg-te-12,mcq-practice,REG,reg-trusts-exempt,n,M-reg-trusts-exempt,0
reg-te-13,mcq-practice,REG,reg-trusts-exempt,n,M-reg-trusts-exempt,0
reg-te-14,mcq-practice,REG,reg-trusts-exempt,n,M-reg-trusts-exempt,0
reg-te-15,mcq-practice,REG,reg-trusts-exempt,n,M-reg-trusts-exempt,0
reg-te-16,mcq-practice,REG,reg-trusts-exempt,n,M-reg-trusts-exempt,0
reg-te-17,mcq-practice,REG,reg-trusts-exempt,n,M-reg-trusts-exempt,0
reg-te-18,mcq-practice,REG,reg-trusts-exempt,n,M-reg-trusts-exempt,0
reg-te-19,mcq-practice,REG,reg-trusts-exempt,n,M-reg-trusts-exempt,0
reg-te-20,mcq-practice,REG,reg-trusts-exempt,n,M-reg-trusts-exempt,0
reg-te-21,mcq-practice,REG,reg-trusts-exempt,n,M-reg-trusts-exempt,0
reg-te-22,mcq-practice,REG,reg-trusts-exempt,n,M-reg-trusts-exempt,0
reg-te-23,mcq-practice,REG,reg-trusts-exempt,n,M-reg-trusts-exempt,0
reg-te-24,mcq-practice,REG,reg-trusts-exempt,n,M-reg-trusts-exempt,0
reg-te-25,mcq-practice,REG,reg-trusts-exempt,n,M-reg-trusts-exempt,0
reg-te-26,mcq-practice,REG,reg-trusts-exempt,n,M-reg-trusts-exempt,0
reg-te-27,mcq-practice,REG,reg-trusts-exempt,n,M-reg-trusts-exempt,0
reg-te-28,mcq-practice,REG,reg-trusts-exempt,n,M-reg-trusts-exempt,0
reg-te-29,mcq-practice,REG,reg-trusts-exempt,n,M-reg-trusts-exempt,0
reg-te-30,mcq-practice,REG,reg-trusts-exempt,n,M-reg-trusts-exempt,0
reg-te-31,mcq-practice,REG,reg-trusts-exempt,n,M-reg-trusts-exempt,0
reg-te-32,mcq-practice,REG,reg-trusts-exempt,n,M-reg-trusts-exempt,0
reg-te-33,mcq-practice,REG,reg-trusts-exempt,n,M-reg-trusts-exempt,0
reg-te-34,mcq-practice,REG,reg-trusts-exempt,n,M-reg-trusts-exempt,0
reg-te-35,mcq-practice,REG,reg-trusts-exempt,n,M-reg-trusts-exempt,0
reg-te-36,mcq-practice,REG,reg-trusts-exempt,n,M-reg-trusts-exempt,0
reg-te-37,mcq-practice,REG,reg-trusts-exempt,n,M-reg-trusts-exempt,0
reg-te-38,mcq-practice,REG,reg-trusts-exempt,n,M-reg-trusts-exempt,0
reg-te-39,mcq-practice,REG,reg-trusts-exempt,n,M-reg-trusts-exempt,0
reg-te-40,mcq-practice,REG,reg-trusts-exempt,n,M-reg-trusts-exempt,0
reg-te-41,mcq-practice,REG,reg-trusts-exempt,n,M-reg-trusts-exempt,0
reg-te-42,mcq-practice,REG,reg-trusts-exempt,n,M-reg-trusts-exempt,0
reg-te-43,mcq-practice,REG,reg-trusts-exempt,n,M-reg-trusts-exempt,0
reg-te-44,mcq-practice,REG,reg-trusts-exempt,n,M-reg-trusts-exempt,0
reg-x5-45,mcq-exam,REG,reg-trusts-exempt,n,M-reg-trusts-exempt,0
reg-te-f1,flashcard,REG,reg-trusts-exempt,n,M-reg-trusts-exempt,0
reg-te-f2,flashcard,REG,reg-trusts-exempt,n,M-reg-trusts-exempt,0
reg-te-f3,flashcard,REG,reg-trusts-exempt,n,M-reg-trusts-exempt,0
reg-te-f4,flashcard,REG,reg-trusts-exempt,n,M-reg-trusts-exempt,0
reg-te-f5,flashcard,REG,reg-trusts-exempt,n,M-reg-trusts-exempt,0
reg-te-f6,flashcard,REG,reg-trusts-exempt,n,M-reg-trusts-exempt,0
reg-tbs-r3-exempt-types,tbs-practice,REG,reg-trusts-exempt,n,M-reg-trusts-exempt,0
tcp-asset-dispositions,lesson,TCP,tcp-asset-dispositions,n,M-tcp-asset-dispositions,0
tcp-ad-pre1,mcq-lesson,TCP,tcp-asset-dispositions,n,M-tcp-asset-dispositions,0
tcp-ad-chk1,mcq-lesson,TCP,tcp-asset-dispositions,n,M-tcp-asset-dispositions,0
tcp-ad-chk2,mcq-lesson,TCP,tcp-asset-dispositions,n,M-tcp-asset-dispositions,0
tcp-ad-01,mcq-practice,TCP,tcp-asset-dispositions,n,M-tcp-asset-dispositions,0
tcp-ad-02,mcq-practice,TCP,tcp-asset-dispositions,n,M-tcp-asset-dispositions,0
tcp-ad-03,mcq-practice,TCP,tcp-asset-dispositions,n,M-tcp-asset-dispositions,0
tcp-ad-04,mcq-practice,TCP,tcp-asset-dispositions,n,M-tcp-asset-dispositions,0
tcp-ad-05,mcq-practice,TCP,tcp-asset-dispositions,n,M-tcp-asset-dispositions,0
tcp-ad-06,mcq-practice,TCP,tcp-asset-dispositions,n,M-tcp-asset-dispositions,0
tcp-ad-07,mcq-practice,TCP,tcp-asset-dispositions,n,M-tcp-asset-dispositions,0
tcp-ad-08,mcq-practice,TCP,tcp-asset-dispositions,n,M-tcp-asset-dispositions,0
tcp-ad-09,mcq-practice,TCP,tcp-asset-dispositions,n,M-tcp-asset-dispositions,0
tcp-ad-10,mcq-practice,TCP,tcp-asset-dispositions,n,M-tcp-asset-dispositions,0
tcp-ad-11,mcq-practice,TCP,tcp-asset-dispositions,n,M-tcp-asset-dispositions,0
tcp-cr2-09,mcq-practice,TCP,tcp-asset-dispositions,n,M-tcp-asset-dispositions,0
tcp-ad-12,mcq-practice,TCP,tcp-asset-dispositions,n,M-tcp-asset-dispositions,0
tcp-ad-13,mcq-practice,TCP,tcp-asset-dispositions,n,M-tcp-asset-dispositions,0
tcp-ad-14,mcq-practice,TCP,tcp-asset-dispositions,n,M-tcp-asset-dispositions,0
tcp-ad-15,mcq-practice,TCP,tcp-asset-dispositions,n,M-tcp-asset-dispositions,0
tcp-ad-16,mcq-practice,TCP,tcp-asset-dispositions,n,M-tcp-asset-dispositions,0
tcp-ad-17,mcq-practice,TCP,tcp-asset-dispositions,n,M-tcp-asset-dispositions,0
tcp-ad-18,mcq-practice,TCP,tcp-asset-dispositions,n,M-tcp-asset-dispositions,0
tcp-ad-19,mcq-practice,TCP,tcp-asset-dispositions,n,M-tcp-asset-dispositions,0
tcp-ad-20,mcq-practice,TCP,tcp-asset-dispositions,n,M-tcp-asset-dispositions,0
tcp-ad-21,mcq-practice,TCP,tcp-asset-dispositions,n,M-tcp-asset-dispositions,0
tcp-ad-22,mcq-practice,TCP,tcp-asset-dispositions,n,M-tcp-asset-dispositions,0
tcp-ad-23,mcq-practice,TCP,tcp-asset-dispositions,n,M-tcp-asset-dispositions,0
tcp-ad-24,mcq-practice,TCP,tcp-asset-dispositions,n,M-tcp-asset-dispositions,0
tcp-ad-25,mcq-practice,TCP,tcp-asset-dispositions,n,M-tcp-asset-dispositions,0
tcp-ad-26,mcq-practice,TCP,tcp-asset-dispositions,n,M-tcp-asset-dispositions,0
tcp-ad-27,mcq-practice,TCP,tcp-asset-dispositions,n,M-tcp-asset-dispositions,0
tcp-ad-28,mcq-practice,TCP,tcp-asset-dispositions,n,M-tcp-asset-dispositions,0
tcp-ad-29,mcq-practice,TCP,tcp-asset-dispositions,n,M-tcp-asset-dispositions,0
tcp-ad-30,mcq-practice,TCP,tcp-asset-dispositions,n,M-tcp-asset-dispositions,0
tcp-ad-31,mcq-practice,TCP,tcp-asset-dispositions,n,M-tcp-asset-dispositions,0
tcp-ad-32,mcq-practice,TCP,tcp-asset-dispositions,n,M-tcp-asset-dispositions,0
tcp-ad-33,mcq-practice,TCP,tcp-asset-dispositions,n,M-tcp-asset-dispositions,0
tcp-ad-34,mcq-practice,TCP,tcp-asset-dispositions,n,M-tcp-asset-dispositions,0
tcp-ad-35,mcq-practice,TCP,tcp-asset-dispositions,n,M-tcp-asset-dispositions,0
tcp-ad-36,mcq-practice,TCP,tcp-asset-dispositions,n,M-tcp-asset-dispositions,0
tcp-ad-37,mcq-practice,TCP,tcp-asset-dispositions,n,M-tcp-asset-dispositions,0
tcp-ad-38,mcq-practice,TCP,tcp-asset-dispositions,n,M-tcp-asset-dispositions,0
tcp-ad-39,mcq-practice,TCP,tcp-asset-dispositions,n,M-tcp-asset-dispositions,0
tcp-ad-40,mcq-practice,TCP,tcp-asset-dispositions,n,M-tcp-asset-dispositions,0
tcp-ad-41,mcq-practice,TCP,tcp-asset-dispositions,n,M-tcp-asset-dispositions,0
tcp-ad-42,mcq-practice,TCP,tcp-asset-dispositions,n,M-tcp-asset-dispositions,0
tcp-ad-43,mcq-practice,TCP,tcp-asset-dispositions,n,M-tcp-asset-dispositions,0
tcp-ad-44,mcq-practice,TCP,tcp-asset-dispositions,n,M-tcp-asset-dispositions,0
tcp-ad-45,mcq-practice,TCP,tcp-asset-dispositions,n,M-tcp-asset-dispositions,0
tcp-x4-01,mcq-exam,TCP,tcp-asset-dispositions,n,M-tcp-asset-dispositions,0
tcp-x4-02,mcq-exam,TCP,tcp-asset-dispositions,n,M-tcp-asset-dispositions,0
tcp-x4-03,mcq-exam,TCP,tcp-asset-dispositions,n,M-tcp-asset-dispositions,0
reg-x3-04,mcq-exam,TCP,tcp-asset-dispositions,n,M-tcp-asset-dispositions,0
reg-x3-05,mcq-exam,TCP,tcp-asset-dispositions,n,M-tcp-asset-dispositions,0
tcp-x4-11,mcq-exam,TCP,tcp-asset-dispositions,n,M-tcp-asset-dispositions,0
tcp-x4-12,mcq-exam,TCP,tcp-asset-dispositions,n,M-tcp-asset-dispositions,0
tcp-x4-15,mcq-exam,TCP,tcp-asset-dispositions,n,M-tcp-asset-dispositions,0
tcp-x4-16,mcq-exam,TCP,tcp-asset-dispositions,n,M-tcp-asset-dispositions,0
tcp-ad-f1,flashcard,TCP,tcp-asset-dispositions,n,M-tcp-asset-dispositions,0
tcp-ad-f2,flashcard,TCP,tcp-asset-dispositions,n,M-tcp-asset-dispositions,0
tcp-ad-f3,flashcard,TCP,tcp-asset-dispositions,n,M-tcp-asset-dispositions,0
tcp-ad-f4,flashcard,TCP,tcp-asset-dispositions,n,M-tcp-asset-dispositions,0
tcp-ad-f5,flashcard,TCP,tcp-asset-dispositions,n,M-tcp-asset-dispositions,0
tcp-ad-f6,flashcard,TCP,tcp-asset-dispositions,n,M-tcp-asset-dispositions,0
reg-tbs-u3-property-sales,tbs-practice,TCP,tcp-asset-dispositions,n,M-tcp-asset-dispositions,0
reg-tbs-x3-property,tbs-exam,TCP,tcp-asset-dispositions,n,M-tcp-asset-dispositions,0
tcp-tbs-r3-form4797,tbs-practice,TCP,tcp-asset-dispositions,n,M-tcp-asset-dispositions,0
tcp-tbs-u7-disposition-review,tbs-practice,TCP,tcp-asset-dispositions,n,M-tcp-asset-dispositions,0
tcp-tbs-u7-form4797,tbs-practice,TCP,tcp-asset-dispositions,n,M-tcp-asset-dispositions,0
tcp-tbs-x4-property,tbs-exam,TCP,tcp-asset-dispositions,n,M-tcp-asset-dispositions,0
tcp-c-corp-compliance,lesson,TCP,tcp-c-corp-compliance,n,M-tcp-c-corp-compliance,0
tcp-cc-pre1,mcq-lesson,TCP,tcp-c-corp-compliance,n,M-tcp-c-corp-compliance,0
tcp-cc-chk1,mcq-lesson,TCP,tcp-c-corp-compliance,n,M-tcp-c-corp-compliance,0
tcp-cc-chk2,mcq-lesson,TCP,tcp-c-corp-compliance,n,M-tcp-c-corp-compliance,0
tcp-cc-01,mcq-practice,TCP,tcp-c-corp-compliance,n,M-tcp-c-corp-compliance,0
tcp-cc-02,mcq-practice,TCP,tcp-c-corp-compliance,n,M-tcp-c-corp-compliance,0
tcp-cc-03,mcq-practice,TCP,tcp-c-corp-compliance,n,M-tcp-c-corp-compliance,0
tcp-cc-04,mcq-practice,TCP,tcp-c-corp-compliance,n,M-tcp-c-corp-compliance,0
tcp-cc-05,mcq-practice,TCP,tcp-c-corp-compliance,n,M-tcp-c-corp-compliance,0
tcp-cc-06,mcq-practice,TCP,tcp-c-corp-compliance,n,M-tcp-c-corp-compliance,0
tcp-cc-07,mcq-practice,TCP,tcp-c-corp-compliance,n,M-tcp-c-corp-compliance,0
tcp-cc-08,mcq-practice,TCP,tcp-c-corp-compliance,n,M-tcp-c-corp-compliance,0
tcp-cc-09,mcq-practice,TCP,tcp-c-corp-compliance,n,M-tcp-c-corp-compliance,0
tcp-cc-10,mcq-practice,TCP,tcp-c-corp-compliance,n,M-tcp-c-corp-compliance,0
tcp-cc-11,mcq-practice,TCP,tcp-c-corp-compliance,n,M-tcp-c-corp-compliance,0
tcp-cc-12,mcq-practice,TCP,tcp-c-corp-compliance,n,M-tcp-c-corp-compliance,0
tcp-cc-13,mcq-practice,TCP,tcp-c-corp-compliance,n,M-tcp-c-corp-compliance,0
tcp-cc-14,mcq-practice,TCP,tcp-c-corp-compliance,n,M-tcp-c-corp-compliance,0
tcp-cc-15,mcq-practice,TCP,tcp-c-corp-compliance,n,M-tcp-c-corp-compliance,0
tcp-cc-16,mcq-practice,TCP,tcp-c-corp-compliance,n,M-tcp-c-corp-compliance,0
tcp-cc-17,mcq-practice,TCP,tcp-c-corp-compliance,n,M-tcp-c-corp-compliance,0
tcp-cc-18,mcq-practice,TCP,tcp-c-corp-compliance,n,M-tcp-c-corp-compliance,0
tcp-cc-19,mcq-practice,TCP,tcp-c-corp-compliance,n,M-tcp-c-corp-compliance,0
tcp-cc-20,mcq-practice,TCP,tcp-c-corp-compliance,n,M-tcp-c-corp-compliance,0
tcp-cc-21,mcq-practice,TCP,tcp-c-corp-compliance,n,M-tcp-c-corp-compliance,0
tcp-cc-22,mcq-practice,TCP,tcp-c-corp-compliance,n,M-tcp-c-corp-compliance,0
tcp-cc-23,mcq-practice,TCP,tcp-c-corp-compliance,n,M-tcp-c-corp-compliance,0
tcp-cc-24,mcq-practice,TCP,tcp-c-corp-compliance,n,M-tcp-c-corp-compliance,0
tcp-cc-25,mcq-practice,TCP,tcp-c-corp-compliance,n,M-tcp-c-corp-compliance,0
tcp-cc-26,mcq-practice,TCP,tcp-c-corp-compliance,n,M-tcp-c-corp-compliance,0
tcp-cc-27,mcq-practice,TCP,tcp-c-corp-compliance,n,M-tcp-c-corp-compliance,0
tcp-cc-28,mcq-practice,TCP,tcp-c-corp-compliance,n,M-tcp-c-corp-compliance,0
tcp-cc-29,mcq-practice,TCP,tcp-c-corp-compliance,n,M-tcp-c-corp-compliance,0
tcp-cc-30,mcq-practice,TCP,tcp-c-corp-compliance,n,M-tcp-c-corp-compliance,0
tcp-cc-31,mcq-practice,TCP,tcp-c-corp-compliance,n,M-tcp-c-corp-compliance,0
tcp-cc-32,mcq-practice,TCP,tcp-c-corp-compliance,n,M-tcp-c-corp-compliance,0
tcp-cc-33,mcq-practice,TCP,tcp-c-corp-compliance,n,M-tcp-c-corp-compliance,0
tcp-cc-34,mcq-practice,TCP,tcp-c-corp-compliance,n,M-tcp-c-corp-compliance,0
tcp-cc-35,mcq-practice,TCP,tcp-c-corp-compliance,n,M-tcp-c-corp-compliance,0
tcp-cc-36,mcq-practice,TCP,tcp-c-corp-compliance,n,M-tcp-c-corp-compliance,0
tcp-cc-37,mcq-practice,TCP,tcp-c-corp-compliance,n,M-tcp-c-corp-compliance,0
tcp-cc-38,mcq-practice,TCP,tcp-c-corp-compliance,n,M-tcp-c-corp-compliance,0
tcp-cc-39,mcq-practice,TCP,tcp-c-corp-compliance,n,M-tcp-c-corp-compliance,0
tcp-cc-40,mcq-practice,TCP,tcp-c-corp-compliance,n,M-tcp-c-corp-compliance,0
tcp-cc-41,mcq-practice,TCP,tcp-c-corp-compliance,n,M-tcp-c-corp-compliance,0
tcp-cc-42,mcq-practice,TCP,tcp-c-corp-compliance,n,M-tcp-c-corp-compliance,0
tcp-cc-43,mcq-practice,TCP,tcp-c-corp-compliance,n,M-tcp-c-corp-compliance,0
tcp-cc-44,mcq-practice,TCP,tcp-c-corp-compliance,n,M-tcp-c-corp-compliance,0
tcp-cc-45,mcq-practice,TCP,tcp-c-corp-compliance,n,M-tcp-c-corp-compliance,0
tcp-cc-46,mcq-practice,TCP,tcp-c-corp-compliance,n,M-tcp-c-corp-compliance,0
tcp-cc-47,mcq-practice,TCP,tcp-c-corp-compliance,n,M-tcp-c-corp-compliance,0
tcp-cc-48,mcq-practice,TCP,tcp-c-corp-compliance,n,M-tcp-c-corp-compliance,0
tcp-cc-49,mcq-practice,TCP,tcp-c-corp-compliance,n,M-tcp-c-corp-compliance,0
tcp-cc-50,mcq-practice,TCP,tcp-c-corp-compliance,n,M-tcp-c-corp-compliance,0
tcp-x2-03,mcq-exam,TCP,tcp-c-corp-compliance,n,M-tcp-c-corp-compliance,0
tcp-x2-25,mcq-exam,TCP,tcp-c-corp-compliance,n,M-tcp-c-corp-compliance,0
tcp-x2-26,mcq-exam,TCP,tcp-c-corp-compliance,n,M-tcp-c-corp-compliance,0
tcp-x2-36,mcq-exam,TCP,tcp-c-corp-compliance,n,M-tcp-c-corp-compliance,0
tcp-cc-f1,flashcard,TCP,tcp-c-corp-compliance,n,M-tcp-c-corp-compliance,0
tcp-cc-f2,flashcard,TCP,tcp-c-corp-compliance,n,M-tcp-c-corp-compliance,0
tcp-cc-f3,flashcard,TCP,tcp-c-corp-compliance,n,M-tcp-c-corp-compliance,0
tcp-cc-f4,flashcard,TCP,tcp-c-corp-compliance,n,M-tcp-c-corp-compliance,0
tcp-cc-f5,flashcard,TCP,tcp-c-corp-compliance,n,M-tcp-c-corp-compliance,0
tcp-cc-f6,flashcard,TCP,tcp-c-corp-compliance,n,M-tcp-c-corp-compliance,0
tcp-cc-f7,flashcard,TCP,tcp-c-corp-compliance,n,M-tcp-c-corp-compliance,0
tcp-tbs-r3-aet,tbs-practice,TCP,tcp-c-corp-compliance,n,M-tcp-c-corp-compliance,0
tcp-tbs-r3-large-corp-estimates,tbs-practice,TCP,tcp-c-corp-compliance,n,M-tcp-c-corp-compliance,0
tcp-tbs-u3-estimates-consolidated,tbs-practice,TCP,tcp-c-corp-compliance,n,M-tcp-c-corp-compliance,0
tcp-tbs-u3-shareholder-review,tbs-practice,TCP,tcp-c-corp-compliance,n,M-tcp-c-corp-compliance,0
tcp-tbs-x2-corporate,tbs-exam,TCP,tcp-c-corp-compliance,n,M-tcp-c-corp-compliance,0
tcp-consolidated-returns,lesson,TCP,tcp-consolidated-returns,n,M-tcp-consolidated-returns,0
tcp-cr-pre1,mcq-lesson,TCP,tcp-consolidated-returns,n,M-tcp-consolidated-returns,0
tcp-cr-chk1,mcq-lesson,TCP,tcp-consolidated-returns,n,M-tcp-consolidated-returns,0
tcp-cr-chk2,mcq-lesson,TCP,tcp-consolidated-returns,n,M-tcp-consolidated-returns,0
tcp-cr-01,mcq-practice,TCP,tcp-consolidated-returns,n,M-tcp-consolidated-returns,0
tcp-cr-02,mcq-practice,TCP,tcp-consolidated-returns,n,M-tcp-consolidated-returns,0
tcp-cr-03,mcq-practice,TCP,tcp-consolidated-returns,n,M-tcp-consolidated-returns,0
tcp-cr-04,mcq-practice,TCP,tcp-consolidated-returns,n,M-tcp-consolidated-returns,0
tcp-cr-05,mcq-practice,TCP,tcp-consolidated-returns,n,M-tcp-consolidated-returns,0
tcp-cr-06,mcq-practice,TCP,tcp-consolidated-returns,n,M-tcp-consolidated-returns,0
tcp-cr-07,mcq-practice,TCP,tcp-consolidated-returns,n,M-tcp-consolidated-returns,0
tcp-cr-08,mcq-practice,TCP,tcp-consolidated-returns,n,M-tcp-consolidated-returns,0
tcp-cr-09,mcq-practice,TCP,tcp-consolidated-returns,n,M-tcp-consolidated-returns,0
tcp-cr-10,mcq-practice,TCP,tcp-consolidated-returns,n,M-tcp-consolidated-returns,0
tcp-cr-11,mcq-practice,TCP,tcp-consolidated-returns,n,M-tcp-consolidated-returns,0
tcp-cr-12,mcq-practice,TCP,tcp-consolidated-returns,n,M-tcp-consolidated-returns,0
tcp-cr-13,mcq-practice,TCP,tcp-consolidated-returns,n,M-tcp-consolidated-returns,0
tcp-cr-14,mcq-practice,TCP,tcp-consolidated-returns,n,M-tcp-consolidated-returns,0
tcp-cr-15,mcq-practice,TCP,tcp-consolidated-returns,n,M-tcp-consolidated-returns,0
tcp-cr-16,mcq-practice,TCP,tcp-consolidated-returns,n,M-tcp-consolidated-returns,0
tcp-cr-17,mcq-practice,TCP,tcp-consolidated-returns,n,M-tcp-consolidated-returns,0
tcp-cr-18,mcq-practice,TCP,tcp-consolidated-returns,n,M-tcp-consolidated-returns,0
tcp-cr-19,mcq-practice,TCP,tcp-consolidated-returns,n,M-tcp-consolidated-returns,0
tcp-cr-20,mcq-practice,TCP,tcp-consolidated-returns,n,M-tcp-consolidated-returns,0
tcp-cr-21,mcq-practice,TCP,tcp-consolidated-returns,n,M-tcp-consolidated-returns,0
tcp-cr-22,mcq-practice,TCP,tcp-consolidated-returns,n,M-tcp-consolidated-returns,0
tcp-cr-23,mcq-practice,TCP,tcp-consolidated-returns,n,M-tcp-consolidated-returns,0
tcp-cr-24,mcq-practice,TCP,tcp-consolidated-returns,n,M-tcp-consolidated-returns,0
tcp-cr-25,mcq-practice,TCP,tcp-consolidated-returns,n,M-tcp-consolidated-returns,0
tcp-cr-26,mcq-practice,TCP,tcp-consolidated-returns,n,M-tcp-consolidated-returns,0
tcp-cr-27,mcq-practice,TCP,tcp-consolidated-returns,n,M-tcp-consolidated-returns,0
tcp-cr-28,mcq-practice,TCP,tcp-consolidated-returns,n,M-tcp-consolidated-returns,0
tcp-cr-29,mcq-practice,TCP,tcp-consolidated-returns,n,M-tcp-consolidated-returns,0
tcp-cr-30,mcq-practice,TCP,tcp-consolidated-returns,n,M-tcp-consolidated-returns,0
tcp-cr-31,mcq-practice,TCP,tcp-consolidated-returns,n,M-tcp-consolidated-returns,0
tcp-cr-32,mcq-practice,TCP,tcp-consolidated-returns,n,M-tcp-consolidated-returns,0
tcp-cr-33,mcq-practice,TCP,tcp-consolidated-returns,n,M-tcp-consolidated-returns,0
tcp-cr-34,mcq-practice,TCP,tcp-consolidated-returns,n,M-tcp-consolidated-returns,0
tcp-cr-35,mcq-practice,TCP,tcp-consolidated-returns,n,M-tcp-consolidated-returns,0
tcp-cr-36,mcq-practice,TCP,tcp-consolidated-returns,n,M-tcp-consolidated-returns,0
tcp-cr-37,mcq-practice,TCP,tcp-consolidated-returns,n,M-tcp-consolidated-returns,0
tcp-cr-38,mcq-practice,TCP,tcp-consolidated-returns,n,M-tcp-consolidated-returns,0
tcp-cr-39,mcq-practice,TCP,tcp-consolidated-returns,n,M-tcp-consolidated-returns,0
tcp-cr-40,mcq-practice,TCP,tcp-consolidated-returns,n,M-tcp-consolidated-returns,0
tcp-cr-41,mcq-practice,TCP,tcp-consolidated-returns,n,M-tcp-consolidated-returns,0
tcp-cr-42,mcq-practice,TCP,tcp-consolidated-returns,n,M-tcp-consolidated-returns,0
tcp-cr-43,mcq-practice,TCP,tcp-consolidated-returns,n,M-tcp-consolidated-returns,0
tcp-cr-44,mcq-practice,TCP,tcp-consolidated-returns,n,M-tcp-consolidated-returns,0
tcp-x2-04,mcq-exam,TCP,tcp-consolidated-returns,n,M-tcp-consolidated-returns,0
tcp-x2-05,mcq-exam,TCP,tcp-consolidated-returns,n,M-tcp-consolidated-returns,0
tcp-x2-27,mcq-exam,TCP,tcp-consolidated-returns,n,M-tcp-consolidated-returns,0
tcp-x2-28,mcq-exam,TCP,tcp-consolidated-returns,n,M-tcp-consolidated-returns,0
tcp-x2-37,mcq-exam,TCP,tcp-consolidated-returns,n,M-tcp-consolidated-returns,0
tcp-cr-f1,flashcard,TCP,tcp-consolidated-returns,n,M-tcp-consolidated-returns,0
tcp-cr-f2,flashcard,TCP,tcp-consolidated-returns,n,M-tcp-consolidated-returns,0
tcp-cr-f3,flashcard,TCP,tcp-consolidated-returns,n,M-tcp-consolidated-returns,0
tcp-cr-f4,flashcard,TCP,tcp-consolidated-returns,n,M-tcp-consolidated-returns,0
tcp-cr-f5,flashcard,TCP,tcp-consolidated-returns,n,M-tcp-consolidated-returns,0
tcp-cr-f6,flashcard,TCP,tcp-consolidated-returns,n,M-tcp-consolidated-returns,0
tcp-tbs-r3-consolidated,tbs-practice,TCP,tcp-consolidated-returns,n,M-tcp-consolidated-returns,0
tcp-deferral-transactions,lesson,TCP,tcp-deferral-transactions,n,M-tcp-deferral-transactions,0
tcp-dt-pre1,mcq-lesson,TCP,tcp-deferral-transactions,n,M-tcp-deferral-transactions,0
tcp-dt-chk1,mcq-lesson,TCP,tcp-deferral-transactions,n,M-tcp-deferral-transactions,0
tcp-dt-chk2,mcq-lesson,TCP,tcp-deferral-transactions,n,M-tcp-deferral-transactions,0
tcp-dt-01,mcq-practice,TCP,tcp-deferral-transactions,n,M-tcp-deferral-transactions,0
tcp-dt-02,mcq-practice,TCP,tcp-deferral-transactions,n,M-tcp-deferral-transactions,0
tcp-dt-03,mcq-practice,TCP,tcp-deferral-transactions,n,M-tcp-deferral-transactions,0
tcp-dt-04,mcq-practice,TCP,tcp-deferral-transactions,n,M-tcp-deferral-transactions,0
tcp-dt-05,mcq-practice,TCP,tcp-deferral-transactions,n,M-tcp-deferral-transactions,0
tcp-dt-06,mcq-practice,TCP,tcp-deferral-transactions,n,M-tcp-deferral-transactions,0
tcp-dt-07,mcq-practice,TCP,tcp-deferral-transactions,n,M-tcp-deferral-transactions,0
tcp-dt-08,mcq-practice,TCP,tcp-deferral-transactions,n,M-tcp-deferral-transactions,0
tcp-dt-09,mcq-practice,TCP,tcp-deferral-transactions,n,M-tcp-deferral-transactions,0
tcp-dt-10,mcq-practice,TCP,tcp-deferral-transactions,n,M-tcp-deferral-transactions,0
tcp-dt-11,mcq-practice,TCP,tcp-deferral-transactions,n,M-tcp-deferral-transactions,0
tcp-dt-12,mcq-practice,TCP,tcp-deferral-transactions,n,M-tcp-deferral-transactions,0
tcp-dt-13,mcq-practice,TCP,tcp-deferral-transactions,n,M-tcp-deferral-transactions,0
tcp-dt-14,mcq-practice,TCP,tcp-deferral-transactions,n,M-tcp-deferral-transactions,0
tcp-dt-15,mcq-practice,TCP,tcp-deferral-transactions,n,M-tcp-deferral-transactions,0
tcp-dt-16,mcq-practice,TCP,tcp-deferral-transactions,n,M-tcp-deferral-transactions,0
tcp-dt-17,mcq-practice,TCP,tcp-deferral-transactions,n,M-tcp-deferral-transactions,0
tcp-dt-18,mcq-practice,TCP,tcp-deferral-transactions,n,M-tcp-deferral-transactions,0
tcp-dt-19,mcq-practice,TCP,tcp-deferral-transactions,n,M-tcp-deferral-transactions,0
tcp-dt-20,mcq-practice,TCP,tcp-deferral-transactions,n,M-tcp-deferral-transactions,0
tcp-dt-21,mcq-practice,TCP,tcp-deferral-transactions,n,M-tcp-deferral-transactions,0
tcp-dt-22,mcq-practice,TCP,tcp-deferral-transactions,n,M-tcp-deferral-transactions,0
tcp-dt-23,mcq-practice,TCP,tcp-deferral-transactions,n,M-tcp-deferral-transactions,0
tcp-dt-24,mcq-practice,TCP,tcp-deferral-transactions,n,M-tcp-deferral-transactions,0
tcp-dt-25,mcq-practice,TCP,tcp-deferral-transactions,n,M-tcp-deferral-transactions,0
tcp-dt-26,mcq-practice,TCP,tcp-deferral-transactions,n,M-tcp-deferral-transactions,0
tcp-dt-27,mcq-practice,TCP,tcp-deferral-transactions,n,M-tcp-deferral-transactions,0
tcp-dt-28,mcq-practice,TCP,tcp-deferral-transactions,n,M-tcp-deferral-transactions,0
tcp-dt-29,mcq-practice,TCP,tcp-deferral-transactions,n,M-tcp-deferral-transactions,0
tcp-dt-30,mcq-practice,TCP,tcp-deferral-transactions,n,M-tcp-deferral-transactions,0
tcp-dt-31,mcq-practice,TCP,tcp-deferral-transactions,n,M-tcp-deferral-transactions,0
tcp-dt-32,mcq-practice,TCP,tcp-deferral-transactions,n,M-tcp-deferral-transactions,0
tcp-dt-33,mcq-practice,TCP,tcp-deferral-transactions,n,M-tcp-deferral-transactions,0
tcp-dt-34,mcq-practice,TCP,tcp-deferral-transactions,n,M-tcp-deferral-transactions,0
tcp-dt-35,mcq-practice,TCP,tcp-deferral-transactions,n,M-tcp-deferral-transactions,0
tcp-dt-36,mcq-practice,TCP,tcp-deferral-transactions,n,M-tcp-deferral-transactions,0
tcp-dt-37,mcq-practice,TCP,tcp-deferral-transactions,n,M-tcp-deferral-transactions,0
tcp-dt-38,mcq-practice,TCP,tcp-deferral-transactions,n,M-tcp-deferral-transactions,0
tcp-dt-39,mcq-practice,TCP,tcp-deferral-transactions,n,M-tcp-deferral-transactions,0
tcp-dt-40,mcq-practice,TCP,tcp-deferral-transactions,n,M-tcp-deferral-transactions,0
tcp-dt-41,mcq-practice,TCP,tcp-deferral-transactions,n,M-tcp-deferral-transactions,0
tcp-dt-42,mcq-practice,TCP,tcp-deferral-transactions,n,M-tcp-deferral-transactions,0
tcp-dt-43,mcq-practice,TCP,tcp-deferral-transactions,n,M-tcp-deferral-transactions,0
tcp-dt-44,mcq-practice,TCP,tcp-deferral-transactions,n,M-tcp-deferral-transactions,0
tcp-dt-45,mcq-practice,TCP,tcp-deferral-transactions,n,M-tcp-deferral-transactions,0
tcp-dt-46,mcq-practice,TCP,tcp-deferral-transactions,n,M-tcp-deferral-transactions,0
tcp-x4-04,mcq-exam,TCP,tcp-deferral-transactions,n,M-tcp-deferral-transactions,0
tcp-x4-05,mcq-exam,TCP,tcp-deferral-transactions,n,M-tcp-deferral-transactions,0
tcp-x4-06,mcq-exam,TCP,tcp-deferral-transactions,n,M-tcp-deferral-transactions,0
tcp-x4-07,mcq-exam,TCP,tcp-deferral-transactions,n,M-tcp-deferral-transactions,0
reg-x3-06,mcq-exam,TCP,tcp-deferral-transactions,n,M-tcp-deferral-transactions,0
reg-x3-07,mcq-exam,TCP,tcp-deferral-transactions,n,M-tcp-deferral-transactions,0
tcp-x4-13,mcq-exam,TCP,tcp-deferral-transactions,n,M-tcp-deferral-transactions,0
tcp-x4-14,mcq-exam,TCP,tcp-deferral-transactions,n,M-tcp-deferral-transactions,0
tcp-x4-17,mcq-exam,TCP,tcp-deferral-transactions,n,M-tcp-deferral-transactions,0
tcp-x4-18,mcq-exam,TCP,tcp-deferral-transactions,n,M-tcp-deferral-transactions,0
tcp-x4-19,mcq-exam,TCP,tcp-deferral-transactions,n,M-tcp-deferral-transactions,0
tcp-dt-f1,flashcard,TCP,tcp-deferral-transactions,n,M-tcp-deferral-transactions,0
tcp-dt-f2,flashcard,TCP,tcp-deferral-transactions,n,M-tcp-deferral-transactions,0
tcp-dt-f3,flashcard,TCP,tcp-deferral-transactions,n,M-tcp-deferral-transactions,0
tcp-dt-f4,flashcard,TCP,tcp-deferral-transactions,n,M-tcp-deferral-transactions,0
tcp-dt-f5,flashcard,TCP,tcp-deferral-transactions,n,M-tcp-deferral-transactions,0
tcp-dt-f6,flashcard,TCP,tcp-deferral-transactions,n,M-tcp-deferral-transactions,0
tcp-dt-f7,flashcard,TCP,tcp-deferral-transactions,n,M-tcp-deferral-transactions,0
reg-tbs-u3-exchanges,tbs-practice,TCP,tcp-deferral-transactions,n,M-tcp-deferral-transactions,0
tcp-tbs-r3-installment,tbs-practice,TCP,tcp-deferral-transactions,n,M-tcp-deferral-transactions,0
tcp-tbs-r3-involuntary,tbs-practice,TCP,tcp-deferral-transactions,n,M-tcp-deferral-transactions,0
tcp-tbs-r3-like-kind,tbs-practice,TCP,tcp-deferral-transactions,n,M-tcp-deferral-transactions,0
tcp-tbs-u7-exchange-installment,tbs-practice,TCP,tcp-deferral-transactions,n,M-tcp-deferral-transactions,0
tcp-entity-choice,lesson,TCP,tcp-entity-choice,n,M-tcp-entity-choice,0
tcp-ec-pre1,mcq-lesson,TCP,tcp-entity-choice,n,M-tcp-entity-choice,0
tcp-ec-chk1,mcq-lesson,TCP,tcp-entity-choice,n,M-tcp-entity-choice,0
tcp-ec-chk2,mcq-lesson,TCP,tcp-entity-choice,n,M-tcp-entity-choice,0
tcp-ec-01,mcq-practice,TCP,tcp-entity-choice,n,M-tcp-entity-choice,0
tcp-ec-02,mcq-practice,TCP,tcp-entity-choice,n,M-tcp-entity-choice,0
tcp-ec-03,mcq-practice,TCP,tcp-entity-choice,n,M-tcp-entity-choice,0
tcp-ec-04,mcq-practice,TCP,tcp-entity-choice,n,M-tcp-entity-choice,0
tcp-ec-05,mcq-practice,TCP,tcp-entity-choice,n,M-tcp-entity-choice,0
tcp-ec-06,mcq-practice,TCP,tcp-entity-choice,n,M-tcp-entity-choice,0
tcp-ec-07,mcq-practice,TCP,tcp-entity-choice,n,M-tcp-entity-choice,0
tcp-ec-08,mcq-practice,TCP,tcp-entity-choice,n,M-tcp-entity-choice,0
tcp-ec-09,mcq-practice,TCP,tcp-entity-choice,n,M-tcp-entity-choice,0
tcp-ec-10,mcq-practice,TCP,tcp-entity-choice,n,M-tcp-entity-choice,0
tcp-ec-11,mcq-practice,TCP,tcp-entity-choice,n,M-tcp-entity-choice,0
tcp-ec-12,mcq-practice,TCP,tcp-entity-choice,n,M-tcp-entity-choice,0
tcp-ec-13,mcq-practice,TCP,tcp-entity-choice,n,M-tcp-entity-choice,0
tcp-ec-14,mcq-practice,TCP,tcp-entity-choice,n,M-tcp-entity-choice,0
tcp-ec-15,mcq-practice,TCP,tcp-entity-choice,n,M-tcp-entity-choice,0
tcp-ec-16,mcq-practice,TCP,tcp-entity-choice,n,M-tcp-entity-choice,0
tcp-ec-17,mcq-practice,TCP,tcp-entity-choice,n,M-tcp-entity-choice,0
tcp-ec-18,mcq-practice,TCP,tcp-entity-choice,n,M-tcp-entity-choice,0
tcp-ec-19,mcq-practice,TCP,tcp-entity-choice,n,M-tcp-entity-choice,0
tcp-ec-20,mcq-practice,TCP,tcp-entity-choice,n,M-tcp-entity-choice,0
tcp-ec-21,mcq-practice,TCP,tcp-entity-choice,n,M-tcp-entity-choice,0
tcp-ec-22,mcq-practice,TCP,tcp-entity-choice,n,M-tcp-entity-choice,0
tcp-ec-23,mcq-practice,TCP,tcp-entity-choice,n,M-tcp-entity-choice,0
tcp-ec-24,mcq-practice,TCP,tcp-entity-choice,n,M-tcp-entity-choice,0
tcp-ec-25,mcq-practice,TCP,tcp-entity-choice,n,M-tcp-entity-choice,0
tcp-ec-26,mcq-practice,TCP,tcp-entity-choice,n,M-tcp-entity-choice,0
tcp-ec-27,mcq-practice,TCP,tcp-entity-choice,n,M-tcp-entity-choice,0
tcp-ec-28,mcq-practice,TCP,tcp-entity-choice,n,M-tcp-entity-choice,0
tcp-ec-29,mcq-practice,TCP,tcp-entity-choice,n,M-tcp-entity-choice,0
tcp-ec-30,mcq-practice,TCP,tcp-entity-choice,n,M-tcp-entity-choice,0
tcp-ec-31,mcq-practice,TCP,tcp-entity-choice,n,M-tcp-entity-choice,0
tcp-ec-32,mcq-practice,TCP,tcp-entity-choice,n,M-tcp-entity-choice,0
tcp-ec-33,mcq-practice,TCP,tcp-entity-choice,n,M-tcp-entity-choice,0
tcp-ec-34,mcq-practice,TCP,tcp-entity-choice,n,M-tcp-entity-choice,0
tcp-ec-35,mcq-practice,TCP,tcp-entity-choice,n,M-tcp-entity-choice,0
tcp-ec-36,mcq-practice,TCP,tcp-entity-choice,n,M-tcp-entity-choice,0
tcp-ec-37,mcq-practice,TCP,tcp-entity-choice,n,M-tcp-entity-choice,0
tcp-ec-38,mcq-practice,TCP,tcp-entity-choice,n,M-tcp-entity-choice,0
tcp-ec-39,mcq-practice,TCP,tcp-entity-choice,n,M-tcp-entity-choice,0
tcp-ec-40,mcq-practice,TCP,tcp-entity-choice,n,M-tcp-entity-choice,0
tcp-ec-41,mcq-practice,TCP,tcp-entity-choice,n,M-tcp-entity-choice,0
tcp-ec-42,mcq-practice,TCP,tcp-entity-choice,n,M-tcp-entity-choice,0
tcp-ec-43,mcq-practice,TCP,tcp-entity-choice,n,M-tcp-entity-choice,0
tcp-ec-44,mcq-practice,TCP,tcp-entity-choice,n,M-tcp-entity-choice,0
tcp-ec-45,mcq-practice,TCP,tcp-entity-choice,n,M-tcp-entity-choice,0
tcp-x3-01,mcq-exam,TCP,tcp-entity-choice,n,M-tcp-entity-choice,0
tcp-x3-02,mcq-exam,TCP,tcp-entity-choice,n,M-tcp-entity-choice,0
tcp-x3-03,mcq-exam,TCP,tcp-entity-choice,n,M-tcp-entity-choice,0
tcp-x3-11,mcq-exam,TCP,tcp-entity-choice,n,M-tcp-entity-choice,0
tcp-x3-12,mcq-exam,TCP,tcp-entity-choice,n,M-tcp-entity-choice,0
tcp-x3-16,mcq-exam,TCP,tcp-entity-choice,n,M-tcp-entity-choice,0
tcp-ec-f1,flashcard,TCP,tcp-entity-choice,n,M-tcp-entity-choice,0
tcp-ec-f2,flashcard,TCP,tcp-entity-choice,n,M-tcp-entity-choice,0
tcp-ec-f3,flashcard,TCP,tcp-entity-choice,n,M-tcp-entity-choice,0
tcp-ec-f4,flashcard,TCP,tcp-entity-choice,n,M-tcp-entity-choice,0
tcp-ec-f5,flashcard,TCP,tcp-entity-choice,n,M-tcp-entity-choice,0
tcp-ec-f6,flashcard,TCP,tcp-entity-choice,n,M-tcp-entity-choice,0
tcp-ec-f7,flashcard,TCP,tcp-entity-choice,n,M-tcp-entity-choice,0
tcp-tbs-r3-entity-tax,tbs-practice,TCP,tcp-entity-choice,n,M-tcp-entity-choice,0
tcp-tbs-u6-entity-choice,tbs-practice,TCP,tcp-entity-choice,n,M-tcp-entity-choice,0
tcp-tbs-u6-liquidation-compare,tbs-practice,TCP,tcp-entity-choice,n,M-tcp-entity-choice,0
tcp-exempt-organizations,lesson,TCP,tcp-exempt-organizations,n,M-tcp-exempt-organizations,0
tcp-eo-pre1,mcq-lesson,TCP,tcp-exempt-organizations,n,M-tcp-exempt-organizations,0
tcp-eo-chk1,mcq-lesson,TCP,tcp-exempt-organizations,n,M-tcp-exempt-organizations,0
tcp-eo-chk2,mcq-lesson,TCP,tcp-exempt-organizations,n,M-tcp-exempt-organizations,0
tcp-eo-01,mcq-practice,TCP,tcp-exempt-organizations,n,M-tcp-exempt-organizations,0
tcp-eo-02,mcq-practice,TCP,tcp-exempt-organizations,n,M-tcp-exempt-organizations,0
tcp-eo-03,mcq-practice,TCP,tcp-exempt-organizations,n,M-tcp-exempt-organizations,0
tcp-eo-04,mcq-practice,TCP,tcp-exempt-organizations,n,M-tcp-exempt-organizations,0
tcp-eo-05,mcq-practice,TCP,tcp-exempt-organizations,n,M-tcp-exempt-organizations,0
tcp-eo-06,mcq-practice,TCP,tcp-exempt-organizations,n,M-tcp-exempt-organizations,0
tcp-eo-07,mcq-practice,TCP,tcp-exempt-organizations,n,M-tcp-exempt-organizations,0
tcp-eo-08,mcq-practice,TCP,tcp-exempt-organizations,n,M-tcp-exempt-organizations,0
tcp-eo-09,mcq-practice,TCP,tcp-exempt-organizations,n,M-tcp-exempt-organizations,0
tcp-eo-10,mcq-practice,TCP,tcp-exempt-organizations,n,M-tcp-exempt-organizations,0
tcp-eo-11,mcq-practice,TCP,tcp-exempt-organizations,n,M-tcp-exempt-organizations,0
tcp-eo-12,mcq-practice,TCP,tcp-exempt-organizations,n,M-tcp-exempt-organizations,0
tcp-eo-13,mcq-practice,TCP,tcp-exempt-organizations,n,M-tcp-exempt-organizations,0
tcp-eo-14,mcq-practice,TCP,tcp-exempt-organizations,n,M-tcp-exempt-organizations,0
tcp-eo-15,mcq-practice,TCP,tcp-exempt-organizations,n,M-tcp-exempt-organizations,0
tcp-eo-16,mcq-practice,TCP,tcp-exempt-organizations,n,M-tcp-exempt-organizations,0
tcp-eo-17,mcq-practice,TCP,tcp-exempt-organizations,n,M-tcp-exempt-organizations,0
tcp-eo-18,mcq-practice,TCP,tcp-exempt-organizations,n,M-tcp-exempt-organizations,0
tcp-eo-19,mcq-practice,TCP,tcp-exempt-organizations,n,M-tcp-exempt-organizations,0
tcp-eo-20,mcq-practice,TCP,tcp-exempt-organizations,n,M-tcp-exempt-organizations,0
tcp-eo-21,mcq-practice,TCP,tcp-exempt-organizations,n,M-tcp-exempt-organizations,0
tcp-eo-22,mcq-practice,TCP,tcp-exempt-organizations,n,M-tcp-exempt-organizations,0
tcp-eo-23,mcq-practice,TCP,tcp-exempt-organizations,n,M-tcp-exempt-organizations,0
tcp-eo-24,mcq-practice,TCP,tcp-exempt-organizations,n,M-tcp-exempt-organizations,0
tcp-eo-25,mcq-practice,TCP,tcp-exempt-organizations,n,M-tcp-exempt-organizations,0
tcp-eo-26,mcq-practice,TCP,tcp-exempt-organizations,n,M-tcp-exempt-organizations,0
tcp-eo-27,mcq-practice,TCP,tcp-exempt-organizations,n,M-tcp-exempt-organizations,0
tcp-eo-28,mcq-practice,TCP,tcp-exempt-organizations,n,M-tcp-exempt-organizations,0
tcp-eo-29,mcq-practice,TCP,tcp-exempt-organizations,n,M-tcp-exempt-organizations,0
tcp-eo-30,mcq-practice,TCP,tcp-exempt-organizations,n,M-tcp-exempt-organizations,0
tcp-eo-31,mcq-practice,TCP,tcp-exempt-organizations,n,M-tcp-exempt-organizations,0
tcp-eo-32,mcq-practice,TCP,tcp-exempt-organizations,n,M-tcp-exempt-organizations,0
tcp-eo-33,mcq-practice,TCP,tcp-exempt-organizations,n,M-tcp-exempt-organizations,0
tcp-eo-34,mcq-practice,TCP,tcp-exempt-organizations,n,M-tcp-exempt-organizations,0
tcp-eo-35,mcq-practice,TCP,tcp-exempt-organizations,n,M-tcp-exempt-organizations,0
tcp-eo-36,mcq-practice,TCP,tcp-exempt-organizations,n,M-tcp-exempt-organizations,0
tcp-eo-37,mcq-practice,TCP,tcp-exempt-organizations,n,M-tcp-exempt-organizations,0
tcp-eo-38,mcq-practice,TCP,tcp-exempt-organizations,n,M-tcp-exempt-organizations,0
tcp-eo-39,mcq-practice,TCP,tcp-exempt-organizations,n,M-tcp-exempt-organizations,0
tcp-eo-40,mcq-practice,TCP,tcp-exempt-organizations,n,M-tcp-exempt-organizations,0
tcp-eo-41,mcq-practice,TCP,tcp-exempt-organizations,n,M-tcp-exempt-organizations,0
tcp-eo-42,mcq-practice,TCP,tcp-exempt-organizations,n,M-tcp-exempt-organizations,0
tcp-eo-43,mcq-practice,TCP,tcp-exempt-organizations,n,M-tcp-exempt-organizations,0
tcp-eo-44,mcq-practice,TCP,tcp-exempt-organizations,n,M-tcp-exempt-organizations,0
tcp-eo-45,mcq-practice,TCP,tcp-exempt-organizations,n,M-tcp-exempt-organizations,0
tcp-eo-46,mcq-practice,TCP,tcp-exempt-organizations,n,M-tcp-exempt-organizations,0
tcp-eo-47,mcq-practice,TCP,tcp-exempt-organizations,n,M-tcp-exempt-organizations,0
tcp-x2-21,mcq-exam,TCP,tcp-exempt-organizations,n,M-tcp-exempt-organizations,0
tcp-x2-22,mcq-exam,TCP,tcp-exempt-organizations,n,M-tcp-exempt-organizations,0
reg-x5-20,mcq-exam,TCP,tcp-exempt-organizations,n,M-tcp-exempt-organizations,0
tcp-x2-44,mcq-exam,TCP,tcp-exempt-organizations,n,M-tcp-exempt-organizations,0
tcp-eo-f1,flashcard,TCP,tcp-exempt-organizations,n,M-tcp-exempt-organizations,0
tcp-eo-f2,flashcard,TCP,tcp-exempt-organizations,n,M-tcp-exempt-organizations,0
tcp-eo-f3,flashcard,TCP,tcp-exempt-organizations,n,M-tcp-exempt-organizations,0
tcp-eo-f4,flashcard,TCP,tcp-exempt-organizations,n,M-tcp-exempt-organizations,0
tcp-eo-f5,flashcard,TCP,tcp-exempt-organizations,n,M-tcp-exempt-organizations,0
tcp-eo-f6,flashcard,TCP,tcp-exempt-organizations,n,M-tcp-exempt-organizations,0
tcp-eo-f7,flashcard,TCP,tcp-exempt-organizations,n,M-tcp-exempt-organizations,0
tcp-tbs-r3-ubti,tbs-practice,TCP,tcp-exempt-organizations,n,M-tcp-exempt-organizations,0
tcp-tbs-x2-ubti,tbs-exam,TCP,tcp-exempt-organizations,n,M-tcp-exempt-organizations,0
tcp-formation-liquidation,lesson,TCP,tcp-formation-liquidation,n,M-tcp-formation-liquidation,0
tcp-fl-pre1,mcq-lesson,TCP,tcp-formation-liquidation,n,M-tcp-formation-liquidation,0
tcp-fl-chk1,mcq-lesson,TCP,tcp-formation-liquidation,n,M-tcp-formation-liquidation,0
tcp-fl-chk2,mcq-lesson,TCP,tcp-formation-liquidation,n,M-tcp-formation-liquidation,0
tcp-fl-01,mcq-practice,TCP,tcp-formation-liquidation,n,M-tcp-formation-liquidation,0
tcp-fl-02,mcq-practice,TCP,tcp-formation-liquidation,n,M-tcp-formation-liquidation,0
tcp-fl-03,mcq-practice,TCP,tcp-formation-liquidation,n,M-tcp-formation-liquidation,0
tcp-fl-04,mcq-practice,TCP,tcp-formation-liquidation,n,M-tcp-formation-liquidation,0
tcp-fl-05,mcq-practice,TCP,tcp-formation-liquidation,n,M-tcp-formation-liquidation,0
tcp-fl-06,mcq-practice,TCP,tcp-formation-liquidation,n,M-tcp-formation-liquidation,0
tcp-fl-07,mcq-practice,TCP,tcp-formation-liquidation,n,M-tcp-formation-liquidation,0
tcp-fl-08,mcq-practice,TCP,tcp-formation-liquidation,n,M-tcp-formation-liquidation,0
tcp-fl-09,mcq-practice,TCP,tcp-formation-liquidation,n,M-tcp-formation-liquidation,0
tcp-fl-10,mcq-practice,TCP,tcp-formation-liquidation,n,M-tcp-formation-liquidation,0
tcp-fl-11,mcq-practice,TCP,tcp-formation-liquidation,n,M-tcp-formation-liquidation,0
tcp-fl-12,mcq-practice,TCP,tcp-formation-liquidation,n,M-tcp-formation-liquidation,0
tcp-fl-13,mcq-practice,TCP,tcp-formation-liquidation,n,M-tcp-formation-liquidation,0
tcp-fl-14,mcq-practice,TCP,tcp-formation-liquidation,n,M-tcp-formation-liquidation,0
tcp-fl-15,mcq-practice,TCP,tcp-formation-liquidation,n,M-tcp-formation-liquidation,0
tcp-fl-16,mcq-practice,TCP,tcp-formation-liquidation,n,M-tcp-formation-liquidation,0
tcp-fl-17,mcq-practice,TCP,tcp-formation-liquidation,n,M-tcp-formation-liquidation,0
tcp-fl-18,mcq-practice,TCP,tcp-formation-liquidation,n,M-tcp-formation-liquidation,0
tcp-fl-19,mcq-practice,TCP,tcp-formation-liquidation,n,M-tcp-formation-liquidation,0
tcp-fl-20,mcq-practice,TCP,tcp-formation-liquidation,n,M-tcp-formation-liquidation,0
tcp-fl-21,mcq-practice,TCP,tcp-formation-liquidation,n,M-tcp-formation-liquidation,0
tcp-fl-22,mcq-practice,TCP,tcp-formation-liquidation,n,M-tcp-formation-liquidation,0
tcp-fl-23,mcq-practice,TCP,tcp-formation-liquidation,n,M-tcp-formation-liquidation,0
tcp-fl-24,mcq-practice,TCP,tcp-formation-liquidation,n,M-tcp-formation-liquidation,0
tcp-fl-25,mcq-practice,TCP,tcp-formation-liquidation,n,M-tcp-formation-liquidation,0
tcp-fl-26,mcq-practice,TCP,tcp-formation-liquidation,n,M-tcp-formation-liquidation,0
tcp-fl-27,mcq-practice,TCP,tcp-formation-liquidation,n,M-tcp-formation-liquidation,0
tcp-fl-28,mcq-practice,TCP,tcp-formation-liquidation,n,M-tcp-formation-liquidation,0
tcp-fl-29,mcq-practice,TCP,tcp-formation-liquidation,n,M-tcp-formation-liquidation,0
tcp-fl-30,mcq-practice,TCP,tcp-formation-liquidation,n,M-tcp-formation-liquidation,0
tcp-fl-31,mcq-practice,TCP,tcp-formation-liquidation,n,M-tcp-formation-liquidation,0
tcp-fl-32,mcq-practice,TCP,tcp-formation-liquidation,n,M-tcp-formation-liquidation,0
tcp-fl-33,mcq-practice,TCP,tcp-formation-liquidation,n,M-tcp-formation-liquidation,0
tcp-fl-34,mcq-practice,TCP,tcp-formation-liquidation,n,M-tcp-formation-liquidation,0
tcp-fl-35,mcq-practice,TCP,tcp-formation-liquidation,n,M-tcp-formation-liquidation,0
tcp-fl-36,mcq-practice,TCP,tcp-formation-liquidation,n,M-tcp-formation-liquidation,0
tcp-fl-37,mcq-practice,TCP,tcp-formation-liquidation,n,M-tcp-formation-liquidation,0
tcp-fl-38,mcq-practice,TCP,tcp-formation-liquidation,n,M-tcp-formation-liquidation,0
tcp-fl-39,mcq-practice,TCP,tcp-formation-liquidation,n,M-tcp-formation-liquidation,0
tcp-fl-40,mcq-practice,TCP,tcp-formation-liquidation,n,M-tcp-formation-liquidation,0
tcp-fl-41,mcq-practice,TCP,tcp-formation-liquidation,n,M-tcp-formation-liquidation,0
tcp-fl-42,mcq-practice,TCP,tcp-formation-liquidation,n,M-tcp-formation-liquidation,0
tcp-fl-43,mcq-practice,TCP,tcp-formation-liquidation,n,M-tcp-formation-liquidation,0
tcp-fl-44,mcq-practice,TCP,tcp-formation-liquidation,n,M-tcp-formation-liquidation,0
tcp-fl-45,mcq-practice,TCP,tcp-formation-liquidation,n,M-tcp-formation-liquidation,0
tcp-x3-04,mcq-exam,TCP,tcp-formation-liquidation,n,M-tcp-formation-liquidation,0
tcp-x3-05,mcq-exam,TCP,tcp-formation-liquidation,n,M-tcp-formation-liquidation,0
tcp-x3-06,mcq-exam,TCP,tcp-formation-liquidation,n,M-tcp-formation-liquidation,0
tcp-x3-07,mcq-exam,TCP,tcp-formation-liquidation,n,M-tcp-formation-liquidation,0
reg-x5-06,mcq-exam,TCP,tcp-formation-liquidation,n,M-tcp-formation-liquidation,0
reg-x5-07,mcq-exam,TCP,tcp-formation-liquidation,n,M-tcp-formation-liquidation,0
reg-x5-08,mcq-exam,TCP,tcp-formation-liquidation,n,M-tcp-formation-liquidation,0
reg-x5-09,mcq-exam,TCP,tcp-formation-liquidation,n,M-tcp-formation-liquidation,0
reg-x5-10,mcq-exam,TCP,tcp-formation-liquidation,n,M-tcp-formation-liquidation,0
reg-x5-11,mcq-exam,TCP,tcp-formation-liquidation,n,M-tcp-formation-liquidation,0
tcp-x3-13,mcq-exam,TCP,tcp-formation-liquidation,n,M-tcp-formation-liquidation,0
tcp-x3-14,mcq-exam,TCP,tcp-formation-liquidation,n,M-tcp-formation-liquidation,0
tcp-x3-17,mcq-exam,TCP,tcp-formation-liquidation,n,M-tcp-formation-liquidation,0
tcp-x3-18,mcq-exam,TCP,tcp-formation-liquidation,n,M-tcp-formation-liquidation,0
tcp-x3-19,mcq-exam,TCP,tcp-formation-liquidation,n,M-tcp-formation-liquidation,0
tcp-fl-f1,flashcard,TCP,tcp-formation-liquidation,n,M-tcp-formation-liquidation,0
tcp-fl-f2,flashcard,TCP,tcp-formation-liquidation,n,M-tcp-formation-liquidation,0
tcp-fl-f3,flashcard,TCP,tcp-formation-liquidation,n,M-tcp-formation-liquidation,0
tcp-fl-f4,flashcard,TCP,tcp-formation-liquidation,n,M-tcp-formation-liquidation,0
tcp-fl-f5,flashcard,TCP,tcp-formation-liquidation,n,M-tcp-formation-liquidation,0
tcp-fl-f6,flashcard,TCP,tcp-formation-liquidation,n,M-tcp-formation-liquidation,0
tcp-fl-f7,flashcard,TCP,tcp-formation-liquidation,n,M-tcp-formation-liquidation,0
reg-tbs-u6-distributions-formation,tbs-practice,TCP,tcp-formation-liquidation,n,M-tcp-formation-liquidation,0
tcp-tbs-r3-liquidation,tbs-practice,TCP,tcp-formation-liquidation,n,M-tcp-formation-liquidation,0
tcp-tbs-r3-redemption,tbs-practice,TCP,tcp-formation-liquidation,n,M-tcp-formation-liquidation,0
tcp-tbs-x3-entity-planning,tbs-exam,TCP,tcp-formation-liquidation,n,M-tcp-formation-liquidation,0
tcp-tbs-x3-redemption,tbs-exam,TCP,tcp-formation-liquidation,n,M-tcp-formation-liquidation,0
tcp-gift-tax,lesson,TCP,tcp-gift-tax,n,M-tcp-gift-tax,0
tcp-gt-pre1,mcq-lesson,TCP,tcp-gift-tax,n,M-tcp-gift-tax,0
tcp-gt-chk1,mcq-lesson,TCP,tcp-gift-tax,n,M-tcp-gift-tax,0
tcp-gt-chk2,mcq-lesson,TCP,tcp-gift-tax,n,M-tcp-gift-tax,0
tcp-gt-01,mcq-practice,TCP,tcp-gift-tax,n,M-tcp-gift-tax,0
tcp-gt-02,mcq-practice,TCP,tcp-gift-tax,n,M-tcp-gift-tax,0
tcp-gt-03,mcq-practice,TCP,tcp-gift-tax,n,M-tcp-gift-tax,0
tcp-gt-04,mcq-practice,TCP,tcp-gift-tax,n,M-tcp-gift-tax,0
tcp-gt-05,mcq-practice,TCP,tcp-gift-tax,n,M-tcp-gift-tax,0
tcp-gt-06,mcq-practice,TCP,tcp-gift-tax,n,M-tcp-gift-tax,0
tcp-gt-07,mcq-practice,TCP,tcp-gift-tax,n,M-tcp-gift-tax,0
tcp-gt-08,mcq-practice,TCP,tcp-gift-tax,n,M-tcp-gift-tax,0
tcp-gt-09,mcq-practice,TCP,tcp-gift-tax,n,M-tcp-gift-tax,0
tcp-gt-10,mcq-practice,TCP,tcp-gift-tax,n,M-tcp-gift-tax,0
tcp-gt-11,mcq-practice,TCP,tcp-gift-tax,n,M-tcp-gift-tax,0
tcp-gt-12,mcq-practice,TCP,tcp-gift-tax,n,M-tcp-gift-tax,0
tcp-gt-13,mcq-practice,TCP,tcp-gift-tax,n,M-tcp-gift-tax,0
tcp-gt-14,mcq-practice,TCP,tcp-gift-tax,n,M-tcp-gift-tax,0
tcp-gt-15,mcq-practice,TCP,tcp-gift-tax,n,M-tcp-gift-tax,0
tcp-gt-16,mcq-practice,TCP,tcp-gift-tax,n,M-tcp-gift-tax,0
tcp-gt-17,mcq-practice,TCP,tcp-gift-tax,n,M-tcp-gift-tax,0
tcp-gt-18,mcq-practice,TCP,tcp-gift-tax,n,M-tcp-gift-tax,0
tcp-gt-19,mcq-practice,TCP,tcp-gift-tax,n,M-tcp-gift-tax,0
tcp-gt-20,mcq-practice,TCP,tcp-gift-tax,n,M-tcp-gift-tax,0
tcp-gt-21,mcq-practice,TCP,tcp-gift-tax,n,M-tcp-gift-tax,0
tcp-gt-22,mcq-practice,TCP,tcp-gift-tax,n,M-tcp-gift-tax,0
tcp-gt-23,mcq-practice,TCP,tcp-gift-tax,n,M-tcp-gift-tax,0
tcp-gt-24,mcq-practice,TCP,tcp-gift-tax,n,M-tcp-gift-tax,0
tcp-gt-25,mcq-practice,TCP,tcp-gift-tax,n,M-tcp-gift-tax,0
tcp-gt-26,mcq-practice,TCP,tcp-gift-tax,n,M-tcp-gift-tax,0
tcp-gt-27,mcq-practice,TCP,tcp-gift-tax,n,M-tcp-gift-tax,0
tcp-gt-28,mcq-practice,TCP,tcp-gift-tax,n,M-tcp-gift-tax,0
tcp-gt-29,mcq-practice,TCP,tcp-gift-tax,n,M-tcp-gift-tax,0
tcp-gt-30,mcq-practice,TCP,tcp-gift-tax,n,M-tcp-gift-tax,0
tcp-gt-31,mcq-practice,TCP,tcp-gift-tax,n,M-tcp-gift-tax,0
tcp-gt-32,mcq-practice,TCP,tcp-gift-tax,n,M-tcp-gift-tax,0
tcp-gt-33,mcq-practice,TCP,tcp-gift-tax,n,M-tcp-gift-tax,0
tcp-gt-34,mcq-practice,TCP,tcp-gift-tax,n,M-tcp-gift-tax,0
tcp-gt-35,mcq-practice,TCP,tcp-gift-tax,n,M-tcp-gift-tax,0
tcp-gt-36,mcq-practice,TCP,tcp-gift-tax,n,M-tcp-gift-tax,0
tcp-gt-37,mcq-practice,TCP,tcp-gift-tax,n,M-tcp-gift-tax,0
tcp-gt-38,mcq-practice,TCP,tcp-gift-tax,n,M-tcp-gift-tax,0
tcp-gt-39,mcq-practice,TCP,tcp-gift-tax,n,M-tcp-gift-tax,0
tcp-gt-40,mcq-practice,TCP,tcp-gift-tax,n,M-tcp-gift-tax,0
tcp-gt-41,mcq-practice,TCP,tcp-gift-tax,n,M-tcp-gift-tax,0
tcp-gt-42,mcq-practice,TCP,tcp-gift-tax,n,M-tcp-gift-tax,0
tcp-gt-43,mcq-practice,TCP,tcp-gift-tax,n,M-tcp-gift-tax,0
tcp-gt-44,mcq-practice,TCP,tcp-gift-tax,n,M-tcp-gift-tax,0
tcp-x1-13,mcq-exam,TCP,tcp-gift-tax,n,M-tcp-gift-tax,0
tcp-x1-14,mcq-exam,TCP,tcp-gift-tax,n,M-tcp-gift-tax,0
tcp-x1-15,mcq-exam,TCP,tcp-gift-tax,n,M-tcp-gift-tax,0
tcp-x1-16,mcq-exam,TCP,tcp-gift-tax,n,M-tcp-gift-tax,0
tcp-x1-24,mcq-exam,TCP,tcp-gift-tax,n,M-tcp-gift-tax,0
reg-x5-19,mcq-exam,TCP,tcp-gift-tax,n,M-tcp-gift-tax,0
tcp-x1-33,mcq-exam,TCP,tcp-gift-tax,n,M-tcp-gift-tax,0
tcp-x1-42,mcq-exam,TCP,tcp-gift-tax,n,M-tcp-gift-tax,0
tcp-x1-43,mcq-exam,TCP,tcp-gift-tax,n,M-tcp-gift-tax,0
tcp-gt-f1,flashcard,TCP,tcp-gift-tax,n,M-tcp-gift-tax,0
tcp-gt-f2,flashcard,TCP,tcp-gift-tax,n,M-tcp-gift-tax,0
tcp-gt-f3,flashcard,TCP,tcp-gift-tax,n,M-tcp-gift-tax,0
tcp-gt-f4,flashcard,TCP,tcp-gift-tax,n,M-tcp-gift-tax,0
tcp-gt-f5,flashcard,TCP,tcp-gift-tax,n,M-tcp-gift-tax,0
tcp-gt-f6,flashcard,TCP,tcp-gift-tax,n,M-tcp-gift-tax,0
tcp-gt-f7,flashcard,TCP,tcp-gift-tax,n,M-tcp-gift-tax,0
tcp-tbs-r3-gift-709,tbs-practice,TCP,tcp-gift-tax,n,M-tcp-gift-tax,0
tcp-tbs-r3-gift-basis,tbs-practice,TCP,tcp-gift-tax,n,M-tcp-gift-tax,0
tcp-tbs-u2-gift-709,tbs-practice,TCP,tcp-gift-tax,n,M-tcp-gift-tax,0
tcp-tbs-x1-gift-retirement,tbs-exam,TCP,tcp-gift-tax,n,M-tcp-gift-tax,0
tcp-individual-planning,lesson,TCP,tcp-individual-planning,n,M-tcp-individual-planning,0
tcp-ip-pre1,mcq-lesson,TCP,tcp-individual-planning,n,M-tcp-individual-planning,0
tcp-ip-chk1,mcq-lesson,TCP,tcp-individual-planning,n,M-tcp-individual-planning,0
tcp-ip-chk2,mcq-lesson,TCP,tcp-individual-planning,n,M-tcp-individual-planning,0
tcp-ip-01,mcq-practice,TCP,tcp-individual-planning,n,M-tcp-individual-planning,0
tcp-ip-02,mcq-practice,TCP,tcp-individual-planning,n,M-tcp-individual-planning,0
tcp-ip-03,mcq-practice,TCP,tcp-individual-planning,n,M-tcp-individual-planning,0
tcp-ip-04,mcq-practice,TCP,tcp-individual-planning,n,M-tcp-individual-planning,0
tcp-ip-05,mcq-practice,TCP,tcp-individual-planning,n,M-tcp-individual-planning,0
tcp-ip-06,mcq-practice,TCP,tcp-individual-planning,n,M-tcp-individual-planning,0
tcp-ip-07,mcq-practice,TCP,tcp-individual-planning,n,M-tcp-individual-planning,0
tcp-ip-08,mcq-practice,TCP,tcp-individual-planning,n,M-tcp-individual-planning,0
tcp-ip-09,mcq-practice,TCP,tcp-individual-planning,n,M-tcp-individual-planning,0
tcp-ip-10,mcq-practice,TCP,tcp-individual-planning,n,M-tcp-individual-planning,0
tcp-ip-11,mcq-practice,TCP,tcp-individual-planning,n,M-tcp-individual-planning,0
tcp-ip-12,mcq-practice,TCP,tcp-individual-planning,n,M-tcp-individual-planning,0
tcp-ip-13,mcq-practice,TCP,tcp-individual-planning,n,M-tcp-individual-planning,0
tcp-ip-14,mcq-practice,TCP,tcp-individual-planning,n,M-tcp-individual-planning,0
tcp-ip-15,mcq-practice,TCP,tcp-individual-planning,n,M-tcp-individual-planning,0
tcp-ip-16,mcq-practice,TCP,tcp-individual-planning,n,M-tcp-individual-planning,0
tcp-ip-17,mcq-practice,TCP,tcp-individual-planning,n,M-tcp-individual-planning,0
tcp-ip-18,mcq-practice,TCP,tcp-individual-planning,n,M-tcp-individual-planning,0
tcp-ip-19,mcq-practice,TCP,tcp-individual-planning,n,M-tcp-individual-planning,0
tcp-ip-20,mcq-practice,TCP,tcp-individual-planning,n,M-tcp-individual-planning,0
tcp-ip-21,mcq-practice,TCP,tcp-individual-planning,n,M-tcp-individual-planning,0
tcp-ip-22,mcq-practice,TCP,tcp-individual-planning,n,M-tcp-individual-planning,0
tcp-ip-23,mcq-practice,TCP,tcp-individual-planning,n,M-tcp-individual-planning,0
tcp-ip-24,mcq-practice,TCP,tcp-individual-planning,n,M-tcp-individual-planning,0
tcp-ip-25,mcq-practice,TCP,tcp-individual-planning,n,M-tcp-individual-planning,0
tcp-ip-26,mcq-practice,TCP,tcp-individual-planning,n,M-tcp-individual-planning,0
tcp-ip-27,mcq-practice,TCP,tcp-individual-planning,n,M-tcp-individual-planning,0
tcp-ip-28,mcq-practice,TCP,tcp-individual-planning,n,M-tcp-individual-planning,0
tcp-ip-29,mcq-practice,TCP,tcp-individual-planning,n,M-tcp-individual-planning,0
tcp-ip-30,mcq-practice,TCP,tcp-individual-planning,n,M-tcp-individual-planning,0
tcp-ip-31,mcq-practice,TCP,tcp-individual-planning,n,M-tcp-individual-planning,0
tcp-ip-32,mcq-practice,TCP,tcp-individual-planning,n,M-tcp-individual-planning,0
tcp-ip-33,mcq-practice,TCP,tcp-individual-planning,n,M-tcp-individual-planning,0
tcp-ip-34,mcq-practice,TCP,tcp-individual-planning,n,M-tcp-individual-planning,0
tcp-ip-35,mcq-practice,TCP,tcp-individual-planning,n,M-tcp-individual-planning,0
tcp-ip-36,mcq-practice,TCP,tcp-individual-planning,n,M-tcp-individual-planning,0
tcp-ip-37,mcq-practice,TCP,tcp-individual-planning,n,M-tcp-individual-planning,0
tcp-ip-38,mcq-practice,TCP,tcp-individual-planning,n,M-tcp-individual-planning,0
tcp-ip-39,mcq-practice,TCP,tcp-individual-planning,n,M-tcp-individual-planning,0
tcp-ip-40,mcq-practice,TCP,tcp-individual-planning,n,M-tcp-individual-planning,0
tcp-ip-41,mcq-practice,TCP,tcp-individual-planning,n,M-tcp-individual-planning,0
tcp-ip-42,mcq-practice,TCP,tcp-individual-planning,n,M-tcp-individual-planning,0
tcp-ip-43,mcq-practice,TCP,tcp-individual-planning,n,M-tcp-individual-planning,0
tcp-ip-44,mcq-practice,TCP,tcp-individual-planning,n,M-tcp-individual-planning,0
tcp-ip-45,mcq-practice,TCP,tcp-individual-planning,n,M-tcp-individual-planning,0
tcp-ip-46,mcq-practice,TCP,tcp-individual-planning,n,M-tcp-individual-planning,0
tcp-x1-01,mcq-exam,TCP,tcp-individual-planning,n,M-tcp-individual-planning,0
tcp-x1-02,mcq-exam,TCP,tcp-individual-planning,n,M-tcp-individual-planning,0
tcp-x1-03,mcq-exam,TCP,tcp-individual-planning,n,M-tcp-individual-planning,0
tcp-x1-04,mcq-exam,TCP,tcp-individual-planning,n,M-tcp-individual-planning,0
tcp-x1-05,mcq-exam,TCP,tcp-individual-planning,n,M-tcp-individual-planning,0
tcp-x1-22,mcq-exam,TCP,tcp-individual-planning,n,M-tcp-individual-planning,0
reg-x4-20,mcq-exam,TCP,tcp-individual-planning,n,M-tcp-individual-planning,0
tcp-x1-25,mcq-exam,TCP,tcp-individual-planning,n,M-tcp-individual-planning,0
tcp-x1-26,mcq-exam,TCP,tcp-individual-planning,n,M-tcp-individual-planning,0
tcp-x1-27,mcq-exam,TCP,tcp-individual-planning,n,M-tcp-individual-planning,0
tcp-x1-35,mcq-exam,TCP,tcp-individual-planning,n,M-tcp-individual-planning,0
tcp-x1-36,mcq-exam,TCP,tcp-individual-planning,n,M-tcp-individual-planning,0
tcp-x1-37,mcq-exam,TCP,tcp-individual-planning,n,M-tcp-individual-planning,0
tcp-ip-f1,flashcard,TCP,tcp-individual-planning,n,M-tcp-individual-planning,0
tcp-ip-f2,flashcard,TCP,tcp-individual-planning,n,M-tcp-individual-planning,0
tcp-ip-f3,flashcard,TCP,tcp-individual-planning,n,M-tcp-individual-planning,0
tcp-ip-f4,flashcard,TCP,tcp-individual-planning,n,M-tcp-individual-planning,0
tcp-ip-f5,flashcard,TCP,tcp-individual-planning,n,M-tcp-individual-planning,0
tcp-ip-f6,flashcard,TCP,tcp-individual-planning,n,M-tcp-individual-planning,0
tcp-ip-f7,flashcard,TCP,tcp-individual-planning,n,M-tcp-individual-planning,0
tcp-tbs-r3-planning,tbs-practice,TCP,tcp-individual-planning,n,M-tcp-individual-planning,0
tcp-tbs-u1-estimates-surtaxes,tbs-practice,TCP,tcp-individual-planning,n,M-tcp-individual-planning,0
tcp-tbs-x1-individual,tbs-exam,TCP,tcp-individual-planning,n,M-tcp-individual-planning,0
tcp-international,lesson,TCP,tcp-international,n,M-tcp-international,0
tcp-intl-pre1,mcq-lesson,TCP,tcp-international,n,M-tcp-international,0
tcp-intl-chk1,mcq-lesson,TCP,tcp-international,n,M-tcp-international,0
tcp-intl-01,mcq-practice,TCP,tcp-international,n,M-tcp-international,0
tcp-intl-02,mcq-practice,TCP,tcp-international,n,M-tcp-international,0
tcp-intl-03,mcq-practice,TCP,tcp-international,n,M-tcp-international,0
tcp-intl-04,mcq-practice,TCP,tcp-international,n,M-tcp-international,0
tcp-intl-05,mcq-practice,TCP,tcp-international,n,M-tcp-international,0
tcp-intl-06,mcq-practice,TCP,tcp-international,n,M-tcp-international,0
tcp-intl-07,mcq-practice,TCP,tcp-international,n,M-tcp-international,0
tcp-intl-08,mcq-practice,TCP,tcp-international,n,M-tcp-international,0
tcp-intl-09,mcq-practice,TCP,tcp-international,n,M-tcp-international,0
tcp-intl-10,mcq-practice,TCP,tcp-international,n,M-tcp-international,0
tcp-intl-11,mcq-practice,TCP,tcp-international,n,M-tcp-international,0
tcp-intl-12,mcq-practice,TCP,tcp-international,n,M-tcp-international,0
tcp-intl-13,mcq-practice,TCP,tcp-international,n,M-tcp-international,0
tcp-intl-14,mcq-practice,TCP,tcp-international,n,M-tcp-international,0
tcp-intl-15,mcq-practice,TCP,tcp-international,n,M-tcp-international,0
tcp-intl-16,mcq-practice,TCP,tcp-international,n,M-tcp-international,0
tcp-intl-17,mcq-practice,TCP,tcp-international,n,M-tcp-international,0
tcp-intl-18,mcq-practice,TCP,tcp-international,n,M-tcp-international,0
tcp-intl-19,mcq-practice,TCP,tcp-international,n,M-tcp-international,0
tcp-intl-20,mcq-practice,TCP,tcp-international,n,M-tcp-international,0
tcp-intl-21,mcq-practice,TCP,tcp-international,n,M-tcp-international,0
tcp-intl-22,mcq-practice,TCP,tcp-international,n,M-tcp-international,0
tcp-intl-23,mcq-practice,TCP,tcp-international,n,M-tcp-international,0
tcp-intl-24,mcq-practice,TCP,tcp-international,n,M-tcp-international,0
tcp-intl-25,mcq-practice,TCP,tcp-international,n,M-tcp-international,0
tcp-intl-26,mcq-practice,TCP,tcp-international,n,M-tcp-international,0
tcp-intl-27,mcq-practice,TCP,tcp-international,n,M-tcp-international,0
tcp-intl-28,mcq-practice,TCP,tcp-international,n,M-tcp-international,0
tcp-intl-29,mcq-practice,TCP,tcp-international,n,M-tcp-international,0
tcp-intl-30,mcq-practice,TCP,tcp-international,n,M-tcp-international,0
tcp-intl-31,mcq-practice,TCP,tcp-international,n,M-tcp-international,0
tcp-intl-32,mcq-practice,TCP,tcp-international,n,M-tcp-international,0
tcp-intl-33,mcq-practice,TCP,tcp-international,n,M-tcp-international,0
tcp-intl-34,mcq-practice,TCP,tcp-international,n,M-tcp-international,0
tcp-intl-35,mcq-practice,TCP,tcp-international,n,M-tcp-international,0
tcp-intl-36,mcq-practice,TCP,tcp-international,n,M-tcp-international,0
tcp-intl-37,mcq-practice,TCP,tcp-international,n,M-tcp-international,0
tcp-intl-38,mcq-practice,TCP,tcp-international,n,M-tcp-international,0
tcp-intl-39,mcq-practice,TCP,tcp-international,n,M-tcp-international,0
tcp-intl-40,mcq-practice,TCP,tcp-international,n,M-tcp-international,0
tcp-intl-41,mcq-practice,TCP,tcp-international,n,M-tcp-international,0
tcp-intl-42,mcq-practice,TCP,tcp-international,n,M-tcp-international,0
tcp-intl-43,mcq-practice,TCP,tcp-international,n,M-tcp-international,0
tcp-intl-44,mcq-practice,TCP,tcp-international,n,M-tcp-international,0
tcp-intl-45,mcq-practice,TCP,tcp-international,n,M-tcp-international,0
tcp-intl-46,mcq-practice,TCP,tcp-international,n,M-tcp-international,0
tcp-intl-47,mcq-practice,TCP,tcp-international,n,M-tcp-international,0
tcp-intl-48,mcq-practice,TCP,tcp-international,n,M-tcp-international,0
tcp-x2-29,mcq-exam,TCP,tcp-international,n,M-tcp-international,0
tcp-x2-38,mcq-exam,TCP,tcp-international,n,M-tcp-international,0
tcp-intl-f1,flashcard,TCP,tcp-international,n,M-tcp-international,0
tcp-intl-f2,flashcard,TCP,tcp-international,n,M-tcp-international,0
tcp-intl-f3,flashcard,TCP,tcp-international,n,M-tcp-international,0
tcp-intl-f4,flashcard,TCP,tcp-international,n,M-tcp-international,0
tcp-intl-f5,flashcard,TCP,tcp-international,n,M-tcp-international,0
tcp-intl-f6,flashcard,TCP,tcp-international,n,M-tcp-international,0
tcp-tbs-r3-ftc,tbs-practice,TCP,tcp-international,n,M-tcp-international,0
tcp-multistate,lesson,TCP,tcp-multistate,n,M-tcp-multistate,0
tcp-ms-pre1,mcq-lesson,TCP,tcp-multistate,n,M-tcp-multistate,0
tcp-ms-chk1,mcq-lesson,TCP,tcp-multistate,n,M-tcp-multistate,0
tcp-ms-chk2,mcq-lesson,TCP,tcp-multistate,n,M-tcp-multistate,0
tcp-ms-01,mcq-practice,TCP,tcp-multistate,n,M-tcp-multistate,0
tcp-ms-02,mcq-practice,TCP,tcp-multistate,n,M-tcp-multistate,0
tcp-ms-03,mcq-practice,TCP,tcp-multistate,n,M-tcp-multistate,0
tcp-ms-04,mcq-practice,TCP,tcp-multistate,n,M-tcp-multistate,0
tcp-ms-05,mcq-practice,TCP,tcp-multistate,n,M-tcp-multistate,0
tcp-ms-06,mcq-practice,TCP,tcp-multistate,n,M-tcp-multistate,0
tcp-ms-07,mcq-practice,TCP,tcp-multistate,n,M-tcp-multistate,0
tcp-ms-08,mcq-practice,TCP,tcp-multistate,n,M-tcp-multistate,0
tcp-ms-09,mcq-practice,TCP,tcp-multistate,n,M-tcp-multistate,0
tcp-ms-10,mcq-practice,TCP,tcp-multistate,n,M-tcp-multistate,0
tcp-ms-11,mcq-practice,TCP,tcp-multistate,n,M-tcp-multistate,0
tcp-ms-12,mcq-practice,TCP,tcp-multistate,n,M-tcp-multistate,0
tcp-ms-13,mcq-practice,TCP,tcp-multistate,n,M-tcp-multistate,0
tcp-ms-14,mcq-practice,TCP,tcp-multistate,n,M-tcp-multistate,0
tcp-ms-15,mcq-practice,TCP,tcp-multistate,n,M-tcp-multistate,0
tcp-ms-16,mcq-practice,TCP,tcp-multistate,n,M-tcp-multistate,0
tcp-ms-17,mcq-practice,TCP,tcp-multistate,n,M-tcp-multistate,0
tcp-ms-18,mcq-practice,TCP,tcp-multistate,n,M-tcp-multistate,0
tcp-ms-19,mcq-practice,TCP,tcp-multistate,n,M-tcp-multistate,0
tcp-ms-20,mcq-practice,TCP,tcp-multistate,n,M-tcp-multistate,0
tcp-ms-21,mcq-practice,TCP,tcp-multistate,n,M-tcp-multistate,0
tcp-ms-22,mcq-practice,TCP,tcp-multistate,n,M-tcp-multistate,0
tcp-ms-23,mcq-practice,TCP,tcp-multistate,n,M-tcp-multistate,0
tcp-ms-24,mcq-practice,TCP,tcp-multistate,n,M-tcp-multistate,0
tcp-ms-25,mcq-practice,TCP,tcp-multistate,n,M-tcp-multistate,0
tcp-ms-26,mcq-practice,TCP,tcp-multistate,n,M-tcp-multistate,0
tcp-ms-27,mcq-practice,TCP,tcp-multistate,n,M-tcp-multistate,0
tcp-ms-28,mcq-practice,TCP,tcp-multistate,n,M-tcp-multistate,0
tcp-ms-29,mcq-practice,TCP,tcp-multistate,n,M-tcp-multistate,0
tcp-ms-30,mcq-practice,TCP,tcp-multistate,n,M-tcp-multistate,0
tcp-ms-31,mcq-practice,TCP,tcp-multistate,n,M-tcp-multistate,0
tcp-ms-32,mcq-practice,TCP,tcp-multistate,n,M-tcp-multistate,0
tcp-ms-33,mcq-practice,TCP,tcp-multistate,n,M-tcp-multistate,0
tcp-ms-34,mcq-practice,TCP,tcp-multistate,n,M-tcp-multistate,0
tcp-ms-35,mcq-practice,TCP,tcp-multistate,n,M-tcp-multistate,0
tcp-ms-36,mcq-practice,TCP,tcp-multistate,n,M-tcp-multistate,0
tcp-ms-37,mcq-practice,TCP,tcp-multistate,n,M-tcp-multistate,0
tcp-ms-38,mcq-practice,TCP,tcp-multistate,n,M-tcp-multistate,0
tcp-ms-39,mcq-practice,TCP,tcp-multistate,n,M-tcp-multistate,0
tcp-ms-40,mcq-practice,TCP,tcp-multistate,n,M-tcp-multistate,0
tcp-ms-41,mcq-practice,TCP,tcp-multistate,n,M-tcp-multistate,0
tcp-ms-42,mcq-practice,TCP,tcp-multistate,n,M-tcp-multistate,0
tcp-ms-43,mcq-practice,TCP,tcp-multistate,n,M-tcp-multistate,0
tcp-ms-44,mcq-practice,TCP,tcp-multistate,n,M-tcp-multistate,0
tcp-ms-45,mcq-practice,TCP,tcp-multistate,n,M-tcp-multistate,0
tcp-ms-46,mcq-practice,TCP,tcp-multistate,n,M-tcp-multistate,0
tcp-ms-47,mcq-practice,TCP,tcp-multistate,n,M-tcp-multistate,0
tcp-x3-08,mcq-exam,TCP,tcp-multistate,n,M-tcp-multistate,0
tcp-x3-09,mcq-exam,TCP,tcp-multistate,n,M-tcp-multistate,0
tcp-x3-10,mcq-exam,TCP,tcp-multistate,n,M-tcp-multistate,0
tcp-x3-15,mcq-exam,TCP,tcp-multistate,n,M-tcp-multistate,0
tcp-x3-20,mcq-exam,TCP,tcp-multistate,n,M-tcp-multistate,0
tcp-ms-f1,flashcard,TCP,tcp-multistate,n,M-tcp-multistate,0
tcp-ms-f2,flashcard,TCP,tcp-multistate,n,M-tcp-multistate,0
tcp-ms-f3,flashcard,TCP,tcp-multistate,n,M-tcp-multistate,0
tcp-ms-f4,flashcard,TCP,tcp-multistate,n,M-tcp-multistate,0
tcp-ms-f5,flashcard,TCP,tcp-multistate,n,M-tcp-multistate,0
tcp-ms-f6,flashcard,TCP,tcp-multistate,n,M-tcp-multistate,0
tcp-ms-f7,flashcard,TCP,tcp-multistate,n,M-tcp-multistate,0
tcp-tbs-u6-multistate-liquidation,tbs-practice,TCP,tcp-multistate,n,M-tcp-multistate,0
tcp-partnership-distributions,lesson,TCP,tcp-partnership-distributions,n,M-tcp-partnership-distributions,0
tcp-pd-pre1,mcq-lesson,TCP,tcp-partnership-distributions,n,M-tcp-partnership-distributions,0
tcp-pd-chk1,mcq-lesson,TCP,tcp-partnership-distributions,n,M-tcp-partnership-distributions,0
tcp-pd-chk2,mcq-lesson,TCP,tcp-partnership-distributions,n,M-tcp-partnership-distributions,0
tcp-pd-01,mcq-practice,TCP,tcp-partnership-distributions,n,M-tcp-partnership-distributions,0
tcp-pd-02,mcq-practice,TCP,tcp-partnership-distributions,n,M-tcp-partnership-distributions,0
tcp-pd-03,mcq-practice,TCP,tcp-partnership-distributions,n,M-tcp-partnership-distributions,0
tcp-pd-04,mcq-practice,TCP,tcp-partnership-distributions,n,M-tcp-partnership-distributions,0
tcp-pd-05,mcq-practice,TCP,tcp-partnership-distributions,n,M-tcp-partnership-distributions,0
tcp-pd-06,mcq-practice,TCP,tcp-partnership-distributions,n,M-tcp-partnership-distributions,0
tcp-pd-07,mcq-practice,TCP,tcp-partnership-distributions,n,M-tcp-partnership-distributions,0
tcp-pd-08,mcq-practice,TCP,tcp-partnership-distributions,n,M-tcp-partnership-distributions,0
tcp-pd-09,mcq-practice,TCP,tcp-partnership-distributions,n,M-tcp-partnership-distributions,0
tcp-pd-10,mcq-practice,TCP,tcp-partnership-distributions,n,M-tcp-partnership-distributions,0
tcp-pd-11,mcq-practice,TCP,tcp-partnership-distributions,n,M-tcp-partnership-distributions,0
tcp-pd-12,mcq-practice,TCP,tcp-partnership-distributions,n,M-tcp-partnership-distributions,0
tcp-pd-13,mcq-practice,TCP,tcp-partnership-distributions,n,M-tcp-partnership-distributions,0
tcp-pd-14,mcq-practice,TCP,tcp-partnership-distributions,n,M-tcp-partnership-distributions,0
tcp-pd-15,mcq-practice,TCP,tcp-partnership-distributions,n,M-tcp-partnership-distributions,0
tcp-pd-16,mcq-practice,TCP,tcp-partnership-distributions,n,M-tcp-partnership-distributions,0
tcp-pd-17,mcq-practice,TCP,tcp-partnership-distributions,n,M-tcp-partnership-distributions,0
tcp-pd-18,mcq-practice,TCP,tcp-partnership-distributions,n,M-tcp-partnership-distributions,0
tcp-pd-19,mcq-practice,TCP,tcp-partnership-distributions,n,M-tcp-partnership-distributions,0
tcp-pd-20,mcq-practice,TCP,tcp-partnership-distributions,n,M-tcp-partnership-distributions,0
tcp-pd-21,mcq-practice,TCP,tcp-partnership-distributions,n,M-tcp-partnership-distributions,0
tcp-pd-22,mcq-practice,TCP,tcp-partnership-distributions,n,M-tcp-partnership-distributions,0
tcp-pd-23,mcq-practice,TCP,tcp-partnership-distributions,n,M-tcp-partnership-distributions,0
tcp-pd-24,mcq-practice,TCP,tcp-partnership-distributions,n,M-tcp-partnership-distributions,0
tcp-pd-25,mcq-practice,TCP,tcp-partnership-distributions,n,M-tcp-partnership-distributions,0
tcp-pd-26,mcq-practice,TCP,tcp-partnership-distributions,n,M-tcp-partnership-distributions,0
tcp-pd-27,mcq-practice,TCP,tcp-partnership-distributions,n,M-tcp-partnership-distributions,0
tcp-pd-28,mcq-practice,TCP,tcp-partnership-distributions,n,M-tcp-partnership-distributions,0
tcp-pd-29,mcq-practice,TCP,tcp-partnership-distributions,n,M-tcp-partnership-distributions,0
tcp-pd-30,mcq-practice,TCP,tcp-partnership-distributions,n,M-tcp-partnership-distributions,0
tcp-pd-31,mcq-practice,TCP,tcp-partnership-distributions,n,M-tcp-partnership-distributions,0
tcp-pd-32,mcq-practice,TCP,tcp-partnership-distributions,n,M-tcp-partnership-distributions,0
tcp-pd-33,mcq-practice,TCP,tcp-partnership-distributions,n,M-tcp-partnership-distributions,0
tcp-pd-34,mcq-practice,TCP,tcp-partnership-distributions,n,M-tcp-partnership-distributions,0
tcp-pd-35,mcq-practice,TCP,tcp-partnership-distributions,n,M-tcp-partnership-distributions,0
tcp-pd-36,mcq-practice,TCP,tcp-partnership-distributions,n,M-tcp-partnership-distributions,0
tcp-pd-37,mcq-practice,TCP,tcp-partnership-distributions,n,M-tcp-partnership-distributions,0
tcp-pd-38,mcq-practice,TCP,tcp-partnership-distributions,n,M-tcp-partnership-distributions,0
tcp-pd-39,mcq-practice,TCP,tcp-partnership-distributions,n,M-tcp-partnership-distributions,0
tcp-pd-40,mcq-practice,TCP,tcp-partnership-distributions,n,M-tcp-partnership-distributions,0
tcp-pd-41,mcq-practice,TCP,tcp-partnership-distributions,n,M-tcp-partnership-distributions,0
tcp-pd-42,mcq-practice,TCP,tcp-partnership-distributions,n,M-tcp-partnership-distributions,0
tcp-pd-43,mcq-practice,TCP,tcp-partnership-distributions,n,M-tcp-partnership-distributions,0
tcp-pd-44,mcq-practice,TCP,tcp-partnership-distributions,n,M-tcp-partnership-distributions,0
tcp-x2-11,mcq-exam,TCP,tcp-partnership-distributions,n,M-tcp-partnership-distributions,0
tcp-x2-12,mcq-exam,TCP,tcp-partnership-distributions,n,M-tcp-partnership-distributions,0
tcp-x2-13,mcq-exam,TCP,tcp-partnership-distributions,n,M-tcp-partnership-distributions,0
reg-x5-14,mcq-exam,TCP,tcp-partnership-distributions,n,M-tcp-partnership-distributions,0
tcp-x2-33,mcq-exam,TCP,tcp-partnership-distributions,n,M-tcp-partnership-distributions,0
tcp-x2-40,mcq-exam,TCP,tcp-partnership-distributions,n,M-tcp-partnership-distributions,0
tcp-x2-41,mcq-exam,TCP,tcp-partnership-distributions,n,M-tcp-partnership-distributions,0
tcp-pd-f1,flashcard,TCP,tcp-partnership-distributions,n,M-tcp-partnership-distributions,0
tcp-pd-f2,flashcard,TCP,tcp-partnership-distributions,n,M-tcp-partnership-distributions,0
tcp-pd-f3,flashcard,TCP,tcp-partnership-distributions,n,M-tcp-partnership-distributions,0
tcp-pd-f4,flashcard,TCP,tcp-partnership-distributions,n,M-tcp-partnership-distributions,0
tcp-pd-f5,flashcard,TCP,tcp-partnership-distributions,n,M-tcp-partnership-distributions,0
tcp-pd-f6,flashcard,TCP,tcp-partnership-distributions,n,M-tcp-partnership-distributions,0
tcp-pd-f7,flashcard,TCP,tcp-partnership-distributions,n,M-tcp-partnership-distributions,0
tcp-tbs-r3-distributions,tbs-practice,TCP,tcp-partnership-distributions,n,M-tcp-partnership-distributions,0
tcp-tbs-r3-sale-interest,tbs-practice,TCP,tcp-partnership-distributions,n,M-tcp-partnership-distributions,0
tcp-tbs-u4-distributions-sale,tbs-practice,TCP,tcp-partnership-distributions,n,M-tcp-partnership-distributions,0
tcp-partnership-formation,lesson,TCP,tcp-partnership-formation,n,M-tcp-partnership-formation,0
tcp-pf-pre1,mcq-lesson,TCP,tcp-partnership-formation,n,M-tcp-partnership-formation,0
tcp-pf-chk1,mcq-lesson,TCP,tcp-partnership-formation,n,M-tcp-partnership-formation,0
tcp-pf-chk2,mcq-lesson,TCP,tcp-partnership-formation,n,M-tcp-partnership-formation,0
tcp-pf-01,mcq-practice,TCP,tcp-partnership-formation,n,M-tcp-partnership-formation,0
tcp-pf-02,mcq-practice,TCP,tcp-partnership-formation,n,M-tcp-partnership-formation,0
tcp-pf-03,mcq-practice,TCP,tcp-partnership-formation,n,M-tcp-partnership-formation,0
tcp-pf-04,mcq-practice,TCP,tcp-partnership-formation,n,M-tcp-partnership-formation,0
tcp-pf-05,mcq-practice,TCP,tcp-partnership-formation,n,M-tcp-partnership-formation,0
tcp-pf-06,mcq-practice,TCP,tcp-partnership-formation,n,M-tcp-partnership-formation,0
tcp-pf-07,mcq-practice,TCP,tcp-partnership-formation,n,M-tcp-partnership-formation,0
tcp-pf-08,mcq-practice,TCP,tcp-partnership-formation,n,M-tcp-partnership-formation,0
tcp-pf-09,mcq-practice,TCP,tcp-partnership-formation,n,M-tcp-partnership-formation,0
tcp-pf-10,mcq-practice,TCP,tcp-partnership-formation,n,M-tcp-partnership-formation,0
tcp-pf-11,mcq-practice,TCP,tcp-partnership-formation,n,M-tcp-partnership-formation,0
tcp-pf-12,mcq-practice,TCP,tcp-partnership-formation,n,M-tcp-partnership-formation,0
tcp-pf-13,mcq-practice,TCP,tcp-partnership-formation,n,M-tcp-partnership-formation,0
tcp-pf-14,mcq-practice,TCP,tcp-partnership-formation,n,M-tcp-partnership-formation,0
tcp-pf-15,mcq-practice,TCP,tcp-partnership-formation,n,M-tcp-partnership-formation,0
tcp-pf-16,mcq-practice,TCP,tcp-partnership-formation,n,M-tcp-partnership-formation,0
tcp-pf-17,mcq-practice,TCP,tcp-partnership-formation,n,M-tcp-partnership-formation,0
tcp-pf-18,mcq-practice,TCP,tcp-partnership-formation,n,M-tcp-partnership-formation,0
tcp-pf-19,mcq-practice,TCP,tcp-partnership-formation,n,M-tcp-partnership-formation,0
tcp-pf-20,mcq-practice,TCP,tcp-partnership-formation,n,M-tcp-partnership-formation,0
tcp-pf-21,mcq-practice,TCP,tcp-partnership-formation,n,M-tcp-partnership-formation,0
tcp-pf-22,mcq-practice,TCP,tcp-partnership-formation,n,M-tcp-partnership-formation,0
tcp-pf-23,mcq-practice,TCP,tcp-partnership-formation,n,M-tcp-partnership-formation,0
tcp-pf-24,mcq-practice,TCP,tcp-partnership-formation,n,M-tcp-partnership-formation,0
tcp-pf-25,mcq-practice,TCP,tcp-partnership-formation,n,M-tcp-partnership-formation,0
tcp-pf-26,mcq-practice,TCP,tcp-partnership-formation,n,M-tcp-partnership-formation,0
tcp-pf-27,mcq-practice,TCP,tcp-partnership-formation,n,M-tcp-partnership-formation,0
tcp-pf-28,mcq-practice,TCP,tcp-partnership-formation,n,M-tcp-partnership-formation,0
tcp-pf-29,mcq-practice,TCP,tcp-partnership-formation,n,M-tcp-partnership-formation,0
tcp-pf-30,mcq-practice,TCP,tcp-partnership-formation,n,M-tcp-partnership-formation,0
tcp-pf-31,mcq-practice,TCP,tcp-partnership-formation,n,M-tcp-partnership-formation,0
tcp-pf-32,mcq-practice,TCP,tcp-partnership-formation,n,M-tcp-partnership-formation,0
tcp-pf-33,mcq-practice,TCP,tcp-partnership-formation,n,M-tcp-partnership-formation,0
tcp-pf-34,mcq-practice,TCP,tcp-partnership-formation,n,M-tcp-partnership-formation,0
tcp-pf-35,mcq-practice,TCP,tcp-partnership-formation,n,M-tcp-partnership-formation,0
tcp-pf-36,mcq-practice,TCP,tcp-partnership-formation,n,M-tcp-partnership-formation,0
tcp-pf-37,mcq-practice,TCP,tcp-partnership-formation,n,M-tcp-partnership-formation,0
tcp-pf-38,mcq-practice,TCP,tcp-partnership-formation,n,M-tcp-partnership-formation,0
tcp-pf-39,mcq-practice,TCP,tcp-partnership-formation,n,M-tcp-partnership-formation,0
tcp-pf-40,mcq-practice,TCP,tcp-partnership-formation,n,M-tcp-partnership-formation,0
tcp-pf-41,mcq-practice,TCP,tcp-partnership-formation,n,M-tcp-partnership-formation,0
tcp-pf-42,mcq-practice,TCP,tcp-partnership-formation,n,M-tcp-partnership-formation,0
tcp-pf-43,mcq-practice,TCP,tcp-partnership-formation,n,M-tcp-partnership-formation,0
tcp-pf-44,mcq-practice,TCP,tcp-partnership-formation,n,M-tcp-partnership-formation,0
tcp-x2-06,mcq-exam,TCP,tcp-partnership-formation,n,M-tcp-partnership-formation,0
tcp-x2-07,mcq-exam,TCP,tcp-partnership-formation,n,M-tcp-partnership-formation,0
tcp-x2-30,mcq-exam,TCP,tcp-partnership-formation,n,M-tcp-partnership-formation,0
tcp-x2-31,mcq-exam,TCP,tcp-partnership-formation,n,M-tcp-partnership-formation,0
tcp-pf-f1,flashcard,TCP,tcp-partnership-formation,n,M-tcp-partnership-formation,0
tcp-pf-f2,flashcard,TCP,tcp-partnership-formation,n,M-tcp-partnership-formation,0
tcp-pf-f3,flashcard,TCP,tcp-partnership-formation,n,M-tcp-partnership-formation,0
tcp-pf-f4,flashcard,TCP,tcp-partnership-formation,n,M-tcp-partnership-formation,0
tcp-pf-f5,flashcard,TCP,tcp-partnership-formation,n,M-tcp-partnership-formation,0
tcp-pf-f6,flashcard,TCP,tcp-partnership-formation,n,M-tcp-partnership-formation,0
tcp-pf-f7,flashcard,TCP,tcp-partnership-formation,n,M-tcp-partnership-formation,0
tcp-pf-f8,flashcard,TCP,tcp-partnership-formation,n,M-tcp-partnership-formation,0
tcp-tbs-r3-formation,tbs-practice,TCP,tcp-partnership-formation,n,M-tcp-partnership-formation,0
tcp-tbs-u4-partner-basis-review,tbs-practice,TCP,tcp-partnership-formation,n,M-tcp-partnership-formation,0
tcp-tbs-x2-partnership,tbs-exam,TCP,tcp-partnership-formation,n,M-tcp-partnership-formation,0
tcp-partnership-operations,lesson,TCP,tcp-partnership-operations,n,M-tcp-partnership-operations,0
tcp-po-pre1,mcq-lesson,TCP,tcp-partnership-operations,n,M-tcp-partnership-operations,0
tcp-po-chk1,mcq-lesson,TCP,tcp-partnership-operations,n,M-tcp-partnership-operations,0
tcp-po-chk2,mcq-lesson,TCP,tcp-partnership-operations,n,M-tcp-partnership-operations,0
tcp-po-01,mcq-practice,TCP,tcp-partnership-operations,n,M-tcp-partnership-operations,0
tcp-po-02,mcq-practice,TCP,tcp-partnership-operations,n,M-tcp-partnership-operations,0
tcp-po-03,mcq-practice,TCP,tcp-partnership-operations,n,M-tcp-partnership-operations,0
tcp-po-04,mcq-practice,TCP,tcp-partnership-operations,n,M-tcp-partnership-operations,0
tcp-po-05,mcq-practice,TCP,tcp-partnership-operations,n,M-tcp-partnership-operations,0
tcp-po-06,mcq-practice,TCP,tcp-partnership-operations,n,M-tcp-partnership-operations,0
tcp-po-07,mcq-practice,TCP,tcp-partnership-operations,n,M-tcp-partnership-operations,0
tcp-po-08,mcq-practice,TCP,tcp-partnership-operations,n,M-tcp-partnership-operations,0
tcp-po-09,mcq-practice,TCP,tcp-partnership-operations,n,M-tcp-partnership-operations,0
tcp-po-10,mcq-practice,TCP,tcp-partnership-operations,n,M-tcp-partnership-operations,0
tcp-po-11,mcq-practice,TCP,tcp-partnership-operations,n,M-tcp-partnership-operations,0
tcp-po-12,mcq-practice,TCP,tcp-partnership-operations,n,M-tcp-partnership-operations,0
tcp-po-13,mcq-practice,TCP,tcp-partnership-operations,n,M-tcp-partnership-operations,0
tcp-po-14,mcq-practice,TCP,tcp-partnership-operations,n,M-tcp-partnership-operations,0
tcp-po-15,mcq-practice,TCP,tcp-partnership-operations,n,M-tcp-partnership-operations,0
tcp-po-16,mcq-practice,TCP,tcp-partnership-operations,n,M-tcp-partnership-operations,0
tcp-po-17,mcq-practice,TCP,tcp-partnership-operations,n,M-tcp-partnership-operations,0
tcp-po-18,mcq-practice,TCP,tcp-partnership-operations,n,M-tcp-partnership-operations,0
tcp-po-19,mcq-practice,TCP,tcp-partnership-operations,n,M-tcp-partnership-operations,0
tcp-po-20,mcq-practice,TCP,tcp-partnership-operations,n,M-tcp-partnership-operations,0
tcp-po-21,mcq-practice,TCP,tcp-partnership-operations,n,M-tcp-partnership-operations,0
tcp-po-22,mcq-practice,TCP,tcp-partnership-operations,n,M-tcp-partnership-operations,0
tcp-po-23,mcq-practice,TCP,tcp-partnership-operations,n,M-tcp-partnership-operations,0
tcp-po-24,mcq-practice,TCP,tcp-partnership-operations,n,M-tcp-partnership-operations,0
tcp-po-25,mcq-practice,TCP,tcp-partnership-operations,n,M-tcp-partnership-operations,0
tcp-po-26,mcq-practice,TCP,tcp-partnership-operations,n,M-tcp-partnership-operations,0
tcp-po-27,mcq-practice,TCP,tcp-partnership-operations,n,M-tcp-partnership-operations,0
tcp-po-28,mcq-practice,TCP,tcp-partnership-operations,n,M-tcp-partnership-operations,0
tcp-po-29,mcq-practice,TCP,tcp-partnership-operations,n,M-tcp-partnership-operations,0
tcp-po-30,mcq-practice,TCP,tcp-partnership-operations,n,M-tcp-partnership-operations,0
tcp-po-31,mcq-practice,TCP,tcp-partnership-operations,n,M-tcp-partnership-operations,0
tcp-po-32,mcq-practice,TCP,tcp-partnership-operations,n,M-tcp-partnership-operations,0
tcp-po-33,mcq-practice,TCP,tcp-partnership-operations,n,M-tcp-partnership-operations,0
tcp-po-34,mcq-practice,TCP,tcp-partnership-operations,n,M-tcp-partnership-operations,0
tcp-po-35,mcq-practice,TCP,tcp-partnership-operations,n,M-tcp-partnership-operations,0
tcp-po-36,mcq-practice,TCP,tcp-partnership-operations,n,M-tcp-partnership-operations,0
tcp-po-37,mcq-practice,TCP,tcp-partnership-operations,n,M-tcp-partnership-operations,0
tcp-po-38,mcq-practice,TCP,tcp-partnership-operations,n,M-tcp-partnership-operations,0
tcp-po-39,mcq-practice,TCP,tcp-partnership-operations,n,M-tcp-partnership-operations,0
tcp-po-40,mcq-practice,TCP,tcp-partnership-operations,n,M-tcp-partnership-operations,0
tcp-po-41,mcq-practice,TCP,tcp-partnership-operations,n,M-tcp-partnership-operations,0
tcp-po-42,mcq-practice,TCP,tcp-partnership-operations,n,M-tcp-partnership-operations,0
tcp-po-43,mcq-practice,TCP,tcp-partnership-operations,n,M-tcp-partnership-operations,0
tcp-po-44,mcq-practice,TCP,tcp-partnership-operations,n,M-tcp-partnership-operations,0
tcp-po-45,mcq-practice,TCP,tcp-partnership-operations,n,M-tcp-partnership-operations,0
tcp-po-46,mcq-practice,TCP,tcp-partnership-operations,n,M-tcp-partnership-operations,0
tcp-x2-08,mcq-exam,TCP,tcp-partnership-operations,n,M-tcp-partnership-operations,0
tcp-x2-09,mcq-exam,TCP,tcp-partnership-operations,n,M-tcp-partnership-operations,0
tcp-x2-10,mcq-exam,TCP,tcp-partnership-operations,n,M-tcp-partnership-operations,0
tcp-x2-32,mcq-exam,TCP,tcp-partnership-operations,n,M-tcp-partnership-operations,0
tcp-x2-39,mcq-exam,TCP,tcp-partnership-operations,n,M-tcp-partnership-operations,0
tcp-po-f1,flashcard,TCP,tcp-partnership-operations,n,M-tcp-partnership-operations,0
tcp-po-f2,flashcard,TCP,tcp-partnership-operations,n,M-tcp-partnership-operations,0
tcp-po-f3,flashcard,TCP,tcp-partnership-operations,n,M-tcp-partnership-operations,0
tcp-po-f4,flashcard,TCP,tcp-partnership-operations,n,M-tcp-partnership-operations,0
tcp-po-f5,flashcard,TCP,tcp-partnership-operations,n,M-tcp-partnership-operations,0
tcp-po-f6,flashcard,TCP,tcp-partnership-operations,n,M-tcp-partnership-operations,0
tcp-po-f7,flashcard,TCP,tcp-partnership-operations,n,M-tcp-partnership-operations,0
tcp-tbs-r3-k1-allocation,tbs-practice,TCP,tcp-partnership-operations,n,M-tcp-partnership-operations,0
tcp-tbs-u4-k1,tbs-practice,TCP,tcp-partnership-operations,n,M-tcp-partnership-operations,0
tcp-passive-rental,lesson,TCP,tcp-passive-rental,n,M-tcp-passive-rental,0
tcp-pa-pre1,mcq-lesson,TCP,tcp-passive-rental,n,M-tcp-passive-rental,0
tcp-pa-chk1,mcq-lesson,TCP,tcp-passive-rental,n,M-tcp-passive-rental,0
tcp-pa-chk2,mcq-lesson,TCP,tcp-passive-rental,n,M-tcp-passive-rental,0
tcp-pa-01,mcq-practice,TCP,tcp-passive-rental,n,M-tcp-passive-rental,0
tcp-pa-02,mcq-practice,TCP,tcp-passive-rental,n,M-tcp-passive-rental,0
tcp-pa-03,mcq-practice,TCP,tcp-passive-rental,n,M-tcp-passive-rental,0
tcp-pa-04,mcq-practice,TCP,tcp-passive-rental,n,M-tcp-passive-rental,0
tcp-pa-05,mcq-practice,TCP,tcp-passive-rental,n,M-tcp-passive-rental,0
tcp-pa-06,mcq-practice,TCP,tcp-passive-rental,n,M-tcp-passive-rental,0
tcp-pa-07,mcq-practice,TCP,tcp-passive-rental,n,M-tcp-passive-rental,0
tcp-pa-08,mcq-practice,TCP,tcp-passive-rental,n,M-tcp-passive-rental,0
tcp-pa-09,mcq-practice,TCP,tcp-passive-rental,n,M-tcp-passive-rental,0
tcp-pa-10,mcq-practice,TCP,tcp-passive-rental,n,M-tcp-passive-rental,0
tcp-pa-11,mcq-practice,TCP,tcp-passive-rental,n,M-tcp-passive-rental,0
tcp-pa-12,mcq-practice,TCP,tcp-passive-rental,n,M-tcp-passive-rental,0
tcp-pa-13,mcq-practice,TCP,tcp-passive-rental,n,M-tcp-passive-rental,0
tcp-pa-14,mcq-practice,TCP,tcp-passive-rental,n,M-tcp-passive-rental,0
tcp-pa-15,mcq-practice,TCP,tcp-passive-rental,n,M-tcp-passive-rental,0
tcp-pa-16,mcq-practice,TCP,tcp-passive-rental,n,M-tcp-passive-rental,0
tcp-pa-17,mcq-practice,TCP,tcp-passive-rental,n,M-tcp-passive-rental,0
tcp-pa-18,mcq-practice,TCP,tcp-passive-rental,n,M-tcp-passive-rental,0
tcp-pa-19,mcq-practice,TCP,tcp-passive-rental,n,M-tcp-passive-rental,0
tcp-pa-20,mcq-practice,TCP,tcp-passive-rental,n,M-tcp-passive-rental,0
tcp-pa-21,mcq-practice,TCP,tcp-passive-rental,n,M-tcp-passive-rental,0
tcp-pa-22,mcq-practice,TCP,tcp-passive-rental,n,M-tcp-passive-rental,0
tcp-pa-23,mcq-practice,TCP,tcp-passive-rental,n,M-tcp-passive-rental,0
tcp-pa-24,mcq-practice,TCP,tcp-passive-rental,n,M-tcp-passive-rental,0
tcp-pa-25,mcq-practice,TCP,tcp-passive-rental,n,M-tcp-passive-rental,0
tcp-pa-26,mcq-practice,TCP,tcp-passive-rental,n,M-tcp-passive-rental,0
tcp-pa-27,mcq-practice,TCP,tcp-passive-rental,n,M-tcp-passive-rental,0
tcp-pa-28,mcq-practice,TCP,tcp-passive-rental,n,M-tcp-passive-rental,0
tcp-pa-29,mcq-practice,TCP,tcp-passive-rental,n,M-tcp-passive-rental,0
tcp-pa-30,mcq-practice,TCP,tcp-passive-rental,n,M-tcp-passive-rental,0
tcp-pa-31,mcq-practice,TCP,tcp-passive-rental,n,M-tcp-passive-rental,0
tcp-pa-32,mcq-practice,TCP,tcp-passive-rental,n,M-tcp-passive-rental,0
tcp-pa-33,mcq-practice,TCP,tcp-passive-rental,n,M-tcp-passive-rental,0
tcp-pa-34,mcq-practice,TCP,tcp-passive-rental,n,M-tcp-passive-rental,0
tcp-pa-35,mcq-practice,TCP,tcp-passive-rental,n,M-tcp-passive-rental,0
tcp-pa-36,mcq-practice,TCP,tcp-passive-rental,n,M-tcp-passive-rental,0
tcp-pa-37,mcq-practice,TCP,tcp-passive-rental,n,M-tcp-passive-rental,0
tcp-pa-38,mcq-practice,TCP,tcp-passive-rental,n,M-tcp-passive-rental,0
tcp-pa-39,mcq-practice,TCP,tcp-passive-rental,n,M-tcp-passive-rental,0
tcp-pa-40,mcq-practice,TCP,tcp-passive-rental,n,M-tcp-passive-rental,0
tcp-pa-41,mcq-practice,TCP,tcp-passive-rental,n,M-tcp-passive-rental,0
tcp-pa-42,mcq-practice,TCP,tcp-passive-rental,n,M-tcp-passive-rental,0
tcp-pa-43,mcq-practice,TCP,tcp-passive-rental,n,M-tcp-passive-rental,0
tcp-pa-44,mcq-practice,TCP,tcp-passive-rental,n,M-tcp-passive-rental,0
tcp-x1-09,mcq-exam,TCP,tcp-passive-rental,n,M-tcp-passive-rental,0
tcp-x1-10,mcq-exam,TCP,tcp-passive-rental,n,M-tcp-passive-rental,0
tcp-x1-11,mcq-exam,TCP,tcp-passive-rental,n,M-tcp-passive-rental,0
tcp-x1-12,mcq-exam,TCP,tcp-passive-rental,n,M-tcp-passive-rental,0
tcp-x1-23,mcq-exam,TCP,tcp-passive-rental,n,M-tcp-passive-rental,0
reg-x4-09,mcq-exam,TCP,tcp-passive-rental,n,M-tcp-passive-rental,0
tcp-x1-31,mcq-exam,TCP,tcp-passive-rental,n,M-tcp-passive-rental,0
tcp-x1-32,mcq-exam,TCP,tcp-passive-rental,n,M-tcp-passive-rental,0
tcp-x1-40,mcq-exam,TCP,tcp-passive-rental,n,M-tcp-passive-rental,0
tcp-x1-41,mcq-exam,TCP,tcp-passive-rental,n,M-tcp-passive-rental,0
tcp-pa-f1,flashcard,TCP,tcp-passive-rental,n,M-tcp-passive-rental,0
tcp-pa-f2,flashcard,TCP,tcp-passive-rental,n,M-tcp-passive-rental,0
tcp-pa-f3,flashcard,TCP,tcp-passive-rental,n,M-tcp-passive-rental,0
tcp-pa-f4,flashcard,TCP,tcp-passive-rental,n,M-tcp-passive-rental,0
tcp-pa-f5,flashcard,TCP,tcp-passive-rental,n,M-tcp-passive-rental,0
tcp-pa-f6,flashcard,TCP,tcp-passive-rental,n,M-tcp-passive-rental,0
tcp-pa-f7,flashcard,TCP,tcp-passive-rental,n,M-tcp-passive-rental,0
tcp-tbs-r3-passive,tbs-practice,TCP,tcp-passive-rental,n,M-tcp-passive-rental,0
tcp-tbs-u1-passive-options,tbs-practice,TCP,tcp-passive-rental,n,M-tcp-passive-rental,0
tcp-tbs-x1-passive-amt,tbs-exam,TCP,tcp-passive-rental,n,M-tcp-passive-rental,0
tcp-retirement-education,lesson,TCP,tcp-retirement-education,n,M-tcp-retirement-education,0
tcp-re-pre1,mcq-lesson,TCP,tcp-retirement-education,n,M-tcp-retirement-education,0
tcp-re-chk1,mcq-lesson,TCP,tcp-retirement-education,n,M-tcp-retirement-education,0
tcp-re-chk2,mcq-lesson,TCP,tcp-retirement-education,n,M-tcp-retirement-education,0
tcp-re-01,mcq-practice,TCP,tcp-retirement-education,n,M-tcp-retirement-education,0
tcp-re-02,mcq-practice,TCP,tcp-retirement-education,n,M-tcp-retirement-education,0
tcp-re-03,mcq-practice,TCP,tcp-retirement-education,n,M-tcp-retirement-education,0
tcp-re-04,mcq-practice,TCP,tcp-retirement-education,n,M-tcp-retirement-education,0
tcp-re-05,mcq-practice,TCP,tcp-retirement-education,n,M-tcp-retirement-education,0
tcp-re-06,mcq-practice,TCP,tcp-retirement-education,n,M-tcp-retirement-education,0
tcp-re-07,mcq-practice,TCP,tcp-retirement-education,n,M-tcp-retirement-education,0
tcp-re-08,mcq-practice,TCP,tcp-retirement-education,n,M-tcp-retirement-education,0
tcp-re-09,mcq-practice,TCP,tcp-retirement-education,n,M-tcp-retirement-education,0
tcp-re-10,mcq-practice,TCP,tcp-retirement-education,n,M-tcp-retirement-education,0
tcp-re-11,mcq-practice,TCP,tcp-retirement-education,n,M-tcp-retirement-education,0
tcp-re-12,mcq-practice,TCP,tcp-retirement-education,n,M-tcp-retirement-education,0
tcp-re-13,mcq-practice,TCP,tcp-retirement-education,n,M-tcp-retirement-education,0
tcp-re-14,mcq-practice,TCP,tcp-retirement-education,n,M-tcp-retirement-education,0
tcp-re-15,mcq-practice,TCP,tcp-retirement-education,n,M-tcp-retirement-education,0
tcp-re-16,mcq-practice,TCP,tcp-retirement-education,n,M-tcp-retirement-education,0
tcp-re-17,mcq-practice,TCP,tcp-retirement-education,n,M-tcp-retirement-education,0
tcp-re-18,mcq-practice,TCP,tcp-retirement-education,n,M-tcp-retirement-education,0
tcp-re-19,mcq-practice,TCP,tcp-retirement-education,n,M-tcp-retirement-education,0
tcp-re-20,mcq-practice,TCP,tcp-retirement-education,n,M-tcp-retirement-education,0
tcp-re-21,mcq-practice,TCP,tcp-retirement-education,n,M-tcp-retirement-education,0
tcp-re-22,mcq-practice,TCP,tcp-retirement-education,n,M-tcp-retirement-education,0
tcp-re-23,mcq-practice,TCP,tcp-retirement-education,n,M-tcp-retirement-education,0
tcp-re-24,mcq-practice,TCP,tcp-retirement-education,n,M-tcp-retirement-education,0
tcp-re-25,mcq-practice,TCP,tcp-retirement-education,n,M-tcp-retirement-education,0
tcp-re-26,mcq-practice,TCP,tcp-retirement-education,n,M-tcp-retirement-education,0
tcp-re-27,mcq-practice,TCP,tcp-retirement-education,n,M-tcp-retirement-education,0
tcp-re-28,mcq-practice,TCP,tcp-retirement-education,n,M-tcp-retirement-education,0
tcp-re-29,mcq-practice,TCP,tcp-retirement-education,n,M-tcp-retirement-education,0
tcp-re-30,mcq-practice,TCP,tcp-retirement-education,n,M-tcp-retirement-education,0
tcp-re-31,mcq-practice,TCP,tcp-retirement-education,n,M-tcp-retirement-education,0
tcp-re-32,mcq-practice,TCP,tcp-retirement-education,n,M-tcp-retirement-education,0
tcp-re-33,mcq-practice,TCP,tcp-retirement-education,n,M-tcp-retirement-education,0
tcp-re-34,mcq-practice,TCP,tcp-retirement-education,n,M-tcp-retirement-education,0
tcp-re-35,mcq-practice,TCP,tcp-retirement-education,n,M-tcp-retirement-education,0
tcp-re-36,mcq-practice,TCP,tcp-retirement-education,n,M-tcp-retirement-education,0
tcp-re-37,mcq-practice,TCP,tcp-retirement-education,n,M-tcp-retirement-education,0
tcp-re-38,mcq-practice,TCP,tcp-retirement-education,n,M-tcp-retirement-education,0
tcp-re-39,mcq-practice,TCP,tcp-retirement-education,n,M-tcp-retirement-education,0
tcp-re-40,mcq-practice,TCP,tcp-retirement-education,n,M-tcp-retirement-education,0
tcp-re-41,mcq-practice,TCP,tcp-retirement-education,n,M-tcp-retirement-education,0
tcp-re-42,mcq-practice,TCP,tcp-retirement-education,n,M-tcp-retirement-education,0
tcp-re-43,mcq-practice,TCP,tcp-retirement-education,n,M-tcp-retirement-education,0
tcp-re-44,mcq-practice,TCP,tcp-retirement-education,n,M-tcp-retirement-education,0
tcp-re-45,mcq-practice,TCP,tcp-retirement-education,n,M-tcp-retirement-education,0
tcp-x1-17,mcq-exam,TCP,tcp-retirement-education,n,M-tcp-retirement-education,0
tcp-x1-18,mcq-exam,TCP,tcp-retirement-education,n,M-tcp-retirement-education,0
tcp-x1-19,mcq-exam,TCP,tcp-retirement-education,n,M-tcp-retirement-education,0
tcp-x1-20,mcq-exam,TCP,tcp-retirement-education,n,M-tcp-retirement-education,0
tcp-x1-21,mcq-exam,TCP,tcp-retirement-education,n,M-tcp-retirement-education,0
tcp-x1-34,mcq-exam,TCP,tcp-retirement-education,n,M-tcp-retirement-education,0
tcp-x1-44,mcq-exam,TCP,tcp-retirement-education,n,M-tcp-retirement-education,0
tcp-x1-45,mcq-exam,TCP,tcp-retirement-education,n,M-tcp-retirement-education,0
tcp-re-f1,flashcard,TCP,tcp-retirement-education,n,M-tcp-retirement-education,0
tcp-re-f2,flashcard,TCP,tcp-retirement-education,n,M-tcp-retirement-education,0
tcp-re-f3,flashcard,TCP,tcp-retirement-education,n,M-tcp-retirement-education,0
tcp-re-f4,flashcard,TCP,tcp-retirement-education,n,M-tcp-retirement-education,0
tcp-re-f5,flashcard,TCP,tcp-retirement-education,n,M-tcp-retirement-education,0
tcp-re-f6,flashcard,TCP,tcp-retirement-education,n,M-tcp-retirement-education,0
tcp-re-f7,flashcard,TCP,tcp-retirement-education,n,M-tcp-retirement-education,0
tcp-re-f8,flashcard,TCP,tcp-retirement-education,n,M-tcp-retirement-education,0
tcp-tbs-r3-rmd,tbs-practice,TCP,tcp-retirement-education,n,M-tcp-retirement-education,0
tcp-tbs-r3-roth-ordering,tbs-practice,TCP,tcp-retirement-education,n,M-tcp-retirement-education,0
tcp-tbs-u2-retirement-education,tbs-practice,TCP,tcp-retirement-education,n,M-tcp-retirement-education,0
tcp-s-corp-compliance,lesson,TCP,tcp-s-corp-compliance,n,M-tcp-s-corp-compliance,0
tcp-sc2-pre1,mcq-lesson,TCP,tcp-s-corp-compliance,n,M-tcp-s-corp-compliance,0
tcp-sc2-chk1,mcq-lesson,TCP,tcp-s-corp-compliance,n,M-tcp-s-corp-compliance,0
tcp-sc2-chk2,mcq-lesson,TCP,tcp-s-corp-compliance,n,M-tcp-s-corp-compliance,0
tcp-sc2-01,mcq-practice,TCP,tcp-s-corp-compliance,n,M-tcp-s-corp-compliance,0
tcp-sc2-02,mcq-practice,TCP,tcp-s-corp-compliance,n,M-tcp-s-corp-compliance,0
tcp-sc2-03,mcq-practice,TCP,tcp-s-corp-compliance,n,M-tcp-s-corp-compliance,0
tcp-sc2-04,mcq-practice,TCP,tcp-s-corp-compliance,n,M-tcp-s-corp-compliance,0
tcp-sc2-05,mcq-practice,TCP,tcp-s-corp-compliance,n,M-tcp-s-corp-compliance,0
tcp-sc2-06,mcq-practice,TCP,tcp-s-corp-compliance,n,M-tcp-s-corp-compliance,0
tcp-sc2-07,mcq-practice,TCP,tcp-s-corp-compliance,n,M-tcp-s-corp-compliance,0
tcp-sc2-08,mcq-practice,TCP,tcp-s-corp-compliance,n,M-tcp-s-corp-compliance,0
tcp-sc2-09,mcq-practice,TCP,tcp-s-corp-compliance,n,M-tcp-s-corp-compliance,0
tcp-sc2-10,mcq-practice,TCP,tcp-s-corp-compliance,n,M-tcp-s-corp-compliance,0
tcp-sc2-11,mcq-practice,TCP,tcp-s-corp-compliance,n,M-tcp-s-corp-compliance,0
tcp-sc2-12,mcq-practice,TCP,tcp-s-corp-compliance,n,M-tcp-s-corp-compliance,0
tcp-sc2-13,mcq-practice,TCP,tcp-s-corp-compliance,n,M-tcp-s-corp-compliance,0
tcp-sc2-14,mcq-practice,TCP,tcp-s-corp-compliance,n,M-tcp-s-corp-compliance,0
tcp-sc2-15,mcq-practice,TCP,tcp-s-corp-compliance,n,M-tcp-s-corp-compliance,0
tcp-sc2-16,mcq-practice,TCP,tcp-s-corp-compliance,n,M-tcp-s-corp-compliance,0
tcp-sc2-17,mcq-practice,TCP,tcp-s-corp-compliance,n,M-tcp-s-corp-compliance,0
tcp-sc2-18,mcq-practice,TCP,tcp-s-corp-compliance,n,M-tcp-s-corp-compliance,0
tcp-sc2-19,mcq-practice,TCP,tcp-s-corp-compliance,n,M-tcp-s-corp-compliance,0
tcp-sc2-20,mcq-practice,TCP,tcp-s-corp-compliance,n,M-tcp-s-corp-compliance,0
tcp-sc2-21,mcq-practice,TCP,tcp-s-corp-compliance,n,M-tcp-s-corp-compliance,0
tcp-sc2-22,mcq-practice,TCP,tcp-s-corp-compliance,n,M-tcp-s-corp-compliance,0
tcp-sc2-23,mcq-practice,TCP,tcp-s-corp-compliance,n,M-tcp-s-corp-compliance,0
tcp-sc2-24,mcq-practice,TCP,tcp-s-corp-compliance,n,M-tcp-s-corp-compliance,0
tcp-sc2-25,mcq-practice,TCP,tcp-s-corp-compliance,n,M-tcp-s-corp-compliance,0
tcp-sc2-26,mcq-practice,TCP,tcp-s-corp-compliance,n,M-tcp-s-corp-compliance,0
tcp-sc2-27,mcq-practice,TCP,tcp-s-corp-compliance,n,M-tcp-s-corp-compliance,0
tcp-sc2-28,mcq-practice,TCP,tcp-s-corp-compliance,n,M-tcp-s-corp-compliance,0
tcp-sc2-29,mcq-practice,TCP,tcp-s-corp-compliance,n,M-tcp-s-corp-compliance,0
tcp-sc2-30,mcq-practice,TCP,tcp-s-corp-compliance,n,M-tcp-s-corp-compliance,0
tcp-sc2-31,mcq-practice,TCP,tcp-s-corp-compliance,n,M-tcp-s-corp-compliance,0
tcp-sc2-32,mcq-practice,TCP,tcp-s-corp-compliance,n,M-tcp-s-corp-compliance,0
tcp-sc2-33,mcq-practice,TCP,tcp-s-corp-compliance,n,M-tcp-s-corp-compliance,0
tcp-sc2-34,mcq-practice,TCP,tcp-s-corp-compliance,n,M-tcp-s-corp-compliance,0
tcp-sc2-35,mcq-practice,TCP,tcp-s-corp-compliance,n,M-tcp-s-corp-compliance,0
tcp-sc2-36,mcq-practice,TCP,tcp-s-corp-compliance,n,M-tcp-s-corp-compliance,0
tcp-sc2-37,mcq-practice,TCP,tcp-s-corp-compliance,n,M-tcp-s-corp-compliance,0
tcp-sc2-38,mcq-practice,TCP,tcp-s-corp-compliance,n,M-tcp-s-corp-compliance,0
tcp-sc2-39,mcq-practice,TCP,tcp-s-corp-compliance,n,M-tcp-s-corp-compliance,0
tcp-sc2-40,mcq-practice,TCP,tcp-s-corp-compliance,n,M-tcp-s-corp-compliance,0
tcp-sc2-41,mcq-practice,TCP,tcp-s-corp-compliance,n,M-tcp-s-corp-compliance,0
tcp-sc2-42,mcq-practice,TCP,tcp-s-corp-compliance,n,M-tcp-s-corp-compliance,0
tcp-sc2-43,mcq-practice,TCP,tcp-s-corp-compliance,n,M-tcp-s-corp-compliance,0
tcp-sc2-44,mcq-practice,TCP,tcp-s-corp-compliance,n,M-tcp-s-corp-compliance,0
tcp-x2-14,mcq-exam,TCP,tcp-s-corp-compliance,n,M-tcp-s-corp-compliance,0
tcp-x2-15,mcq-exam,TCP,tcp-s-corp-compliance,n,M-tcp-s-corp-compliance,0
tcp-x2-16,mcq-exam,TCP,tcp-s-corp-compliance,n,M-tcp-s-corp-compliance,0
tcp-x2-17,mcq-exam,TCP,tcp-s-corp-compliance,n,M-tcp-s-corp-compliance,0
tcp-x2-34,mcq-exam,TCP,tcp-s-corp-compliance,n,M-tcp-s-corp-compliance,0
tcp-x2-42,mcq-exam,TCP,tcp-s-corp-compliance,n,M-tcp-s-corp-compliance,0
tcp-sc2-f1,flashcard,TCP,tcp-s-corp-compliance,n,M-tcp-s-corp-compliance,0
tcp-sc2-f2,flashcard,TCP,tcp-s-corp-compliance,n,M-tcp-s-corp-compliance,0
tcp-sc2-f3,flashcard,TCP,tcp-s-corp-compliance,n,M-tcp-s-corp-compliance,0
tcp-sc2-f4,flashcard,TCP,tcp-s-corp-compliance,n,M-tcp-s-corp-compliance,0
tcp-sc2-f5,flashcard,TCP,tcp-s-corp-compliance,n,M-tcp-s-corp-compliance,0
tcp-sc2-f6,flashcard,TCP,tcp-s-corp-compliance,n,M-tcp-s-corp-compliance,0
tcp-sc2-f7,flashcard,TCP,tcp-s-corp-compliance,n,M-tcp-s-corp-compliance,0
tcp-tbs-u5-aep-election,tbs-practice,TCP,tcp-s-corp-compliance,n,M-tcp-s-corp-compliance,0
tcp-tbs-u5-s-basis-review,tbs-practice,TCP,tcp-s-corp-compliance,n,M-tcp-s-corp-compliance,0
tcp-tbs-u5-s-corp,tbs-practice,TCP,tcp-s-corp-compliance,n,M-tcp-s-corp-compliance,0
tcp-tbs-x2-research,tbs-exam,TCP,tcp-s-corp-compliance,n,M-tcp-s-corp-compliance,0
tcp-tbs-x2-s-corp-aaa,tbs-exam,TCP,tcp-s-corp-compliance,n,M-tcp-s-corp-compliance,0
tcp-stock-compensation,lesson,TCP,tcp-stock-compensation,n,M-tcp-stock-compensation,0
tcp-sc-pre1,mcq-lesson,TCP,tcp-stock-compensation,n,M-tcp-stock-compensation,0
tcp-sc-chk1,mcq-lesson,TCP,tcp-stock-compensation,n,M-tcp-stock-compensation,0
tcp-sc-chk2,mcq-lesson,TCP,tcp-stock-compensation,n,M-tcp-stock-compensation,0
tcp-sc-01,mcq-practice,TCP,tcp-stock-compensation,n,M-tcp-stock-compensation,0
tcp-sc-02,mcq-practice,TCP,tcp-stock-compensation,n,M-tcp-stock-compensation,0
tcp-sc-03,mcq-practice,TCP,tcp-stock-compensation,n,M-tcp-stock-compensation,0
tcp-sc-04,mcq-practice,TCP,tcp-stock-compensation,n,M-tcp-stock-compensation,0
tcp-sc-05,mcq-practice,TCP,tcp-stock-compensation,n,M-tcp-stock-compensation,0
tcp-sc-06,mcq-practice,TCP,tcp-stock-compensation,n,M-tcp-stock-compensation,0
tcp-sc-07,mcq-practice,TCP,tcp-stock-compensation,n,M-tcp-stock-compensation,0
tcp-sc-08,mcq-practice,TCP,tcp-stock-compensation,n,M-tcp-stock-compensation,0
tcp-sc-09,mcq-practice,TCP,tcp-stock-compensation,n,M-tcp-stock-compensation,0
tcp-sc-10,mcq-practice,TCP,tcp-stock-compensation,n,M-tcp-stock-compensation,0
tcp-sc-11,mcq-practice,TCP,tcp-stock-compensation,n,M-tcp-stock-compensation,0
tcp-sc-12,mcq-practice,TCP,tcp-stock-compensation,n,M-tcp-stock-compensation,0
tcp-sc-13,mcq-practice,TCP,tcp-stock-compensation,n,M-tcp-stock-compensation,0
tcp-sc-14,mcq-practice,TCP,tcp-stock-compensation,n,M-tcp-stock-compensation,0
tcp-sc-15,mcq-practice,TCP,tcp-stock-compensation,n,M-tcp-stock-compensation,0
tcp-sc-16,mcq-practice,TCP,tcp-stock-compensation,n,M-tcp-stock-compensation,0
tcp-sc-17,mcq-practice,TCP,tcp-stock-compensation,n,M-tcp-stock-compensation,0
tcp-sc-18,mcq-practice,TCP,tcp-stock-compensation,n,M-tcp-stock-compensation,0
tcp-sc-19,mcq-practice,TCP,tcp-stock-compensation,n,M-tcp-stock-compensation,0
tcp-sc-20,mcq-practice,TCP,tcp-stock-compensation,n,M-tcp-stock-compensation,0
tcp-sc-21,mcq-practice,TCP,tcp-stock-compensation,n,M-tcp-stock-compensation,0
tcp-sc-22,mcq-practice,TCP,tcp-stock-compensation,n,M-tcp-stock-compensation,0
tcp-sc-23,mcq-practice,TCP,tcp-stock-compensation,n,M-tcp-stock-compensation,0
tcp-sc-24,mcq-practice,TCP,tcp-stock-compensation,n,M-tcp-stock-compensation,0
tcp-sc-25,mcq-practice,TCP,tcp-stock-compensation,n,M-tcp-stock-compensation,0
tcp-sc-26,mcq-practice,TCP,tcp-stock-compensation,n,M-tcp-stock-compensation,0
tcp-sc-27,mcq-practice,TCP,tcp-stock-compensation,n,M-tcp-stock-compensation,0
tcp-sc-28,mcq-practice,TCP,tcp-stock-compensation,n,M-tcp-stock-compensation,0
tcp-sc-29,mcq-practice,TCP,tcp-stock-compensation,n,M-tcp-stock-compensation,0
tcp-sc-30,mcq-practice,TCP,tcp-stock-compensation,n,M-tcp-stock-compensation,0
tcp-sc-31,mcq-practice,TCP,tcp-stock-compensation,n,M-tcp-stock-compensation,0
tcp-sc-32,mcq-practice,TCP,tcp-stock-compensation,n,M-tcp-stock-compensation,0
tcp-sc-33,mcq-practice,TCP,tcp-stock-compensation,n,M-tcp-stock-compensation,0
tcp-sc-34,mcq-practice,TCP,tcp-stock-compensation,n,M-tcp-stock-compensation,0
tcp-sc-35,mcq-practice,TCP,tcp-stock-compensation,n,M-tcp-stock-compensation,0
tcp-sc-36,mcq-practice,TCP,tcp-stock-compensation,n,M-tcp-stock-compensation,0
tcp-sc-37,mcq-practice,TCP,tcp-stock-compensation,n,M-tcp-stock-compensation,0
tcp-sc-38,mcq-practice,TCP,tcp-stock-compensation,n,M-tcp-stock-compensation,0
tcp-sc-39,mcq-practice,TCP,tcp-stock-compensation,n,M-tcp-stock-compensation,0
tcp-sc-40,mcq-practice,TCP,tcp-stock-compensation,n,M-tcp-stock-compensation,0
tcp-sc-41,mcq-practice,TCP,tcp-stock-compensation,n,M-tcp-stock-compensation,0
tcp-sc-42,mcq-practice,TCP,tcp-stock-compensation,n,M-tcp-stock-compensation,0
tcp-sc-43,mcq-practice,TCP,tcp-stock-compensation,n,M-tcp-stock-compensation,0
tcp-sc-44,mcq-practice,TCP,tcp-stock-compensation,n,M-tcp-stock-compensation,0
tcp-sc-45,mcq-practice,TCP,tcp-stock-compensation,n,M-tcp-stock-compensation,0
tcp-x1-06,mcq-exam,TCP,tcp-stock-compensation,n,M-tcp-stock-compensation,0
tcp-x1-07,mcq-exam,TCP,tcp-stock-compensation,n,M-tcp-stock-compensation,0
tcp-x1-08,mcq-exam,TCP,tcp-stock-compensation,n,M-tcp-stock-compensation,0
tcp-x1-28,mcq-exam,TCP,tcp-stock-compensation,n,M-tcp-stock-compensation,0
tcp-x1-29,mcq-exam,TCP,tcp-stock-compensation,n,M-tcp-stock-compensation,0
tcp-x1-30,mcq-exam,TCP,tcp-stock-compensation,n,M-tcp-stock-compensation,0
tcp-x1-38,mcq-exam,TCP,tcp-stock-compensation,n,M-tcp-stock-compensation,0
tcp-x1-39,mcq-exam,TCP,tcp-stock-compensation,n,M-tcp-stock-compensation,0
tcp-sc-f1,flashcard,TCP,tcp-stock-compensation,n,M-tcp-stock-compensation,0
tcp-sc-f2,flashcard,TCP,tcp-stock-compensation,n,M-tcp-stock-compensation,0
tcp-sc-f3,flashcard,TCP,tcp-stock-compensation,n,M-tcp-stock-compensation,0
tcp-sc-f4,flashcard,TCP,tcp-stock-compensation,n,M-tcp-stock-compensation,0
tcp-sc-f5,flashcard,TCP,tcp-stock-compensation,n,M-tcp-stock-compensation,0
tcp-sc-f6,flashcard,TCP,tcp-stock-compensation,n,M-tcp-stock-compensation,0
tcp-sc-f7,flashcard,TCP,tcp-stock-compensation,n,M-tcp-stock-compensation,0
tcp-tbs-r3-equity-comp,tbs-practice,TCP,tcp-stock-compensation,n,M-tcp-stock-compensation,0
tcp-tbs-x1-stock-comp,tbs-exam,TCP,tcp-stock-compensation,n,M-tcp-stock-compensation,0
tcp-trusts-estates,lesson,TCP,tcp-trusts-estates,n,M-tcp-trusts-estates,0
tcp-te-pre1,mcq-lesson,TCP,tcp-trusts-estates,n,M-tcp-trusts-estates,0
tcp-te-chk1,mcq-lesson,TCP,tcp-trusts-estates,n,M-tcp-trusts-estates,0
tcp-te-chk2,mcq-lesson,TCP,tcp-trusts-estates,n,M-tcp-trusts-estates,0
tcp-te-01,mcq-practice,TCP,tcp-trusts-estates,n,M-tcp-trusts-estates,0
tcp-te-02,mcq-practice,TCP,tcp-trusts-estates,n,M-tcp-trusts-estates,0
tcp-te-03,mcq-practice,TCP,tcp-trusts-estates,n,M-tcp-trusts-estates,0
tcp-te-04,mcq-practice,TCP,tcp-trusts-estates,n,M-tcp-trusts-estates,0
tcp-te-05,mcq-practice,TCP,tcp-trusts-estates,n,M-tcp-trusts-estates,0
tcp-te-06,mcq-practice,TCP,tcp-trusts-estates,n,M-tcp-trusts-estates,0
tcp-te-07,mcq-practice,TCP,tcp-trusts-estates,n,M-tcp-trusts-estates,0
tcp-te-08,mcq-practice,TCP,tcp-trusts-estates,n,M-tcp-trusts-estates,0
tcp-te-09,mcq-practice,TCP,tcp-trusts-estates,n,M-tcp-trusts-estates,0
tcp-te-10,mcq-practice,TCP,tcp-trusts-estates,n,M-tcp-trusts-estates,0
tcp-te-11,mcq-practice,TCP,tcp-trusts-estates,n,M-tcp-trusts-estates,0
tcp-te-12,mcq-practice,TCP,tcp-trusts-estates,n,M-tcp-trusts-estates,0
tcp-te-13,mcq-practice,TCP,tcp-trusts-estates,n,M-tcp-trusts-estates,0
tcp-te-14,mcq-practice,TCP,tcp-trusts-estates,n,M-tcp-trusts-estates,0
tcp-te-15,mcq-practice,TCP,tcp-trusts-estates,n,M-tcp-trusts-estates,0
tcp-te-16,mcq-practice,TCP,tcp-trusts-estates,n,M-tcp-trusts-estates,0
tcp-te-17,mcq-practice,TCP,tcp-trusts-estates,n,M-tcp-trusts-estates,0
tcp-te-18,mcq-practice,TCP,tcp-trusts-estates,n,M-tcp-trusts-estates,0
tcp-te-19,mcq-practice,TCP,tcp-trusts-estates,n,M-tcp-trusts-estates,0
tcp-te-20,mcq-practice,TCP,tcp-trusts-estates,n,M-tcp-trusts-estates,0
tcp-te-21,mcq-practice,TCP,tcp-trusts-estates,n,M-tcp-trusts-estates,0
tcp-te-22,mcq-practice,TCP,tcp-trusts-estates,n,M-tcp-trusts-estates,0
tcp-te-23,mcq-practice,TCP,tcp-trusts-estates,n,M-tcp-trusts-estates,0
tcp-te-24,mcq-practice,TCP,tcp-trusts-estates,n,M-tcp-trusts-estates,0
tcp-te-25,mcq-practice,TCP,tcp-trusts-estates,n,M-tcp-trusts-estates,0
tcp-te-26,mcq-practice,TCP,tcp-trusts-estates,n,M-tcp-trusts-estates,0
tcp-te-27,mcq-practice,TCP,tcp-trusts-estates,n,M-tcp-trusts-estates,0
tcp-te-28,mcq-practice,TCP,tcp-trusts-estates,n,M-tcp-trusts-estates,0
tcp-te-29,mcq-practice,TCP,tcp-trusts-estates,n,M-tcp-trusts-estates,0
tcp-te-30,mcq-practice,TCP,tcp-trusts-estates,n,M-tcp-trusts-estates,0
tcp-te-31,mcq-practice,TCP,tcp-trusts-estates,n,M-tcp-trusts-estates,0
tcp-te-32,mcq-practice,TCP,tcp-trusts-estates,n,M-tcp-trusts-estates,0
tcp-te-33,mcq-practice,TCP,tcp-trusts-estates,n,M-tcp-trusts-estates,0
tcp-te-34,mcq-practice,TCP,tcp-trusts-estates,n,M-tcp-trusts-estates,0
tcp-te-35,mcq-practice,TCP,tcp-trusts-estates,n,M-tcp-trusts-estates,0
tcp-te-36,mcq-practice,TCP,tcp-trusts-estates,n,M-tcp-trusts-estates,0
tcp-te-37,mcq-practice,TCP,tcp-trusts-estates,n,M-tcp-trusts-estates,0
tcp-te-38,mcq-practice,TCP,tcp-trusts-estates,n,M-tcp-trusts-estates,0
tcp-te-39,mcq-practice,TCP,tcp-trusts-estates,n,M-tcp-trusts-estates,0
tcp-te-40,mcq-practice,TCP,tcp-trusts-estates,n,M-tcp-trusts-estates,0
tcp-te-41,mcq-practice,TCP,tcp-trusts-estates,n,M-tcp-trusts-estates,0
tcp-te-42,mcq-practice,TCP,tcp-trusts-estates,n,M-tcp-trusts-estates,0
tcp-te-43,mcq-practice,TCP,tcp-trusts-estates,n,M-tcp-trusts-estates,0
tcp-te-44,mcq-practice,TCP,tcp-trusts-estates,n,M-tcp-trusts-estates,0
tcp-x2-18,mcq-exam,TCP,tcp-trusts-estates,n,M-tcp-trusts-estates,0
tcp-x2-19,mcq-exam,TCP,tcp-trusts-estates,n,M-tcp-trusts-estates,0
tcp-x2-20,mcq-exam,TCP,tcp-trusts-estates,n,M-tcp-trusts-estates,0
tcp-x2-35,mcq-exam,TCP,tcp-trusts-estates,n,M-tcp-trusts-estates,0
tcp-x2-43,mcq-exam,TCP,tcp-trusts-estates,n,M-tcp-trusts-estates,0
tcp-te-f1,flashcard,TCP,tcp-trusts-estates,n,M-tcp-trusts-estates,0
tcp-te-f2,flashcard,TCP,tcp-trusts-estates,n,M-tcp-trusts-estates,0
tcp-te-f3,flashcard,TCP,tcp-trusts-estates,n,M-tcp-trusts-estates,0
tcp-te-f4,flashcard,TCP,tcp-trusts-estates,n,M-tcp-trusts-estates,0
tcp-te-f5,flashcard,TCP,tcp-trusts-estates,n,M-tcp-trusts-estates,0
tcp-te-f6,flashcard,TCP,tcp-trusts-estates,n,M-tcp-trusts-estates,0
tcp-te-f7,flashcard,TCP,tcp-trusts-estates,n,M-tcp-trusts-estates,0
tcp-tbs-r3-trust-dni,tbs-practice,TCP,tcp-trusts-estates,n,M-tcp-trusts-estates,0
tcp-tbs-u5-trust-exempt,tbs-practice,TCP,tcp-trusts-estates,n,M-tcp-trusts-estates,0
tcp-tbs-x2-trust-dni,tbs-exam,TCP,tcp-trusts-estates,n,M-tcp-trusts-estates,0
aud-mock-1,exam-form,AUD,,n,X-AUD,0
aud-mock-2,exam-form,AUD,,n,X-AUD,0
aud-mock-3,exam-form,AUD,,n,X-AUD,0
far-mock-1,exam-form,FAR,,n,X-FAR,0
far-mock-2,exam-form,FAR,,n,X-FAR,0
far-mock-3,exam-form,FAR,,n,X-FAR,0
reg-mock-1,exam-form,REG,,n,X-REG,0
reg-mock-2,exam-form,REG,,n,X-REG,0
reg-mock-3,exam-form,REG,,n,X-REG,0
tcp-mock-1,exam-form,TCP,,n,X-TCP,0
tcp-mock-2,exam-form,TCP,,n,X-TCP,0
tcp-mock-3,exam-form,TCP,,n,X-TCP,0
